path,scope,collection,field,feeds,reuse_class,bertel_source,transform,mapping_status,review_status,implementation,evidence,notes
Access.Descriptifduplandacces,relation,Access,Descriptifduplandacces,hebergement,feed_specific,object_location.direction,strip_markdown,approved,approved,api.tourinsoft_reunion_regional_documents,field-union.json,Alias selected by profile
Access.ID,relation,Access,ID,hebergement,feed_specific,object_interop_extension,target_identity_roundtrip,pending_crt,pending_crt,public.object_interop_extension,field-union.json,CRT must confirm identifiers required on write
Access.Ordre,relation,Access,Ordre,hebergement,feed_specific,,excluded_auxiliary,excluded,excluded,not_exported,field-union.json,Ordering/pictogram metadata
Access.SyndicObjectId,relation,Access,SyndicObjectId,hebergement,feed_specific,object_interop_extension,target_identity_roundtrip,pending_crt,pending_crt,public.object_interop_extension,field-union.json,CRT must confirm identifiers required on write
Animauxacceptess.Animauxacceptes,relation,Animauxacceptess,Animauxacceptes,hebergement,feed_specific,object_pet_policy,profile_alias,approved,approved,api.tourinsoft_reunion_regional_documents,field-union.json,Canonical pet policy
Animauxacceptess.Complementdinfo,relation,Animauxacceptess,Complementdinfo,hebergement,feed_specific,object_interop_extension.data,profile_scoped_roundtrip,pending_crt,pending_crt,public.object_interop_extension,field-union.json,No approved canonical Bertel mapping yet; preserved without loss when supplied by the CRT connector
Animauxacceptess.Complementdinfo.ThesCode,relation,Animauxacceptess,Complementdinfo.ThesCode,hebergement,feed_specific,object_interop_extension.data,profile_scoped_roundtrip,pending_crt,pending_crt,public.object_interop_extension,field-union.json,No approved canonical Bertel mapping yet; preserved without loss when supplied by the CRT connector
Animauxacceptess.Complementdinfo.ThesID,relation,Animauxacceptess,Complementdinfo.ThesID,hebergement,feed_specific,object_interop_extension,target_identity_roundtrip,pending_crt,pending_crt,public.object_interop_extension,field-union.json,CRT must confirm identifiers required on write
Animauxacceptess.Complementdinfo.ThesLibelle,relation,Animauxacceptess,Complementdinfo.ThesLibelle,hebergement,feed_specific,object_interop_extension.data,profile_scoped_roundtrip,pending_crt,pending_crt,public.object_interop_extension,field-union.json,No approved canonical Bertel mapping yet; preserved without loss when supplied by the CRT connector
Animauxacceptess.Complementdinfo.ThesOrdre,relation,Animauxacceptess,Complementdinfo.ThesOrdre,hebergement,feed_specific,,excluded_auxiliary,excluded,excluded,not_exported,field-union.json,Ordering/pictogram metadata
Animauxacceptess.Complementdinfo.ThesPicto,relation,Animauxacceptess,Complementdinfo.ThesPicto,hebergement,feed_specific,,excluded_auxiliary,excluded,excluded,not_exported,field-union.json,Ordering/pictogram metadata
Animauxacceptess.Complementdinformations,relation,Animauxacceptess,Complementdinformations,hebergement,feed_specific,object_pet_policy,profile_alias,approved,approved,api.tourinsoft_reunion_regional_documents,field-union.json,Canonical pet policy
Animauxacceptess.ID,relation,Animauxacceptess,ID,hebergement,feed_specific,object_interop_extension,target_identity_roundtrip,pending_crt,pending_crt,public.object_interop_extension,field-union.json,CRT must confirm identifiers required on write
Animauxacceptess.Ordre,relation,Animauxacceptess,Ordre,hebergement,feed_specific,,excluded_auxiliary,excluded,excluded,not_exported,field-union.json,Ordering/pictogram metadata
Animauxacceptess.SyndicObjectId,relation,Animauxacceptess,SyndicObjectId,hebergement,feed_specific,object_interop_extension,target_identity_roundtrip,pending_crt,pending_crt,public.object_interop_extension,field-union.json,CRT must confirm identifiers required on write
Animauxs.Animauxacceptes,relation,Animauxs,Animauxacceptes,decouverte|restauration,shared,object_pet_policy,profile_alias,approved,approved,api.tourinsoft_reunion_regional_documents,field-union.json,Canonical pet policy
Animauxs.Complementdinfo,relation,Animauxs,Complementdinfo,restauration,feed_specific,object_interop_extension.data,profile_scoped_roundtrip,pending_crt,pending_crt,public.object_interop_extension,field-union.json,No approved canonical Bertel mapping yet; preserved without loss when supplied by the CRT connector
Animauxs.Complementdinformations,relation,Animauxs,Complementdinformations,decouverte|restauration,shared,object_pet_policy,profile_alias,approved,approved,api.tourinsoft_reunion_regional_documents,field-union.json,Canonical pet policy
Animauxs.ID,relation,Animauxs,ID,decouverte|restauration,shared,object_interop_extension,target_identity_roundtrip,pending_crt,pending_crt,public.object_interop_extension,field-union.json,CRT must confirm identifiers required on write
Animauxs.Ordre,relation,Animauxs,Ordre,decouverte|restauration,shared,,excluded_auxiliary,excluded,excluded,not_exported,field-union.json,Ordering/pictogram metadata
Animauxs.Poidsanimal.ThesCode,relation,Animauxs,Poidsanimal.ThesCode,restauration,feed_specific,object_interop_extension.data,profile_scoped_roundtrip,pending_crt,pending_crt,public.object_interop_extension,field-union.json,No approved canonical Bertel mapping yet; preserved without loss when supplied by the CRT connector
Animauxs.Poidsanimal.ThesID,relation,Animauxs,Poidsanimal.ThesID,restauration,feed_specific,object_interop_extension,target_identity_roundtrip,pending_crt,pending_crt,public.object_interop_extension,field-union.json,CRT must confirm identifiers required on write
Animauxs.Poidsanimal.ThesLibelle,relation,Animauxs,Poidsanimal.ThesLibelle,restauration,feed_specific,object_interop_extension.data,profile_scoped_roundtrip,pending_crt,pending_crt,public.object_interop_extension,field-union.json,No approved canonical Bertel mapping yet; preserved without loss when supplied by the CRT connector
Animauxs.Poidsanimal.ThesOrdre,relation,Animauxs,Poidsanimal.ThesOrdre,restauration,feed_specific,,excluded_auxiliary,excluded,excluded,not_exported,field-union.json,Ordering/pictogram metadata
Animauxs.Poidsanimal.ThesPicto,relation,Animauxs,Poidsanimal.ThesPicto,restauration,feed_specific,,excluded_auxiliary,excluded,excluded,not_exported,field-union.json,Ordering/pictogram metadata
Animauxs.SyndicObjectId,relation,Animauxs,SyndicObjectId,decouverte|restauration,shared,object_interop_extension,target_identity_roundtrip,pending_crt,pending_crt,public.object_interop_extension,field-union.json,CRT must confirm identifiers required on write
Capacitecampings.Capacite,relation,Capacitecampings,Capacite,hebergement,feed_specific,object_capacity,camping_capacity_shape,approved,approved,api.tourinsoft_reunion_regional_documents,field-union.json,Camping only
Capacitecampings.ID,relation,Capacitecampings,ID,hebergement,feed_specific,object_interop_extension,target_identity_roundtrip,pending_crt,pending_crt,public.object_interop_extension,field-union.json,CRT must confirm identifiers required on write
Capacitecampings.Nombredemplacementcamping,relation,Capacitecampings,Nombredemplacementcamping,hebergement,feed_specific,object_interop_extension.data,profile_scoped_roundtrip,pending_crt,pending_crt,public.object_interop_extension,field-union.json,No approved canonical Bertel mapping yet; preserved without loss when supplied by the CRT connector
Capacitecampings.Nombredeproduits,relation,Capacitecampings,Nombredeproduits,hebergement,feed_specific,object_capacity,camping_capacity_shape,approved,approved,api.tourinsoft_reunion_regional_documents,field-union.json,Camping only
Capacitecampings.Ordre,relation,Capacitecampings,Ordre,hebergement,feed_specific,,excluded_auxiliary,excluded,excluded,not_exported,field-union.json,Ordering/pictogram metadata
Capacitecampings.Superficieduterrain,relation,Capacitecampings,Superficieduterrain,hebergement,feed_specific,object_capacity,camping_capacity_shape,approved,approved,api.tourinsoft_reunion_regional_documents,field-union.json,Camping only
Capacitecampings.Surfacecamping,relation,Capacitecampings,Surfacecamping,hebergement,feed_specific,object_interop_extension.data,profile_scoped_roundtrip,pending_crt,pending_crt,public.object_interop_extension,field-union.json,No approved canonical Bertel mapping yet; preserved without loss when supplied by the CRT connector
Capacitecampings.Surfacedelhabitation,relation,Capacitecampings,Surfacedelhabitation,hebergement,feed_specific,object_interop_extension.data,profile_scoped_roundtrip,pending_crt,pending_crt,public.object_interop_extension,field-union.json,No approved canonical Bertel mapping yet; preserved without loss when supplied by the CRT connector
Capacitecampings.SyndicObjectId,relation,Capacitecampings,SyndicObjectId,hebergement,feed_specific,object_interop_extension,target_identity_roundtrip,pending_crt,pending_crt,public.object_interop_extension,field-union.json,CRT must confirm identifiers required on write
Capacites.Capacite,relation,Capacites,Capacite,decouverte|loisir_plein_air,shared,object_capacity | object_act | object_meeting_room,profile_capacity_shape,approved,approved,api.tourinsoft_reunion_regional_documents,field-union.json,Includes dedicated terrace_seats metric
Capacites.Capaciteensalle,relation,Capacites,Capaciteensalle,restauration,feed_specific,object_capacity | object_act | object_meeting_room,profile_capacity_shape,approved,approved,api.tourinsoft_reunion_regional_documents,field-union.json,Includes dedicated terrace_seats metric
Capacites.Capaciteenterrasse,relation,Capacites,Capaciteenterrasse,restauration,feed_specific,object_capacity | object_act | object_meeting_room,profile_capacity_shape,approved,approved,api.tourinsoft_reunion_regional_documents,field-union.json,Includes dedicated terrace_seats metric
Capacites.Capacitetotale,relation,Capacites,Capacitetotale,restauration,feed_specific,object_capacity | object_act | object_meeting_room,profile_capacity_shape,approved,approved,api.tourinsoft_reunion_regional_documents,field-union.json,Includes dedicated terrace_seats metric
Capacites.Capacitetotalenombredepersonnes,relation,Capacites,Capacitetotalenombredepersonnes,hebergement,feed_specific,object_capacity | object_act | object_meeting_room,profile_capacity_shape,approved,approved,api.tourinsoft_reunion_regional_documents,field-union.json,Includes dedicated terrace_seats metric
Capacites.ID,relation,Capacites,ID,decouverte|hebergement|loisir_plein_air|restauration,shared,object_interop_extension,target_identity_roundtrip,pending_crt,pending_crt,public.object_interop_extension,field-union.json,CRT must confirm identifiers required on write
Capacites.Nombredechambresfamiliales,relation,Capacites,Nombredechambresfamiliales,hebergement,feed_specific,object_interop_extension.data,profile_scoped_roundtrip,pending_crt,pending_crt,public.object_interop_extension,field-union.json,No approved canonical Bertel mapping yet; preserved without loss when supplied by the CRT connector
Capacites.Nombredechambrespourpersonneamobilitereduite,relation,Capacites,Nombredechambrespourpersonneamobilitereduite,hebergement,feed_specific,object_interop_extension.data,profile_scoped_roundtrip,pending_crt,pending_crt,public.object_interop_extension,field-union.json,No approved canonical Bertel mapping yet; preserved without loss when supplied by the CRT connector
Capacites.Nombredelits,relation,Capacites,Nombredelits,hebergement,feed_specific,object_capacity | object_act | object_meeting_room,profile_capacity_shape,approved,approved,api.tourinsoft_reunion_regional_documents,field-union.json,Includes dedicated terrace_seats metric
Capacites.Nombretotaldechambres,relation,Capacites,Nombretotaldechambres,hebergement,feed_specific,object_capacity | object_act | object_meeting_room,profile_capacity_shape,approved,approved,api.tourinsoft_reunion_regional_documents,field-union.json,Includes dedicated terrace_seats metric
Capacites.Ordre,relation,Capacites,Ordre,decouverte|hebergement|loisir_plein_air|restauration,shared,,excluded_auxiliary,excluded,excluded,not_exported,field-union.json,Ordering/pictogram metadata
Capacites.Salledereunion,relation,Capacites,Salledereunion,hebergement,feed_specific,object_capacity | object_act | object_meeting_room,profile_capacity_shape,approved,approved,api.tourinsoft_reunion_regional_documents,field-union.json,Includes dedicated terrace_seats metric
Capacites.Superficieduterrain,relation,Capacites,Superficieduterrain,hebergement,feed_specific,object_interop_extension.data,profile_scoped_roundtrip,pending_crt,pending_crt,public.object_interop_extension,field-union.json,No approved canonical Bertel mapping yet; preserved without loss when supplied by the CRT connector
Capacites.Surfacedelhabitation,relation,Capacites,Surfacedelhabitation,hebergement,feed_specific,object_capacity | object_act | object_meeting_room,profile_capacity_shape,approved,approved,api.tourinsoft_reunion_regional_documents,field-union.json,Includes dedicated terrace_seats metric
Capacites.SyndicObjectId,relation,Capacites,SyndicObjectId,decouverte|hebergement|loisir_plein_air|restauration,shared,object_interop_extension,target_identity_roundtrip,pending_crt,pending_crt,public.object_interop_extension,field-union.json,CRT must confirm identifiers required on write
Capacitesallereunions.Capacitedelasalle,relation,Capacitesallereunions,Capacitedelasalle,hebergement,feed_specific,object_interop_extension.data,profile_scoped_roundtrip,pending_crt,pending_crt,public.object_interop_extension,field-union.json,No approved canonical Bertel mapping yet; preserved without loss when supplied by the CRT connector
Capacitesallereunions.Descriptifdelasalle,relation,Capacitesallereunions,Descriptifdelasalle,hebergement,feed_specific,object_interop_extension.data,profile_scoped_roundtrip,pending_crt,pending_crt,public.object_interop_extension,field-union.json,No approved canonical Bertel mapping yet; preserved without loss when supplied by the CRT connector
Capacitesallereunions.ID,relation,Capacitesallereunions,ID,hebergement,feed_specific,object_interop_extension,target_identity_roundtrip,pending_crt,pending_crt,public.object_interop_extension,field-union.json,CRT must confirm identifiers required on write
Capacitesallereunions.Nomdelasalle,relation,Capacitesallereunions,Nomdelasalle,hebergement,feed_specific,object_interop_extension.data,profile_scoped_roundtrip,pending_crt,pending_crt,public.object_interop_extension,field-union.json,No approved canonical Bertel mapping yet; preserved without loss when supplied by the CRT connector
Capacitesallereunions.Ordre,relation,Capacitesallereunions,Ordre,hebergement,feed_specific,,excluded_auxiliary,excluded,excluded,not_exported,field-union.json,Ordering/pictogram metadata
Capacitesallereunions.SyndicObjectId,relation,Capacitesallereunions,SyndicObjectId,hebergement,feed_specific,object_interop_extension,target_identity_roundtrip,pending_crt,pending_crt,public.object_interop_extension,field-union.json,CRT must confirm identifiers required on write
Chaines.Groupe,relation,Chaines,Groupe,decouverte|information_service|loisir_plein_air|restauration|transport,shared,object_interop_extension.data,profile_scoped_roundtrip,pending_crt,pending_crt,public.object_interop_extension,field-union.json,No approved canonical Bertel mapping yet; preserved without loss when supplied by the CRT connector
Chaines.Groupe.ThesCode,relation,Chaines,Groupe.ThesCode,decouverte|information_service|loisir_plein_air|restauration|transport,shared,object_interop_extension.data,profile_scoped_roundtrip,pending_crt,pending_crt,public.object_interop_extension,field-union.json,No approved canonical Bertel mapping yet; preserved without loss when supplied by the CRT connector
Chaines.Groupe.ThesID,relation,Chaines,Groupe.ThesID,decouverte|information_service|loisir_plein_air|restauration|transport,shared,object_interop_extension,target_identity_roundtrip,pending_crt,pending_crt,public.object_interop_extension,field-union.json,CRT must confirm identifiers required on write
Chaines.Groupe.ThesLibelle,relation,Chaines,Groupe.ThesLibelle,decouverte|information_service|loisir_plein_air|restauration|transport,shared,object_interop_extension.data,profile_scoped_roundtrip,pending_crt,pending_crt,public.object_interop_extension,field-union.json,No approved canonical Bertel mapping yet; preserved without loss when supplied by the CRT connector
Chaines.Groupe.ThesOrdre,relation,Chaines,Groupe.ThesOrdre,decouverte|information_service|loisir_plein_air|restauration|transport,shared,,excluded_auxiliary,excluded,excluded,not_exported,field-union.json,Ordering/pictogram metadata
Chaines.Groupe.ThesPicto,relation,Chaines,Groupe.ThesPicto,decouverte|information_service|loisir_plein_air|restauration|transport,shared,,excluded_auxiliary,excluded,excluded,not_exported,field-union.json,Ordering/pictogram metadata
Chaines.ID,relation,Chaines,ID,decouverte|information_service|loisir_plein_air|restauration|transport,shared,object_interop_extension,target_identity_roundtrip,pending_crt,pending_crt,public.object_interop_extension,field-union.json,CRT must confirm identifiers required on write
Chaines.Ordre,relation,Chaines,Ordre,decouverte|information_service|loisir_plein_air|restauration|transport,shared,,excluded_auxiliary,excluded,excluded,not_exported,field-union.json,Ordering/pictogram metadata
Chaines.Reseaux,relation,Chaines,Reseaux,decouverte|information_service|loisir_plein_air|restauration|transport,shared,object_interop_extension.data,profile_scoped_roundtrip,pending_crt,pending_crt,public.object_interop_extension,field-union.json,No approved canonical Bertel mapping yet; preserved without loss when supplied by the CRT connector
Chaines.Reseaux.ThesCode,relation,Chaines,Reseaux.ThesCode,decouverte|information_service|loisir_plein_air|restauration|transport,shared,object_interop_extension.data,profile_scoped_roundtrip,pending_crt,pending_crt,public.object_interop_extension,field-union.json,No approved canonical Bertel mapping yet; preserved without loss when supplied by the CRT connector
Chaines.Reseaux.ThesID,relation,Chaines,Reseaux.ThesID,decouverte|information_service|loisir_plein_air|restauration|transport,shared,object_interop_extension,target_identity_roundtrip,pending_crt,pending_crt,public.object_interop_extension,field-union.json,CRT must confirm identifiers required on write
Chaines.Reseaux.ThesLibelle,relation,Chaines,Reseaux.ThesLibelle,decouverte|information_service|loisir_plein_air|restauration|transport,shared,object_interop_extension.data,profile_scoped_roundtrip,pending_crt,pending_crt,public.object_interop_extension,field-union.json,No approved canonical Bertel mapping yet; preserved without loss when supplied by the CRT connector
Chaines.Reseaux.ThesOrdre,relation,Chaines,Reseaux.ThesOrdre,decouverte|information_service|loisir_plein_air|restauration|transport,shared,,excluded_auxiliary,excluded,excluded,not_exported,field-union.json,Ordering/pictogram metadata
Chaines.Reseaux.ThesPicto,relation,Chaines,Reseaux.ThesPicto,decouverte|information_service|loisir_plein_air|restauration|transport,shared,,excluded_auxiliary,excluded,excluded,not_exported,field-union.json,Ordering/pictogram metadata
Chaines.SyndicObjectId,relation,Chaines,SyndicObjectId,decouverte|information_service|loisir_plein_air|restauration|transport,shared,object_interop_extension,target_identity_roundtrip,pending_crt,pending_crt,public.object_interop_extension,field-union.json,CRT must confirm identifiers required on write
ClassementGitesDeFrances.ID,relation,ClassementGitesDeFrances,ID,hebergement,feed_specific,object_interop_extension,target_identity_roundtrip,pending_crt,pending_crt,public.object_interop_extension,field-union.json,CRT must confirm identifiers required on write
ClassementGitesDeFrances.Ordre,relation,ClassementGitesDeFrances,Ordre,hebergement,feed_specific,,excluded_auxiliary,excluded,excluded,not_exported,field-union.json,Ordering/pictogram metadata
ClassementGitesDeFrances.SyndicObjectId,relation,ClassementGitesDeFrances,SyndicObjectId,hebergement,feed_specific,object_interop_extension,target_identity_roundtrip,pending_crt,pending_crt,public.object_interop_extension,field-union.json,CRT must confirm identifiers required on write
ClassementGitesDeFrances.ThesCode,relation,ClassementGitesDeFrances,ThesCode,hebergement,feed_specific,object_interop_extension.data,profile_scoped_roundtrip,pending_crt,pending_crt,public.object_interop_extension,field-union.json,No approved canonical Bertel mapping yet; preserved without loss when supplied by the CRT connector
ClassementGitesDeFrances.ThesID,relation,ClassementGitesDeFrances,ThesID,hebergement,feed_specific,object_interop_extension,target_identity_roundtrip,pending_crt,pending_crt,public.object_interop_extension,field-union.json,CRT must confirm identifiers required on write
ClassementGitesDeFrances.ThesLibelle,relation,ClassementGitesDeFrances,ThesLibelle,hebergement,feed_specific,object_interop_extension.data,profile_scoped_roundtrip,pending_crt,pending_crt,public.object_interop_extension,field-union.json,No approved canonical Bertel mapping yet; preserved without loss when supplied by the CRT connector
ClassementGitesDeFrances.ThesOrdre,relation,ClassementGitesDeFrances,ThesOrdre,hebergement,feed_specific,,excluded_auxiliary,excluded,excluded,not_exported,field-union.json,Ordering/pictogram metadata
ClassementGitesDeFrances.ThesPicto,relation,ClassementGitesDeFrances,ThesPicto,hebergement,feed_specific,,excluded_auxiliary,excluded,excluded,not_exported,field-union.json,Ordering/pictogram metadata
ClassementsCleVacancess.ID,relation,ClassementsCleVacancess,ID,hebergement,feed_specific,object_interop_extension,target_identity_roundtrip,pending_crt,pending_crt,public.object_interop_extension,field-union.json,CRT must confirm identifiers required on write
ClassementsCleVacancess.Ordre,relation,ClassementsCleVacancess,Ordre,hebergement,feed_specific,,excluded_auxiliary,excluded,excluded,not_exported,field-union.json,Ordering/pictogram metadata
ClassementsCleVacancess.SyndicObjectId,relation,ClassementsCleVacancess,SyndicObjectId,hebergement,feed_specific,object_interop_extension,target_identity_roundtrip,pending_crt,pending_crt,public.object_interop_extension,field-union.json,CRT must confirm identifiers required on write
ClassementsCleVacancess.ThesCode,relation,ClassementsCleVacancess,ThesCode,hebergement,feed_specific,object_interop_extension.data,profile_scoped_roundtrip,pending_crt,pending_crt,public.object_interop_extension,field-union.json,No approved canonical Bertel mapping yet; preserved without loss when supplied by the CRT connector
ClassementsCleVacancess.ThesID,relation,ClassementsCleVacancess,ThesID,hebergement,feed_specific,object_interop_extension,target_identity_roundtrip,pending_crt,pending_crt,public.object_interop_extension,field-union.json,CRT must confirm identifiers required on write
ClassementsCleVacancess.ThesLibelle,relation,ClassementsCleVacancess,ThesLibelle,hebergement,feed_specific,object_interop_extension.data,profile_scoped_roundtrip,pending_crt,pending_crt,public.object_interop_extension,field-union.json,No approved canonical Bertel mapping yet; preserved without loss when supplied by the CRT connector
ClassementsCleVacancess.ThesOrdre,relation,ClassementsCleVacancess,ThesOrdre,hebergement,feed_specific,,excluded_auxiliary,excluded,excluded,not_exported,field-union.json,Ordering/pictogram metadata
ClassementsCleVacancess.ThesPicto,relation,ClassementsCleVacancess,ThesPicto,hebergement,feed_specific,,excluded_auxiliary,excluded,excluded,not_exported,field-union.json,Ordering/pictogram metadata
ClassificationCategories.ID,relation,ClassificationCategories,ID,decouverte|restauration|transport,shared,object_interop_extension,target_identity_roundtrip,pending_crt,pending_crt,public.object_interop_extension,field-union.json,CRT must confirm identifiers required on write
Classificationcategories.ID,relation,Classificationcategories,ID,hebergement,feed_specific,object_interop_extension,target_identity_roundtrip,pending_crt,pending_crt,public.object_interop_extension,field-union.json,CRT must confirm identifiers required on write
ClassificationCategories.Ordre,relation,ClassificationCategories,Ordre,decouverte|restauration|transport,shared,,excluded_auxiliary,excluded,excluded,not_exported,field-union.json,Ordering/pictogram metadata
Classificationcategories.Ordre,relation,Classificationcategories,Ordre,hebergement,feed_specific,,excluded_auxiliary,excluded,excluded,not_exported,field-union.json,Ordering/pictogram metadata
ClassificationCategories.SyndicObjectId,relation,ClassificationCategories,SyndicObjectId,decouverte|restauration|transport,shared,object_interop_extension,target_identity_roundtrip,pending_crt,pending_crt,public.object_interop_extension,field-union.json,CRT must confirm identifiers required on write
Classificationcategories.SyndicObjectId,relation,Classificationcategories,SyndicObjectId,hebergement,feed_specific,object_interop_extension,target_identity_roundtrip,pending_crt,pending_crt,public.object_interop_extension,field-union.json,CRT must confirm identifiers required on write
ClassificationCategories.ThesCode,relation,ClassificationCategories,ThesCode,decouverte|restauration|transport,shared,object_taxonomy + ref_code,profile_taxonomy_crosswalk,approved,approved,api.tourinsoft_reunion_regional_documents,field-union.json,Family-specific collection name
Classificationcategories.ThesCode,relation,Classificationcategories,ThesCode,hebergement,feed_specific,object_taxonomy + ref_code,profile_taxonomy_crosswalk,approved,approved,api.tourinsoft_reunion_regional_documents,field-union.json,Family-specific collection name
ClassificationCategories.ThesID,relation,ClassificationCategories,ThesID,decouverte|restauration|transport,shared,object_interop_extension,target_identity_roundtrip,pending_crt,pending_crt,public.object_interop_extension,field-union.json,CRT must confirm identifiers required on write
Classificationcategories.ThesID,relation,Classificationcategories,ThesID,hebergement,feed_specific,object_interop_extension,target_identity_roundtrip,pending_crt,pending_crt,public.object_interop_extension,field-union.json,CRT must confirm identifiers required on write
ClassificationCategories.ThesLibelle,relation,ClassificationCategories,ThesLibelle,decouverte|restauration|transport,shared,object_taxonomy + ref_code,profile_taxonomy_crosswalk,approved,approved,api.tourinsoft_reunion_regional_documents,field-union.json,Family-specific collection name
Classificationcategories.ThesLibelle,relation,Classificationcategories,ThesLibelle,hebergement,feed_specific,object_taxonomy + ref_code,profile_taxonomy_crosswalk,approved,approved,api.tourinsoft_reunion_regional_documents,field-union.json,Family-specific collection name
ClassificationCategories.ThesOrdre,relation,ClassificationCategories,ThesOrdre,decouverte|restauration|transport,shared,,excluded_auxiliary,excluded,excluded,not_exported,field-union.json,Ordering/pictogram metadata
Classificationcategories.ThesOrdre,relation,Classificationcategories,ThesOrdre,hebergement,feed_specific,,excluded_auxiliary,excluded,excluded,not_exported,field-union.json,Ordering/pictogram metadata
ClassificationCategories.ThesPicto,relation,ClassificationCategories,ThesPicto,decouverte|restauration|transport,shared,,excluded_auxiliary,excluded,excluded,not_exported,field-union.json,Ordering/pictogram metadata
Classificationcategories.ThesPicto,relation,Classificationcategories,ThesPicto,hebergement,feed_specific,,excluded_auxiliary,excluded,excluded,not_exported,field-union.json,Ordering/pictogram metadata
ClassificationCategoriess.ID,relation,ClassificationCategoriess,ID,loisir_plein_air,feed_specific,object_interop_extension,target_identity_roundtrip,pending_crt,pending_crt,public.object_interop_extension,field-union.json,CRT must confirm identifiers required on write
ClassificationCategoriess.Ordre,relation,ClassificationCategoriess,Ordre,loisir_plein_air,feed_specific,,excluded_auxiliary,excluded,excluded,not_exported,field-union.json,Ordering/pictogram metadata
ClassificationCategoriess.SyndicObjectId,relation,ClassificationCategoriess,SyndicObjectId,loisir_plein_air,feed_specific,object_interop_extension,target_identity_roundtrip,pending_crt,pending_crt,public.object_interop_extension,field-union.json,CRT must confirm identifiers required on write
ClassificationCategoriess.ThesCode,relation,ClassificationCategoriess,ThesCode,loisir_plein_air,feed_specific,object_taxonomy + ref_code,profile_taxonomy_crosswalk,approved,approved,api.tourinsoft_reunion_regional_documents,field-union.json,Family-specific collection name
ClassificationCategoriess.ThesID,relation,ClassificationCategoriess,ThesID,loisir_plein_air,feed_specific,object_interop_extension,target_identity_roundtrip,pending_crt,pending_crt,public.object_interop_extension,field-union.json,CRT must confirm identifiers required on write
ClassificationCategoriess.ThesLibelle,relation,ClassificationCategoriess,ThesLibelle,loisir_plein_air,feed_specific,object_taxonomy + ref_code,profile_taxonomy_crosswalk,approved,approved,api.tourinsoft_reunion_regional_documents,field-union.json,Family-specific collection name
ClassificationCategoriess.ThesOrdre,relation,ClassificationCategoriess,ThesOrdre,loisir_plein_air,feed_specific,,excluded_auxiliary,excluded,excluded,not_exported,field-union.json,Ordering/pictogram metadata
ClassificationCategoriess.ThesPicto,relation,ClassificationCategoriess,ThesPicto,loisir_plein_air,feed_specific,,excluded_auxiliary,excluded,excluded,not_exported,field-union.json,Ordering/pictogram metadata
ClassificationCategoriesSousCategorieAdrenalines.ID,relation,ClassificationCategoriesSousCategorieAdrenalines,ID,loisir_plein_air,feed_specific,object_interop_extension,target_identity_roundtrip,pending_crt,pending_crt,public.object_interop_extension,field-union.json,CRT must confirm identifiers required on write
ClassificationCategoriesSousCategorieAdrenalines.Ordre,relation,ClassificationCategoriesSousCategorieAdrenalines,Ordre,loisir_plein_air,feed_specific,,excluded_auxiliary,excluded,excluded,not_exported,field-union.json,Ordering/pictogram metadata
ClassificationCategoriesSousCategorieAdrenalines.SyndicObjectId,relation,ClassificationCategoriesSousCategorieAdrenalines,SyndicObjectId,loisir_plein_air,feed_specific,object_interop_extension,target_identity_roundtrip,pending_crt,pending_crt,public.object_interop_extension,field-union.json,CRT must confirm identifiers required on write
ClassificationCategoriesSousCategorieAdrenalines.ThesCode,relation,ClassificationCategoriesSousCategorieAdrenalines,ThesCode,loisir_plein_air,feed_specific,object_taxonomy + ref_code,profile_taxonomy_crosswalk,approved,approved,api.tourinsoft_reunion_regional_documents,field-union.json,Family-specific collection name
ClassificationCategoriesSousCategorieAdrenalines.ThesID,relation,ClassificationCategoriesSousCategorieAdrenalines,ThesID,loisir_plein_air,feed_specific,object_interop_extension,target_identity_roundtrip,pending_crt,pending_crt,public.object_interop_extension,field-union.json,CRT must confirm identifiers required on write
ClassificationCategoriesSousCategorieAdrenalines.ThesLibelle,relation,ClassificationCategoriesSousCategorieAdrenalines,ThesLibelle,loisir_plein_air,feed_specific,object_taxonomy + ref_code,profile_taxonomy_crosswalk,approved,approved,api.tourinsoft_reunion_regional_documents,field-union.json,Family-specific collection name
ClassificationCategoriesSousCategorieAdrenalines.ThesOrdre,relation,ClassificationCategoriesSousCategorieAdrenalines,ThesOrdre,loisir_plein_air,feed_specific,,excluded_auxiliary,excluded,excluded,not_exported,field-union.json,Ordering/pictogram metadata
ClassificationCategoriesSousCategorieAdrenalines.ThesPicto,relation,ClassificationCategoriesSousCategorieAdrenalines,ThesPicto,loisir_plein_air,feed_specific,,excluded_auxiliary,excluded,excluded,not_exported,field-union.json,Ordering/pictogram metadata
ClassificationCategoriesSousCategorieAeronautiques.ID,relation,ClassificationCategoriesSousCategorieAeronautiques,ID,loisir_plein_air,feed_specific,object_interop_extension,target_identity_roundtrip,pending_crt,pending_crt,public.object_interop_extension,field-union.json,CRT must confirm identifiers required on write
ClassificationCategoriesSousCategorieAeronautiques.Ordre,relation,ClassificationCategoriesSousCategorieAeronautiques,Ordre,loisir_plein_air,feed_specific,,excluded_auxiliary,excluded,excluded,not_exported,field-union.json,Ordering/pictogram metadata
ClassificationCategoriesSousCategorieAeronautiques.SyndicObjectId,relation,ClassificationCategoriesSousCategorieAeronautiques,SyndicObjectId,loisir_plein_air,feed_specific,object_interop_extension,target_identity_roundtrip,pending_crt,pending_crt,public.object_interop_extension,field-union.json,CRT must confirm identifiers required on write
ClassificationCategoriesSousCategorieAeronautiques.ThesCode,relation,ClassificationCategoriesSousCategorieAeronautiques,ThesCode,loisir_plein_air,feed_specific,object_taxonomy + ref_code,profile_taxonomy_crosswalk,approved,approved,api.tourinsoft_reunion_regional_documents,field-union.json,Family-specific collection name
ClassificationCategoriesSousCategorieAeronautiques.ThesID,relation,ClassificationCategoriesSousCategorieAeronautiques,ThesID,loisir_plein_air,feed_specific,object_interop_extension,target_identity_roundtrip,pending_crt,pending_crt,public.object_interop_extension,field-union.json,CRT must confirm identifiers required on write
ClassificationCategoriesSousCategorieAeronautiques.ThesLibelle,relation,ClassificationCategoriesSousCategorieAeronautiques,ThesLibelle,loisir_plein_air,feed_specific,object_taxonomy + ref_code,profile_taxonomy_crosswalk,approved,approved,api.tourinsoft_reunion_regional_documents,field-union.json,Family-specific collection name
ClassificationCategoriesSousCategorieAeronautiques.ThesOrdre,relation,ClassificationCategoriesSousCategorieAeronautiques,ThesOrdre,loisir_plein_air,feed_specific,,excluded_auxiliary,excluded,excluded,not_exported,field-union.json,Ordering/pictogram metadata
ClassificationCategoriesSousCategorieAeronautiques.ThesPicto,relation,ClassificationCategoriesSousCategorieAeronautiques,ThesPicto,loisir_plein_air,feed_specific,,excluded_auxiliary,excluded,excluded,not_exported,field-union.json,Ordering/pictogram metadata
ClassificationCategoriesSousCategorieAttractionss.ID,relation,ClassificationCategoriesSousCategorieAttractionss,ID,loisir_plein_air,feed_specific,object_interop_extension,target_identity_roundtrip,pending_crt,pending_crt,public.object_interop_extension,field-union.json,CRT must confirm identifiers required on write
ClassificationCategoriesSousCategorieAttractionss.Ordre,relation,ClassificationCategoriesSousCategorieAttractionss,Ordre,loisir_plein_air,feed_specific,,excluded_auxiliary,excluded,excluded,not_exported,field-union.json,Ordering/pictogram metadata
ClassificationCategoriesSousCategorieAttractionss.SyndicObjectId,relation,ClassificationCategoriesSousCategorieAttractionss,SyndicObjectId,loisir_plein_air,feed_specific,object_interop_extension,target_identity_roundtrip,pending_crt,pending_crt,public.object_interop_extension,field-union.json,CRT must confirm identifiers required on write
ClassificationCategoriesSousCategorieAttractionss.ThesCode,relation,ClassificationCategoriesSousCategorieAttractionss,ThesCode,loisir_plein_air,feed_specific,object_taxonomy + ref_code,profile_taxonomy_crosswalk,approved,approved,api.tourinsoft_reunion_regional_documents,field-union.json,Family-specific collection name
ClassificationCategoriesSousCategorieAttractionss.ThesID,relation,ClassificationCategoriesSousCategorieAttractionss,ThesID,loisir_plein_air,feed_specific,object_interop_extension,target_identity_roundtrip,pending_crt,pending_crt,public.object_interop_extension,field-union.json,CRT must confirm identifiers required on write
ClassificationCategoriesSousCategorieAttractionss.ThesLibelle,relation,ClassificationCategoriesSousCategorieAttractionss,ThesLibelle,loisir_plein_air,feed_specific,object_taxonomy + ref_code,profile_taxonomy_crosswalk,approved,approved,api.tourinsoft_reunion_regional_documents,field-union.json,Family-specific collection name
ClassificationCategoriesSousCategorieAttractionss.ThesOrdre,relation,ClassificationCategoriesSousCategorieAttractionss,ThesOrdre,loisir_plein_air,feed_specific,,excluded_auxiliary,excluded,excluded,not_exported,field-union.json,Ordering/pictogram metadata
ClassificationCategoriesSousCategorieAttractionss.ThesPicto,relation,ClassificationCategoriesSousCategorieAttractionss,ThesPicto,loisir_plein_air,feed_specific,,excluded_auxiliary,excluded,excluded,not_exported,field-union.json,Ordering/pictogram metadata
ClassificationCategoriesSousCategorieAutress.ID,relation,ClassificationCategoriesSousCategorieAutress,ID,loisir_plein_air,feed_specific,object_interop_extension,target_identity_roundtrip,pending_crt,pending_crt,public.object_interop_extension,field-union.json,CRT must confirm identifiers required on write
ClassificationCategoriesSousCategorieAutress.Ordre,relation,ClassificationCategoriesSousCategorieAutress,Ordre,loisir_plein_air,feed_specific,,excluded_auxiliary,excluded,excluded,not_exported,field-union.json,Ordering/pictogram metadata
ClassificationCategoriesSousCategorieAutress.SyndicObjectId,relation,ClassificationCategoriesSousCategorieAutress,SyndicObjectId,loisir_plein_air,feed_specific,object_interop_extension,target_identity_roundtrip,pending_crt,pending_crt,public.object_interop_extension,field-union.json,CRT must confirm identifiers required on write
ClassificationCategoriesSousCategorieAutress.ThesCode,relation,ClassificationCategoriesSousCategorieAutress,ThesCode,loisir_plein_air,feed_specific,object_taxonomy + ref_code,profile_taxonomy_crosswalk,approved,approved,api.tourinsoft_reunion_regional_documents,field-union.json,Family-specific collection name
ClassificationCategoriesSousCategorieAutress.ThesID,relation,ClassificationCategoriesSousCategorieAutress,ThesID,loisir_plein_air,feed_specific,object_interop_extension,target_identity_roundtrip,pending_crt,pending_crt,public.object_interop_extension,field-union.json,CRT must confirm identifiers required on write
ClassificationCategoriesSousCategorieAutress.ThesLibelle,relation,ClassificationCategoriesSousCategorieAutress,ThesLibelle,loisir_plein_air,feed_specific,object_taxonomy + ref_code,profile_taxonomy_crosswalk,approved,approved,api.tourinsoft_reunion_regional_documents,field-union.json,Family-specific collection name
ClassificationCategoriesSousCategorieAutress.ThesOrdre,relation,ClassificationCategoriesSousCategorieAutress,ThesOrdre,loisir_plein_air,feed_specific,,excluded_auxiliary,excluded,excluded,not_exported,field-union.json,Ordering/pictogram metadata
ClassificationCategoriesSousCategorieAutress.ThesPicto,relation,ClassificationCategoriesSousCategorieAutress,ThesPicto,loisir_plein_air,feed_specific,,excluded_auxiliary,excluded,excluded,not_exported,field-union.json,Ordering/pictogram metadata
ClassificationCategoriesSousCategorieExplorations.ID,relation,ClassificationCategoriesSousCategorieExplorations,ID,loisir_plein_air,feed_specific,object_interop_extension,target_identity_roundtrip,pending_crt,pending_crt,public.object_interop_extension,field-union.json,CRT must confirm identifiers required on write
ClassificationCategoriesSousCategorieExplorations.Ordre,relation,ClassificationCategoriesSousCategorieExplorations,Ordre,loisir_plein_air,feed_specific,,excluded_auxiliary,excluded,excluded,not_exported,field-union.json,Ordering/pictogram metadata
ClassificationCategoriesSousCategorieExplorations.SyndicObjectId,relation,ClassificationCategoriesSousCategorieExplorations,SyndicObjectId,loisir_plein_air,feed_specific,object_interop_extension,target_identity_roundtrip,pending_crt,pending_crt,public.object_interop_extension,field-union.json,CRT must confirm identifiers required on write
ClassificationCategoriesSousCategorieExplorations.ThesCode,relation,ClassificationCategoriesSousCategorieExplorations,ThesCode,loisir_plein_air,feed_specific,object_taxonomy + ref_code,profile_taxonomy_crosswalk,approved,approved,api.tourinsoft_reunion_regional_documents,field-union.json,Family-specific collection name
ClassificationCategoriesSousCategorieExplorations.ThesID,relation,ClassificationCategoriesSousCategorieExplorations,ThesID,loisir_plein_air,feed_specific,object_interop_extension,target_identity_roundtrip,pending_crt,pending_crt,public.object_interop_extension,field-union.json,CRT must confirm identifiers required on write
ClassificationCategoriesSousCategorieExplorations.ThesLibelle,relation,ClassificationCategoriesSousCategorieExplorations,ThesLibelle,loisir_plein_air,feed_specific,object_taxonomy + ref_code,profile_taxonomy_crosswalk,approved,approved,api.tourinsoft_reunion_regional_documents,field-union.json,Family-specific collection name
ClassificationCategoriesSousCategorieExplorations.ThesOrdre,relation,ClassificationCategoriesSousCategorieExplorations,ThesOrdre,loisir_plein_air,feed_specific,,excluded_auxiliary,excluded,excluded,not_exported,field-union.json,Ordering/pictogram metadata
ClassificationCategoriesSousCategorieExplorations.ThesPicto,relation,ClassificationCategoriesSousCategorieExplorations,ThesPicto,loisir_plein_air,feed_specific,,excluded_auxiliary,excluded,excluded,not_exported,field-union.json,Ordering/pictogram metadata
ClassificationCategoriesSousCategorieJeuxs.ID,relation,ClassificationCategoriesSousCategorieJeuxs,ID,loisir_plein_air,feed_specific,object_interop_extension,target_identity_roundtrip,pending_crt,pending_crt,public.object_interop_extension,field-union.json,CRT must confirm identifiers required on write
ClassificationCategoriesSousCategorieJeuxs.Ordre,relation,ClassificationCategoriesSousCategorieJeuxs,Ordre,loisir_plein_air,feed_specific,,excluded_auxiliary,excluded,excluded,not_exported,field-union.json,Ordering/pictogram metadata
ClassificationCategoriesSousCategorieJeuxs.SyndicObjectId,relation,ClassificationCategoriesSousCategorieJeuxs,SyndicObjectId,loisir_plein_air,feed_specific,object_interop_extension,target_identity_roundtrip,pending_crt,pending_crt,public.object_interop_extension,field-union.json,CRT must confirm identifiers required on write
ClassificationCategoriesSousCategorieJeuxs.ThesCode,relation,ClassificationCategoriesSousCategorieJeuxs,ThesCode,loisir_plein_air,feed_specific,object_taxonomy + ref_code,profile_taxonomy_crosswalk,approved,approved,api.tourinsoft_reunion_regional_documents,field-union.json,Family-specific collection name
ClassificationCategoriesSousCategorieJeuxs.ThesID,relation,ClassificationCategoriesSousCategorieJeuxs,ThesID,loisir_plein_air,feed_specific,object_interop_extension,target_identity_roundtrip,pending_crt,pending_crt,public.object_interop_extension,field-union.json,CRT must confirm identifiers required on write
ClassificationCategoriesSousCategorieJeuxs.ThesLibelle,relation,ClassificationCategoriesSousCategorieJeuxs,ThesLibelle,loisir_plein_air,feed_specific,object_taxonomy + ref_code,profile_taxonomy_crosswalk,approved,approved,api.tourinsoft_reunion_regional_documents,field-union.json,Family-specific collection name
ClassificationCategoriesSousCategorieJeuxs.ThesOrdre,relation,ClassificationCategoriesSousCategorieJeuxs,ThesOrdre,loisir_plein_air,feed_specific,,excluded_auxiliary,excluded,excluded,not_exported,field-union.json,Ordering/pictogram metadata
ClassificationCategoriesSousCategorieJeuxs.ThesPicto,relation,ClassificationCategoriesSousCategorieJeuxs,ThesPicto,loisir_plein_air,feed_specific,,excluded_auxiliary,excluded,excluded,not_exported,field-union.json,Ordering/pictogram metadata
ClassificationCategoriesSousCategorieLocMats.ID,relation,ClassificationCategoriesSousCategorieLocMats,ID,loisir_plein_air,feed_specific,object_interop_extension,target_identity_roundtrip,pending_crt,pending_crt,public.object_interop_extension,field-union.json,CRT must confirm identifiers required on write
ClassificationCategoriesSousCategorieLocMats.Ordre,relation,ClassificationCategoriesSousCategorieLocMats,Ordre,loisir_plein_air,feed_specific,,excluded_auxiliary,excluded,excluded,not_exported,field-union.json,Ordering/pictogram metadata
ClassificationCategoriesSousCategorieLocMats.SyndicObjectId,relation,ClassificationCategoriesSousCategorieLocMats,SyndicObjectId,loisir_plein_air,feed_specific,object_interop_extension,target_identity_roundtrip,pending_crt,pending_crt,public.object_interop_extension,field-union.json,CRT must confirm identifiers required on write
ClassificationCategoriesSousCategorieLocMats.ThesCode,relation,ClassificationCategoriesSousCategorieLocMats,ThesCode,loisir_plein_air,feed_specific,object_taxonomy + ref_code,profile_taxonomy_crosswalk,approved,approved,api.tourinsoft_reunion_regional_documents,field-union.json,Family-specific collection name
ClassificationCategoriesSousCategorieLocMats.ThesID,relation,ClassificationCategoriesSousCategorieLocMats,ThesID,loisir_plein_air,feed_specific,object_interop_extension,target_identity_roundtrip,pending_crt,pending_crt,public.object_interop_extension,field-union.json,CRT must confirm identifiers required on write
ClassificationCategoriesSousCategorieLocMats.ThesLibelle,relation,ClassificationCategoriesSousCategorieLocMats,ThesLibelle,loisir_plein_air,feed_specific,object_taxonomy + ref_code,profile_taxonomy_crosswalk,approved,approved,api.tourinsoft_reunion_regional_documents,field-union.json,Family-specific collection name
ClassificationCategoriesSousCategorieLocMats.ThesOrdre,relation,ClassificationCategoriesSousCategorieLocMats,ThesOrdre,loisir_plein_air,feed_specific,,excluded_auxiliary,excluded,excluded,not_exported,field-union.json,Ordering/pictogram metadata
ClassificationCategoriesSousCategorieLocMats.ThesPicto,relation,ClassificationCategoriesSousCategorieLocMats,ThesPicto,loisir_plein_air,feed_specific,,excluded_auxiliary,excluded,excluded,not_exported,field-union.json,Ordering/pictogram metadata
ClassificationCategoriesSousCategorieNautiquess.ID,relation,ClassificationCategoriesSousCategorieNautiquess,ID,loisir_plein_air,feed_specific,object_interop_extension,target_identity_roundtrip,pending_crt,pending_crt,public.object_interop_extension,field-union.json,CRT must confirm identifiers required on write
ClassificationCategoriesSousCategorieNautiquess.Ordre,relation,ClassificationCategoriesSousCategorieNautiquess,Ordre,loisir_plein_air,feed_specific,,excluded_auxiliary,excluded,excluded,not_exported,field-union.json,Ordering/pictogram metadata
ClassificationCategoriesSousCategorieNautiquess.SyndicObjectId,relation,ClassificationCategoriesSousCategorieNautiquess,SyndicObjectId,loisir_plein_air,feed_specific,object_interop_extension,target_identity_roundtrip,pending_crt,pending_crt,public.object_interop_extension,field-union.json,CRT must confirm identifiers required on write
ClassificationCategoriesSousCategorieNautiquess.ThesCode,relation,ClassificationCategoriesSousCategorieNautiquess,ThesCode,loisir_plein_air,feed_specific,object_taxonomy + ref_code,profile_taxonomy_crosswalk,approved,approved,api.tourinsoft_reunion_regional_documents,field-union.json,Family-specific collection name
ClassificationCategoriesSousCategorieNautiquess.ThesID,relation,ClassificationCategoriesSousCategorieNautiquess,ThesID,loisir_plein_air,feed_specific,object_interop_extension,target_identity_roundtrip,pending_crt,pending_crt,public.object_interop_extension,field-union.json,CRT must confirm identifiers required on write
ClassificationCategoriesSousCategorieNautiquess.ThesLibelle,relation,ClassificationCategoriesSousCategorieNautiquess,ThesLibelle,loisir_plein_air,feed_specific,object_taxonomy + ref_code,profile_taxonomy_crosswalk,approved,approved,api.tourinsoft_reunion_regional_documents,field-union.json,Family-specific collection name
ClassificationCategoriesSousCategorieNautiquess.ThesOrdre,relation,ClassificationCategoriesSousCategorieNautiquess,ThesOrdre,loisir_plein_air,feed_specific,,excluded_auxiliary,excluded,excluded,not_exported,field-union.json,Ordering/pictogram metadata
ClassificationCategoriesSousCategorieNautiquess.ThesPicto,relation,ClassificationCategoriesSousCategorieNautiquess,ThesPicto,loisir_plein_air,feed_specific,,excluded_auxiliary,excluded,excluded,not_exported,field-union.json,Ordering/pictogram metadata
ClassificationCategoriesSousCategorieVehiculeLoisirs.ID,relation,ClassificationCategoriesSousCategorieVehiculeLoisirs,ID,loisir_plein_air,feed_specific,object_interop_extension,target_identity_roundtrip,pending_crt,pending_crt,public.object_interop_extension,field-union.json,CRT must confirm identifiers required on write
ClassificationCategoriesSousCategorieVehiculeLoisirs.Ordre,relation,ClassificationCategoriesSousCategorieVehiculeLoisirs,Ordre,loisir_plein_air,feed_specific,,excluded_auxiliary,excluded,excluded,not_exported,field-union.json,Ordering/pictogram metadata
ClassificationCategoriesSousCategorieVehiculeLoisirs.SyndicObjectId,relation,ClassificationCategoriesSousCategorieVehiculeLoisirs,SyndicObjectId,loisir_plein_air,feed_specific,object_interop_extension,target_identity_roundtrip,pending_crt,pending_crt,public.object_interop_extension,field-union.json,CRT must confirm identifiers required on write
ClassificationCategoriesSousCategorieVehiculeLoisirs.ThesCode,relation,ClassificationCategoriesSousCategorieVehiculeLoisirs,ThesCode,loisir_plein_air,feed_specific,object_taxonomy + ref_code,profile_taxonomy_crosswalk,approved,approved,api.tourinsoft_reunion_regional_documents,field-union.json,Family-specific collection name
ClassificationCategoriesSousCategorieVehiculeLoisirs.ThesID,relation,ClassificationCategoriesSousCategorieVehiculeLoisirs,ThesID,loisir_plein_air,feed_specific,object_interop_extension,target_identity_roundtrip,pending_crt,pending_crt,public.object_interop_extension,field-union.json,CRT must confirm identifiers required on write
ClassificationCategoriesSousCategorieVehiculeLoisirs.ThesLibelle,relation,ClassificationCategoriesSousCategorieVehiculeLoisirs,ThesLibelle,loisir_plein_air,feed_specific,object_taxonomy + ref_code,profile_taxonomy_crosswalk,approved,approved,api.tourinsoft_reunion_regional_documents,field-union.json,Family-specific collection name
ClassificationCategoriesSousCategorieVehiculeLoisirs.ThesOrdre,relation,ClassificationCategoriesSousCategorieVehiculeLoisirs,ThesOrdre,loisir_plein_air,feed_specific,,excluded_auxiliary,excluded,excluded,not_exported,field-union.json,Ordering/pictogram metadata
ClassificationCategoriesSousCategorieVehiculeLoisirs.ThesPicto,relation,ClassificationCategoriesSousCategorieVehiculeLoisirs,ThesPicto,loisir_plein_air,feed_specific,,excluded_auxiliary,excluded,excluded,not_exported,field-union.json,Ordering/pictogram metadata
ClassificationSousCategorieArts.ID,relation,ClassificationSousCategorieArts,ID,decouverte,feed_specific,object_interop_extension,target_identity_roundtrip,pending_crt,pending_crt,public.object_interop_extension,field-union.json,CRT must confirm identifiers required on write
ClassificationSousCategorieArts.Ordre,relation,ClassificationSousCategorieArts,Ordre,decouverte,feed_specific,,excluded_auxiliary,excluded,excluded,not_exported,field-union.json,Ordering/pictogram metadata
ClassificationSousCategorieArts.SyndicObjectId,relation,ClassificationSousCategorieArts,SyndicObjectId,decouverte,feed_specific,object_interop_extension,target_identity_roundtrip,pending_crt,pending_crt,public.object_interop_extension,field-union.json,CRT must confirm identifiers required on write
ClassificationSousCategorieArts.ThesCode,relation,ClassificationSousCategorieArts,ThesCode,decouverte,feed_specific,object_taxonomy + ref_code,profile_taxonomy_crosswalk,approved,approved,api.tourinsoft_reunion_regional_documents,field-union.json,Family-specific collection name
ClassificationSousCategorieArts.ThesID,relation,ClassificationSousCategorieArts,ThesID,decouverte,feed_specific,object_interop_extension,target_identity_roundtrip,pending_crt,pending_crt,public.object_interop_extension,field-union.json,CRT must confirm identifiers required on write
ClassificationSousCategorieArts.ThesLibelle,relation,ClassificationSousCategorieArts,ThesLibelle,decouverte,feed_specific,object_taxonomy + ref_code,profile_taxonomy_crosswalk,approved,approved,api.tourinsoft_reunion_regional_documents,field-union.json,Family-specific collection name
ClassificationSousCategorieArts.ThesOrdre,relation,ClassificationSousCategorieArts,ThesOrdre,decouverte,feed_specific,,excluded_auxiliary,excluded,excluded,not_exported,field-union.json,Ordering/pictogram metadata
ClassificationSousCategorieArts.ThesPicto,relation,ClassificationSousCategorieArts,ThesPicto,decouverte,feed_specific,,excluded_auxiliary,excluded,excluded,not_exported,field-union.json,Ordering/pictogram metadata
ClassificationSousCategorieAuberges.ID,relation,ClassificationSousCategorieAuberges,ID,restauration,feed_specific,object_interop_extension,target_identity_roundtrip,pending_crt,pending_crt,public.object_interop_extension,field-union.json,CRT must confirm identifiers required on write
ClassificationSousCategorieAuberges.Ordre,relation,ClassificationSousCategorieAuberges,Ordre,restauration,feed_specific,,excluded_auxiliary,excluded,excluded,not_exported,field-union.json,Ordering/pictogram metadata
ClassificationSousCategorieAuberges.SyndicObjectId,relation,ClassificationSousCategorieAuberges,SyndicObjectId,restauration,feed_specific,object_interop_extension,target_identity_roundtrip,pending_crt,pending_crt,public.object_interop_extension,field-union.json,CRT must confirm identifiers required on write
ClassificationSousCategorieAuberges.ThesCode,relation,ClassificationSousCategorieAuberges,ThesCode,restauration,feed_specific,object_taxonomy + ref_code,profile_taxonomy_crosswalk,approved,approved,api.tourinsoft_reunion_regional_documents,field-union.json,Family-specific collection name
ClassificationSousCategorieAuberges.ThesID,relation,ClassificationSousCategorieAuberges,ThesID,restauration,feed_specific,object_interop_extension,target_identity_roundtrip,pending_crt,pending_crt,public.object_interop_extension,field-union.json,CRT must confirm identifiers required on write
ClassificationSousCategorieAuberges.ThesLibelle,relation,ClassificationSousCategorieAuberges,ThesLibelle,restauration,feed_specific,object_taxonomy + ref_code,profile_taxonomy_crosswalk,approved,approved,api.tourinsoft_reunion_regional_documents,field-union.json,Family-specific collection name
ClassificationSousCategorieAuberges.ThesOrdre,relation,ClassificationSousCategorieAuberges,ThesOrdre,restauration,feed_specific,,excluded_auxiliary,excluded,excluded,not_exported,field-union.json,Ordering/pictogram metadata
ClassificationSousCategorieAuberges.ThesPicto,relation,ClassificationSousCategorieAuberges,ThesPicto,restauration,feed_specific,,excluded_auxiliary,excluded,excluded,not_exported,field-union.json,Ordering/pictogram metadata
ClassificationSousCategorieAutreTypes.ID,relation,ClassificationSousCategorieAutreTypes,ID,restauration,feed_specific,object_interop_extension,target_identity_roundtrip,pending_crt,pending_crt,public.object_interop_extension,field-union.json,CRT must confirm identifiers required on write
ClassificationSousCategorieAutreTypes.Ordre,relation,ClassificationSousCategorieAutreTypes,Ordre,restauration,feed_specific,,excluded_auxiliary,excluded,excluded,not_exported,field-union.json,Ordering/pictogram metadata
ClassificationSousCategorieAutreTypes.SyndicObjectId,relation,ClassificationSousCategorieAutreTypes,SyndicObjectId,restauration,feed_specific,object_interop_extension,target_identity_roundtrip,pending_crt,pending_crt,public.object_interop_extension,field-union.json,CRT must confirm identifiers required on write
ClassificationSousCategorieAutreTypes.ThesCode,relation,ClassificationSousCategorieAutreTypes,ThesCode,restauration,feed_specific,object_taxonomy + ref_code,profile_taxonomy_crosswalk,approved,approved,api.tourinsoft_reunion_regional_documents,field-union.json,Family-specific collection name
ClassificationSousCategorieAutreTypes.ThesID,relation,ClassificationSousCategorieAutreTypes,ThesID,restauration,feed_specific,object_interop_extension,target_identity_roundtrip,pending_crt,pending_crt,public.object_interop_extension,field-union.json,CRT must confirm identifiers required on write
ClassificationSousCategorieAutreTypes.ThesLibelle,relation,ClassificationSousCategorieAutreTypes,ThesLibelle,restauration,feed_specific,object_taxonomy + ref_code,profile_taxonomy_crosswalk,approved,approved,api.tourinsoft_reunion_regional_documents,field-union.json,Family-specific collection name
ClassificationSousCategorieAutreTypes.ThesOrdre,relation,ClassificationSousCategorieAutreTypes,ThesOrdre,restauration,feed_specific,,excluded_auxiliary,excluded,excluded,not_exported,field-union.json,Ordering/pictogram metadata
ClassificationSousCategorieAutreTypes.ThesPicto,relation,ClassificationSousCategorieAutreTypes,ThesPicto,restauration,feed_specific,,excluded_auxiliary,excluded,excluded,not_exported,field-union.json,Ordering/pictogram metadata
ClassificationsouscategorieCHoteHLOs.ID,relation,ClassificationsouscategorieCHoteHLOs,ID,hebergement,feed_specific,object_interop_extension,target_identity_roundtrip,pending_crt,pending_crt,public.object_interop_extension,field-union.json,CRT must confirm identifiers required on write
ClassificationsouscategorieCHoteHLOs.Ordre,relation,ClassificationsouscategorieCHoteHLOs,Ordre,hebergement,feed_specific,,excluded_auxiliary,excluded,excluded,not_exported,field-union.json,Ordering/pictogram metadata
ClassificationsouscategorieCHoteHLOs.SyndicObjectId,relation,ClassificationsouscategorieCHoteHLOs,SyndicObjectId,hebergement,feed_specific,object_interop_extension,target_identity_roundtrip,pending_crt,pending_crt,public.object_interop_extension,field-union.json,CRT must confirm identifiers required on write
ClassificationsouscategorieCHoteHLOs.ThesCode,relation,ClassificationsouscategorieCHoteHLOs,ThesCode,hebergement,feed_specific,object_taxonomy + ref_code,profile_taxonomy_crosswalk,approved,approved,api.tourinsoft_reunion_regional_documents,field-union.json,Family-specific collection name
ClassificationsouscategorieCHoteHLOs.ThesID,relation,ClassificationsouscategorieCHoteHLOs,ThesID,hebergement,feed_specific,object_interop_extension,target_identity_roundtrip,pending_crt,pending_crt,public.object_interop_extension,field-union.json,CRT must confirm identifiers required on write
ClassificationsouscategorieCHoteHLOs.ThesLibelle,relation,ClassificationsouscategorieCHoteHLOs,ThesLibelle,hebergement,feed_specific,object_taxonomy + ref_code,profile_taxonomy_crosswalk,approved,approved,api.tourinsoft_reunion_regional_documents,field-union.json,Family-specific collection name
ClassificationsouscategorieCHoteHLOs.ThesOrdre,relation,ClassificationsouscategorieCHoteHLOs,ThesOrdre,hebergement,feed_specific,,excluded_auxiliary,excluded,excluded,not_exported,field-union.json,Ordering/pictogram metadata
ClassificationsouscategorieCHoteHLOs.ThesPicto,relation,ClassificationsouscategorieCHoteHLOs,ThesPicto,hebergement,feed_specific,,excluded_auxiliary,excluded,excluded,not_exported,field-union.json,Ordering/pictogram metadata
ClassificationsouscategoriegiteHLOs.ID,relation,ClassificationsouscategoriegiteHLOs,ID,hebergement,feed_specific,object_interop_extension,target_identity_roundtrip,pending_crt,pending_crt,public.object_interop_extension,field-union.json,CRT must confirm identifiers required on write
ClassificationsouscategoriegiteHLOs.Ordre,relation,ClassificationsouscategoriegiteHLOs,Ordre,hebergement,feed_specific,,excluded_auxiliary,excluded,excluded,not_exported,field-union.json,Ordering/pictogram metadata
ClassificationsouscategoriegiteHLOs.SyndicObjectId,relation,ClassificationsouscategoriegiteHLOs,SyndicObjectId,hebergement,feed_specific,object_interop_extension,target_identity_roundtrip,pending_crt,pending_crt,public.object_interop_extension,field-union.json,CRT must confirm identifiers required on write
ClassificationsouscategoriegiteHLOs.ThesCode,relation,ClassificationsouscategoriegiteHLOs,ThesCode,hebergement,feed_specific,object_taxonomy + ref_code,profile_taxonomy_crosswalk,approved,approved,api.tourinsoft_reunion_regional_documents,field-union.json,Family-specific collection name
ClassificationsouscategoriegiteHLOs.ThesID,relation,ClassificationsouscategoriegiteHLOs,ThesID,hebergement,feed_specific,object_interop_extension,target_identity_roundtrip,pending_crt,pending_crt,public.object_interop_extension,field-union.json,CRT must confirm identifiers required on write
ClassificationsouscategoriegiteHLOs.ThesLibelle,relation,ClassificationsouscategoriegiteHLOs,ThesLibelle,hebergement,feed_specific,object_taxonomy + ref_code,profile_taxonomy_crosswalk,approved,approved,api.tourinsoft_reunion_regional_documents,field-union.json,Family-specific collection name
ClassificationsouscategoriegiteHLOs.ThesOrdre,relation,ClassificationsouscategoriegiteHLOs,ThesOrdre,hebergement,feed_specific,,excluded_auxiliary,excluded,excluded,not_exported,field-union.json,Ordering/pictogram metadata
ClassificationsouscategoriegiteHLOs.ThesPicto,relation,ClassificationsouscategoriegiteHLOs,ThesPicto,hebergement,feed_specific,,excluded_auxiliary,excluded,excluded,not_exported,field-union.json,Ordering/pictogram metadata
ClassificationSousCategorieInfoServs.ID,relation,ClassificationSousCategorieInfoServs,ID,information_service,feed_specific,object_interop_extension,target_identity_roundtrip,pending_crt,pending_crt,public.object_interop_extension,field-union.json,CRT must confirm identifiers required on write
ClassificationSousCategorieInfoServs.Ordre,relation,ClassificationSousCategorieInfoServs,Ordre,information_service,feed_specific,,excluded_auxiliary,excluded,excluded,not_exported,field-union.json,Ordering/pictogram metadata
ClassificationSousCategorieInfoServs.SyndicObjectId,relation,ClassificationSousCategorieInfoServs,SyndicObjectId,information_service,feed_specific,object_interop_extension,target_identity_roundtrip,pending_crt,pending_crt,public.object_interop_extension,field-union.json,CRT must confirm identifiers required on write
ClassificationSousCategorieInfoServs.ThesCode,relation,ClassificationSousCategorieInfoServs,ThesCode,information_service,feed_specific,object_taxonomy + ref_code,profile_taxonomy_crosswalk,approved,approved,api.tourinsoft_reunion_regional_documents,field-union.json,Family-specific collection name
ClassificationSousCategorieInfoServs.ThesID,relation,ClassificationSousCategorieInfoServs,ThesID,information_service,feed_specific,object_interop_extension,target_identity_roundtrip,pending_crt,pending_crt,public.object_interop_extension,field-union.json,CRT must confirm identifiers required on write
ClassificationSousCategorieInfoServs.ThesLibelle,relation,ClassificationSousCategorieInfoServs,ThesLibelle,information_service,feed_specific,object_taxonomy + ref_code,profile_taxonomy_crosswalk,approved,approved,api.tourinsoft_reunion_regional_documents,field-union.json,Family-specific collection name
ClassificationSousCategorieInfoServs.ThesOrdre,relation,ClassificationSousCategorieInfoServs,ThesOrdre,information_service,feed_specific,,excluded_auxiliary,excluded,excluded,not_exported,field-union.json,Ordering/pictogram metadata
ClassificationSousCategorieInfoServs.ThesPicto,relation,ClassificationSousCategorieInfoServs,ThesPicto,information_service,feed_specific,,excluded_auxiliary,excluded,excluded,not_exported,field-union.json,Ordering/pictogram metadata
ClassificationsouscategorielocsaisHLOs.ID,relation,ClassificationsouscategorielocsaisHLOs,ID,hebergement,feed_specific,object_interop_extension,target_identity_roundtrip,pending_crt,pending_crt,public.object_interop_extension,field-union.json,CRT must confirm identifiers required on write
ClassificationsouscategorielocsaisHLOs.Ordre,relation,ClassificationsouscategorielocsaisHLOs,Ordre,hebergement,feed_specific,,excluded_auxiliary,excluded,excluded,not_exported,field-union.json,Ordering/pictogram metadata
ClassificationsouscategorielocsaisHLOs.SyndicObjectId,relation,ClassificationsouscategorielocsaisHLOs,SyndicObjectId,hebergement,feed_specific,object_interop_extension,target_identity_roundtrip,pending_crt,pending_crt,public.object_interop_extension,field-union.json,CRT must confirm identifiers required on write
ClassificationsouscategorielocsaisHLOs.ThesCode,relation,ClassificationsouscategorielocsaisHLOs,ThesCode,hebergement,feed_specific,object_taxonomy + ref_code,profile_taxonomy_crosswalk,approved,approved,api.tourinsoft_reunion_regional_documents,field-union.json,Family-specific collection name
ClassificationsouscategorielocsaisHLOs.ThesID,relation,ClassificationsouscategorielocsaisHLOs,ThesID,hebergement,feed_specific,object_interop_extension,target_identity_roundtrip,pending_crt,pending_crt,public.object_interop_extension,field-union.json,CRT must confirm identifiers required on write
ClassificationsouscategorielocsaisHLOs.ThesLibelle,relation,ClassificationsouscategorielocsaisHLOs,ThesLibelle,hebergement,feed_specific,object_taxonomy + ref_code,profile_taxonomy_crosswalk,approved,approved,api.tourinsoft_reunion_regional_documents,field-union.json,Family-specific collection name
ClassificationsouscategorielocsaisHLOs.ThesOrdre,relation,ClassificationsouscategorielocsaisHLOs,ThesOrdre,hebergement,feed_specific,,excluded_auxiliary,excluded,excluded,not_exported,field-union.json,Ordering/pictogram metadata
ClassificationsouscategorielocsaisHLOs.ThesPicto,relation,ClassificationsouscategorielocsaisHLOs,ThesPicto,hebergement,feed_specific,,excluded_auxiliary,excluded,excluded,not_exported,field-union.json,Ordering/pictogram metadata
ClassificationSousCategorieLocVehicules.ID,relation,ClassificationSousCategorieLocVehicules,ID,transport,feed_specific,object_interop_extension,target_identity_roundtrip,pending_crt,pending_crt,public.object_interop_extension,field-union.json,CRT must confirm identifiers required on write
ClassificationSousCategorieLocVehicules.Ordre,relation,ClassificationSousCategorieLocVehicules,Ordre,transport,feed_specific,,excluded_auxiliary,excluded,excluded,not_exported,field-union.json,Ordering/pictogram metadata
ClassificationSousCategorieLocVehicules.SyndicObjectId,relation,ClassificationSousCategorieLocVehicules,SyndicObjectId,transport,feed_specific,object_interop_extension,target_identity_roundtrip,pending_crt,pending_crt,public.object_interop_extension,field-union.json,CRT must confirm identifiers required on write
ClassificationSousCategorieLocVehicules.ThesCode,relation,ClassificationSousCategorieLocVehicules,ThesCode,transport,feed_specific,object_taxonomy + ref_code,profile_taxonomy_crosswalk,approved,approved,api.tourinsoft_reunion_regional_documents,field-union.json,Family-specific collection name
ClassificationSousCategorieLocVehicules.ThesID,relation,ClassificationSousCategorieLocVehicules,ThesID,transport,feed_specific,object_interop_extension,target_identity_roundtrip,pending_crt,pending_crt,public.object_interop_extension,field-union.json,CRT must confirm identifiers required on write
ClassificationSousCategorieLocVehicules.ThesLibelle,relation,ClassificationSousCategorieLocVehicules,ThesLibelle,transport,feed_specific,object_taxonomy + ref_code,profile_taxonomy_crosswalk,approved,approved,api.tourinsoft_reunion_regional_documents,field-union.json,Family-specific collection name
ClassificationSousCategorieLocVehicules.ThesOrdre,relation,ClassificationSousCategorieLocVehicules,ThesOrdre,transport,feed_specific,,excluded_auxiliary,excluded,excluded,not_exported,field-union.json,Ordering/pictogram metadata
ClassificationSousCategorieLocVehicules.ThesPicto,relation,ClassificationSousCategorieLocVehicules,ThesPicto,transport,feed_specific,,excluded_auxiliary,excluded,excluded,not_exported,field-union.json,Ordering/pictogram metadata
ClassificationSousCategorieOrgs.ID,relation,ClassificationSousCategorieOrgs,ID,information_service,feed_specific,object_interop_extension,target_identity_roundtrip,pending_crt,pending_crt,public.object_interop_extension,field-union.json,CRT must confirm identifiers required on write
ClassificationSousCategorieOrgs.Ordre,relation,ClassificationSousCategorieOrgs,Ordre,information_service,feed_specific,,excluded_auxiliary,excluded,excluded,not_exported,field-union.json,Ordering/pictogram metadata
ClassificationSousCategorieOrgs.SyndicObjectId,relation,ClassificationSousCategorieOrgs,SyndicObjectId,information_service,feed_specific,object_interop_extension,target_identity_roundtrip,pending_crt,pending_crt,public.object_interop_extension,field-union.json,CRT must confirm identifiers required on write
ClassificationSousCategorieOrgs.ThesCode,relation,ClassificationSousCategorieOrgs,ThesCode,information_service,feed_specific,object_taxonomy + ref_code,profile_taxonomy_crosswalk,approved,approved,api.tourinsoft_reunion_regional_documents,field-union.json,Family-specific collection name
ClassificationSousCategorieOrgs.ThesID,relation,ClassificationSousCategorieOrgs,ThesID,information_service,feed_specific,object_interop_extension,target_identity_roundtrip,pending_crt,pending_crt,public.object_interop_extension,field-union.json,CRT must confirm identifiers required on write
ClassificationSousCategorieOrgs.ThesLibelle,relation,ClassificationSousCategorieOrgs,ThesLibelle,information_service,feed_specific,object_taxonomy + ref_code,profile_taxonomy_crosswalk,approved,approved,api.tourinsoft_reunion_regional_documents,field-union.json,Family-specific collection name
ClassificationSousCategorieOrgs.ThesOrdre,relation,ClassificationSousCategorieOrgs,ThesOrdre,information_service,feed_specific,,excluded_auxiliary,excluded,excluded,not_exported,field-union.json,Ordering/pictogram metadata
ClassificationSousCategorieOrgs.ThesPicto,relation,ClassificationSousCategorieOrgs,ThesPicto,information_service,feed_specific,,excluded_auxiliary,excluded,excluded,not_exported,field-union.json,Ordering/pictogram metadata
ClassificationSousCategoriePatAgricoles.ID,relation,ClassificationSousCategoriePatAgricoles,ID,decouverte,feed_specific,object_interop_extension,target_identity_roundtrip,pending_crt,pending_crt,public.object_interop_extension,field-union.json,CRT must confirm identifiers required on write
ClassificationSousCategoriePatAgricoles.Ordre,relation,ClassificationSousCategoriePatAgricoles,Ordre,decouverte,feed_specific,,excluded_auxiliary,excluded,excluded,not_exported,field-union.json,Ordering/pictogram metadata
ClassificationSousCategoriePatAgricoles.SyndicObjectId,relation,ClassificationSousCategoriePatAgricoles,SyndicObjectId,decouverte,feed_specific,object_interop_extension,target_identity_roundtrip,pending_crt,pending_crt,public.object_interop_extension,field-union.json,CRT must confirm identifiers required on write
ClassificationSousCategoriePatAgricoles.ThesCode,relation,ClassificationSousCategoriePatAgricoles,ThesCode,decouverte,feed_specific,object_taxonomy + ref_code,profile_taxonomy_crosswalk,approved,approved,api.tourinsoft_reunion_regional_documents,field-union.json,Family-specific collection name
ClassificationSousCategoriePatAgricoles.ThesID,relation,ClassificationSousCategoriePatAgricoles,ThesID,decouverte,feed_specific,object_interop_extension,target_identity_roundtrip,pending_crt,pending_crt,public.object_interop_extension,field-union.json,CRT must confirm identifiers required on write
ClassificationSousCategoriePatAgricoles.ThesLibelle,relation,ClassificationSousCategoriePatAgricoles,ThesLibelle,decouverte,feed_specific,object_taxonomy + ref_code,profile_taxonomy_crosswalk,approved,approved,api.tourinsoft_reunion_regional_documents,field-union.json,Family-specific collection name
ClassificationSousCategoriePatAgricoles.ThesOrdre,relation,ClassificationSousCategoriePatAgricoles,ThesOrdre,decouverte,feed_specific,,excluded_auxiliary,excluded,excluded,not_exported,field-union.json,Ordering/pictogram metadata
ClassificationSousCategoriePatAgricoles.ThesPicto,relation,ClassificationSousCategoriePatAgricoles,ThesPicto,decouverte,feed_specific,,excluded_auxiliary,excluded,excluded,not_exported,field-union.json,Ordering/pictogram metadata
ClassificationSousCategoriePatCulturels.ID,relation,ClassificationSousCategoriePatCulturels,ID,decouverte,feed_specific,object_interop_extension,target_identity_roundtrip,pending_crt,pending_crt,public.object_interop_extension,field-union.json,CRT must confirm identifiers required on write
ClassificationSousCategoriePatCulturels.Ordre,relation,ClassificationSousCategoriePatCulturels,Ordre,decouverte,feed_specific,,excluded_auxiliary,excluded,excluded,not_exported,field-union.json,Ordering/pictogram metadata
ClassificationSousCategoriePatCulturels.SyndicObjectId,relation,ClassificationSousCategoriePatCulturels,SyndicObjectId,decouverte,feed_specific,object_interop_extension,target_identity_roundtrip,pending_crt,pending_crt,public.object_interop_extension,field-union.json,CRT must confirm identifiers required on write
ClassificationSousCategoriePatCulturels.ThesCode,relation,ClassificationSousCategoriePatCulturels,ThesCode,decouverte,feed_specific,object_taxonomy + ref_code,profile_taxonomy_crosswalk,approved,approved,api.tourinsoft_reunion_regional_documents,field-union.json,Family-specific collection name
ClassificationSousCategoriePatCulturels.ThesID,relation,ClassificationSousCategoriePatCulturels,ThesID,decouverte,feed_specific,object_interop_extension,target_identity_roundtrip,pending_crt,pending_crt,public.object_interop_extension,field-union.json,CRT must confirm identifiers required on write
ClassificationSousCategoriePatCulturels.ThesLibelle,relation,ClassificationSousCategoriePatCulturels,ThesLibelle,decouverte,feed_specific,object_taxonomy + ref_code,profile_taxonomy_crosswalk,approved,approved,api.tourinsoft_reunion_regional_documents,field-union.json,Family-specific collection name
ClassificationSousCategoriePatCulturels.ThesOrdre,relation,ClassificationSousCategoriePatCulturels,ThesOrdre,decouverte,feed_specific,,excluded_auxiliary,excluded,excluded,not_exported,field-union.json,Ordering/pictogram metadata
ClassificationSousCategoriePatCulturels.ThesPicto,relation,ClassificationSousCategoriePatCulturels,ThesPicto,decouverte,feed_specific,,excluded_auxiliary,excluded,excluded,not_exported,field-union.json,Ordering/pictogram metadata
ClassificationSousCategoriePatIndustriels.ID,relation,ClassificationSousCategoriePatIndustriels,ID,decouverte,feed_specific,object_interop_extension,target_identity_roundtrip,pending_crt,pending_crt,public.object_interop_extension,field-union.json,CRT must confirm identifiers required on write
ClassificationSousCategoriePatIndustriels.Ordre,relation,ClassificationSousCategoriePatIndustriels,Ordre,decouverte,feed_specific,,excluded_auxiliary,excluded,excluded,not_exported,field-union.json,Ordering/pictogram metadata
ClassificationSousCategoriePatIndustriels.SyndicObjectId,relation,ClassificationSousCategoriePatIndustriels,SyndicObjectId,decouverte,feed_specific,object_interop_extension,target_identity_roundtrip,pending_crt,pending_crt,public.object_interop_extension,field-union.json,CRT must confirm identifiers required on write
ClassificationSousCategoriePatIndustriels.ThesCode,relation,ClassificationSousCategoriePatIndustriels,ThesCode,decouverte,feed_specific,object_taxonomy + ref_code,profile_taxonomy_crosswalk,approved,approved,api.tourinsoft_reunion_regional_documents,field-union.json,Family-specific collection name
ClassificationSousCategoriePatIndustriels.ThesID,relation,ClassificationSousCategoriePatIndustriels,ThesID,decouverte,feed_specific,object_interop_extension,target_identity_roundtrip,pending_crt,pending_crt,public.object_interop_extension,field-union.json,CRT must confirm identifiers required on write
ClassificationSousCategoriePatIndustriels.ThesLibelle,relation,ClassificationSousCategoriePatIndustriels,ThesLibelle,decouverte,feed_specific,object_taxonomy + ref_code,profile_taxonomy_crosswalk,approved,approved,api.tourinsoft_reunion_regional_documents,field-union.json,Family-specific collection name
ClassificationSousCategoriePatIndustriels.ThesOrdre,relation,ClassificationSousCategoriePatIndustriels,ThesOrdre,decouverte,feed_specific,,excluded_auxiliary,excluded,excluded,not_exported,field-union.json,Ordering/pictogram metadata
ClassificationSousCategoriePatIndustriels.ThesPicto,relation,ClassificationSousCategoriePatIndustriels,ThesPicto,decouverte,feed_specific,,excluded_auxiliary,excluded,excluded,not_exported,field-union.json,Ordering/pictogram metadata
ClassificationSousCategoriePatNaturels.ID,relation,ClassificationSousCategoriePatNaturels,ID,decouverte,feed_specific,object_interop_extension,target_identity_roundtrip,pending_crt,pending_crt,public.object_interop_extension,field-union.json,CRT must confirm identifiers required on write
ClassificationSousCategoriePatNaturels.Ordre,relation,ClassificationSousCategoriePatNaturels,Ordre,decouverte,feed_specific,,excluded_auxiliary,excluded,excluded,not_exported,field-union.json,Ordering/pictogram metadata
ClassificationSousCategoriePatNaturels.SyndicObjectId,relation,ClassificationSousCategoriePatNaturels,SyndicObjectId,decouverte,feed_specific,object_interop_extension,target_identity_roundtrip,pending_crt,pending_crt,public.object_interop_extension,field-union.json,CRT must confirm identifiers required on write
ClassificationSousCategoriePatNaturels.ThesCode,relation,ClassificationSousCategoriePatNaturels,ThesCode,decouverte,feed_specific,object_taxonomy + ref_code,profile_taxonomy_crosswalk,approved,approved,api.tourinsoft_reunion_regional_documents,field-union.json,Family-specific collection name
ClassificationSousCategoriePatNaturels.ThesID,relation,ClassificationSousCategoriePatNaturels,ThesID,decouverte,feed_specific,object_interop_extension,target_identity_roundtrip,pending_crt,pending_crt,public.object_interop_extension,field-union.json,CRT must confirm identifiers required on write
ClassificationSousCategoriePatNaturels.ThesLibelle,relation,ClassificationSousCategoriePatNaturels,ThesLibelle,decouverte,feed_specific,object_taxonomy + ref_code,profile_taxonomy_crosswalk,approved,approved,api.tourinsoft_reunion_regional_documents,field-union.json,Family-specific collection name
ClassificationSousCategoriePatNaturels.ThesOrdre,relation,ClassificationSousCategoriePatNaturels,ThesOrdre,decouverte,feed_specific,,excluded_auxiliary,excluded,excluded,not_exported,field-union.json,Ordering/pictogram metadata
ClassificationSousCategoriePatNaturels.ThesPicto,relation,ClassificationSousCategoriePatNaturels,ThesPicto,decouverte,feed_specific,,excluded_auxiliary,excluded,excluded,not_exported,field-union.json,Ordering/pictogram metadata
ClassificationSousCategorieRestaurants.ID,relation,ClassificationSousCategorieRestaurants,ID,restauration,feed_specific,object_interop_extension,target_identity_roundtrip,pending_crt,pending_crt,public.object_interop_extension,field-union.json,CRT must confirm identifiers required on write
ClassificationSousCategorieRestaurants.Ordre,relation,ClassificationSousCategorieRestaurants,Ordre,restauration,feed_specific,,excluded_auxiliary,excluded,excluded,not_exported,field-union.json,Ordering/pictogram metadata
ClassificationSousCategorieRestaurants.SyndicObjectId,relation,ClassificationSousCategorieRestaurants,SyndicObjectId,restauration,feed_specific,object_interop_extension,target_identity_roundtrip,pending_crt,pending_crt,public.object_interop_extension,field-union.json,CRT must confirm identifiers required on write
ClassificationSousCategorieRestaurants.ThesCode,relation,ClassificationSousCategorieRestaurants,ThesCode,restauration,feed_specific,object_taxonomy + ref_code,profile_taxonomy_crosswalk,approved,approved,api.tourinsoft_reunion_regional_documents,field-union.json,Family-specific collection name
ClassificationSousCategorieRestaurants.ThesID,relation,ClassificationSousCategorieRestaurants,ThesID,restauration,feed_specific,object_interop_extension,target_identity_roundtrip,pending_crt,pending_crt,public.object_interop_extension,field-union.json,CRT must confirm identifiers required on write
ClassificationSousCategorieRestaurants.ThesLibelle,relation,ClassificationSousCategorieRestaurants,ThesLibelle,restauration,feed_specific,object_taxonomy + ref_code,profile_taxonomy_crosswalk,approved,approved,api.tourinsoft_reunion_regional_documents,field-union.json,Family-specific collection name
ClassificationSousCategorieRestaurants.ThesOrdre,relation,ClassificationSousCategorieRestaurants,ThesOrdre,restauration,feed_specific,,excluded_auxiliary,excluded,excluded,not_exported,field-union.json,Ordering/pictogram metadata
ClassificationSousCategorieRestaurants.ThesPicto,relation,ClassificationSousCategorieRestaurants,ThesPicto,restauration,feed_specific,,excluded_auxiliary,excluded,excluded,not_exported,field-union.json,Ordering/pictogram metadata
Classificationsouscategories.ID,relation,Classificationsouscategories,ID,hebergement,feed_specific,object_interop_extension,target_identity_roundtrip,pending_crt,pending_crt,public.object_interop_extension,field-union.json,CRT must confirm identifiers required on write
Classificationsouscategories.Ordre,relation,Classificationsouscategories,Ordre,hebergement,feed_specific,,excluded_auxiliary,excluded,excluded,not_exported,field-union.json,Ordering/pictogram metadata
Classificationsouscategories.SyndicObjectId,relation,Classificationsouscategories,SyndicObjectId,hebergement,feed_specific,object_interop_extension,target_identity_roundtrip,pending_crt,pending_crt,public.object_interop_extension,field-union.json,CRT must confirm identifiers required on write
Classificationsouscategories.ThesCode,relation,Classificationsouscategories,ThesCode,hebergement,feed_specific,object_taxonomy + ref_code,profile_taxonomy_crosswalk,approved,approved,api.tourinsoft_reunion_regional_documents,field-union.json,Family-specific collection name
Classificationsouscategories.ThesID,relation,Classificationsouscategories,ThesID,hebergement,feed_specific,object_interop_extension,target_identity_roundtrip,pending_crt,pending_crt,public.object_interop_extension,field-union.json,CRT must confirm identifiers required on write
Classificationsouscategories.ThesLibelle,relation,Classificationsouscategories,ThesLibelle,hebergement,feed_specific,object_taxonomy + ref_code,profile_taxonomy_crosswalk,approved,approved,api.tourinsoft_reunion_regional_documents,field-union.json,Family-specific collection name
Classificationsouscategories.ThesOrdre,relation,Classificationsouscategories,ThesOrdre,hebergement,feed_specific,,excluded_auxiliary,excluded,excluded,not_exported,field-union.json,Ordering/pictogram metadata
Classificationsouscategories.ThesPicto,relation,Classificationsouscategories,ThesPicto,hebergement,feed_specific,,excluded_auxiliary,excluded,excluded,not_exported,field-union.json,Ordering/pictogram metadata
ClassificationSousCategorieServicess.ID,relation,ClassificationSousCategorieServicess,ID,transport,feed_specific,object_interop_extension,target_identity_roundtrip,pending_crt,pending_crt,public.object_interop_extension,field-union.json,CRT must confirm identifiers required on write
ClassificationSousCategorieServicess.Ordre,relation,ClassificationSousCategorieServicess,Ordre,transport,feed_specific,,excluded_auxiliary,excluded,excluded,not_exported,field-union.json,Ordering/pictogram metadata
ClassificationSousCategorieServicess.SyndicObjectId,relation,ClassificationSousCategorieServicess,SyndicObjectId,transport,feed_specific,object_interop_extension,target_identity_roundtrip,pending_crt,pending_crt,public.object_interop_extension,field-union.json,CRT must confirm identifiers required on write
ClassificationSousCategorieServicess.ThesCode,relation,ClassificationSousCategorieServicess,ThesCode,transport,feed_specific,object_taxonomy + ref_code,profile_taxonomy_crosswalk,approved,approved,api.tourinsoft_reunion_regional_documents,field-union.json,Family-specific collection name
ClassificationSousCategorieServicess.ThesID,relation,ClassificationSousCategorieServicess,ThesID,transport,feed_specific,object_interop_extension,target_identity_roundtrip,pending_crt,pending_crt,public.object_interop_extension,field-union.json,CRT must confirm identifiers required on write
ClassificationSousCategorieServicess.ThesLibelle,relation,ClassificationSousCategorieServicess,ThesLibelle,transport,feed_specific,object_taxonomy + ref_code,profile_taxonomy_crosswalk,approved,approved,api.tourinsoft_reunion_regional_documents,field-union.json,Family-specific collection name
ClassificationSousCategorieServicess.ThesOrdre,relation,ClassificationSousCategorieServicess,ThesOrdre,transport,feed_specific,,excluded_auxiliary,excluded,excluded,not_exported,field-union.json,Ordering/pictogram metadata
ClassificationSousCategorieServicess.ThesPicto,relation,ClassificationSousCategorieServicess,ThesPicto,transport,feed_specific,,excluded_auxiliary,excluded,excluded,not_exported,field-union.json,Ordering/pictogram metadata
ClassificationSousCategorieTableHotess.ID,relation,ClassificationSousCategorieTableHotess,ID,restauration,feed_specific,object_interop_extension,target_identity_roundtrip,pending_crt,pending_crt,public.object_interop_extension,field-union.json,CRT must confirm identifiers required on write
ClassificationSousCategorieTableHotess.Ordre,relation,ClassificationSousCategorieTableHotess,Ordre,restauration,feed_specific,,excluded_auxiliary,excluded,excluded,not_exported,field-union.json,Ordering/pictogram metadata
ClassificationSousCategorieTableHotess.SyndicObjectId,relation,ClassificationSousCategorieTableHotess,SyndicObjectId,restauration,feed_specific,object_interop_extension,target_identity_roundtrip,pending_crt,pending_crt,public.object_interop_extension,field-union.json,CRT must confirm identifiers required on write
ClassificationSousCategorieTableHotess.ThesCode,relation,ClassificationSousCategorieTableHotess,ThesCode,restauration,feed_specific,object_taxonomy + ref_code,profile_taxonomy_crosswalk,approved,approved,api.tourinsoft_reunion_regional_documents,field-union.json,Family-specific collection name
ClassificationSousCategorieTableHotess.ThesID,relation,ClassificationSousCategorieTableHotess,ThesID,restauration,feed_specific,object_interop_extension,target_identity_roundtrip,pending_crt,pending_crt,public.object_interop_extension,field-union.json,CRT must confirm identifiers required on write
ClassificationSousCategorieTableHotess.ThesLibelle,relation,ClassificationSousCategorieTableHotess,ThesLibelle,restauration,feed_specific,object_taxonomy + ref_code,profile_taxonomy_crosswalk,approved,approved,api.tourinsoft_reunion_regional_documents,field-union.json,Family-specific collection name
ClassificationSousCategorieTableHotess.ThesOrdre,relation,ClassificationSousCategorieTableHotess,ThesOrdre,restauration,feed_specific,,excluded_auxiliary,excluded,excluded,not_exported,field-union.json,Ordering/pictogram metadata
ClassificationSousCategorieTableHotess.ThesPicto,relation,ClassificationSousCategorieTableHotess,ThesPicto,restauration,feed_specific,,excluded_auxiliary,excluded,excluded,not_exported,field-union.json,Ordering/pictogram metadata
ClassificationSousCategorieTerroirs.ID,relation,ClassificationSousCategorieTerroirs,ID,decouverte,feed_specific,object_interop_extension,target_identity_roundtrip,pending_crt,pending_crt,public.object_interop_extension,field-union.json,CRT must confirm identifiers required on write
ClassificationSousCategorieTerroirs.Ordre,relation,ClassificationSousCategorieTerroirs,Ordre,decouverte,feed_specific,,excluded_auxiliary,excluded,excluded,not_exported,field-union.json,Ordering/pictogram metadata
ClassificationSousCategorieTerroirs.SyndicObjectId,relation,ClassificationSousCategorieTerroirs,SyndicObjectId,decouverte,feed_specific,object_interop_extension,target_identity_roundtrip,pending_crt,pending_crt,public.object_interop_extension,field-union.json,CRT must confirm identifiers required on write
ClassificationSousCategorieTerroirs.ThesCode,relation,ClassificationSousCategorieTerroirs,ThesCode,decouverte,feed_specific,object_taxonomy + ref_code,profile_taxonomy_crosswalk,approved,approved,api.tourinsoft_reunion_regional_documents,field-union.json,Family-specific collection name
ClassificationSousCategorieTerroirs.ThesID,relation,ClassificationSousCategorieTerroirs,ThesID,decouverte,feed_specific,object_interop_extension,target_identity_roundtrip,pending_crt,pending_crt,public.object_interop_extension,field-union.json,CRT must confirm identifiers required on write
ClassificationSousCategorieTerroirs.ThesLibelle,relation,ClassificationSousCategorieTerroirs,ThesLibelle,decouverte,feed_specific,object_taxonomy + ref_code,profile_taxonomy_crosswalk,approved,approved,api.tourinsoft_reunion_regional_documents,field-union.json,Family-specific collection name
ClassificationSousCategorieTerroirs.ThesOrdre,relation,ClassificationSousCategorieTerroirs,ThesOrdre,decouverte,feed_specific,,excluded_auxiliary,excluded,excluded,not_exported,field-union.json,Ordering/pictogram metadata
ClassificationSousCategorieTerroirs.ThesPicto,relation,ClassificationSousCategorieTerroirs,ThesPicto,decouverte,feed_specific,,excluded_auxiliary,excluded,excluded,not_exported,field-union.json,Ordering/pictogram metadata
ClassificationSousCategorieTourAffs.ID,relation,ClassificationSousCategorieTourAffs,ID,information_service,feed_specific,object_interop_extension,target_identity_roundtrip,pending_crt,pending_crt,public.object_interop_extension,field-union.json,CRT must confirm identifiers required on write
ClassificationSousCategorieTourAffs.Ordre,relation,ClassificationSousCategorieTourAffs,Ordre,information_service,feed_specific,,excluded_auxiliary,excluded,excluded,not_exported,field-union.json,Ordering/pictogram metadata
ClassificationSousCategorieTourAffs.SyndicObjectId,relation,ClassificationSousCategorieTourAffs,SyndicObjectId,information_service,feed_specific,object_interop_extension,target_identity_roundtrip,pending_crt,pending_crt,public.object_interop_extension,field-union.json,CRT must confirm identifiers required on write
ClassificationSousCategorieTourAffs.ThesCode,relation,ClassificationSousCategorieTourAffs,ThesCode,information_service,feed_specific,object_taxonomy + ref_code,profile_taxonomy_crosswalk,approved,approved,api.tourinsoft_reunion_regional_documents,field-union.json,Family-specific collection name
ClassificationSousCategorieTourAffs.ThesID,relation,ClassificationSousCategorieTourAffs,ThesID,information_service,feed_specific,object_interop_extension,target_identity_roundtrip,pending_crt,pending_crt,public.object_interop_extension,field-union.json,CRT must confirm identifiers required on write
ClassificationSousCategorieTourAffs.ThesLibelle,relation,ClassificationSousCategorieTourAffs,ThesLibelle,information_service,feed_specific,object_taxonomy + ref_code,profile_taxonomy_crosswalk,approved,approved,api.tourinsoft_reunion_regional_documents,field-union.json,Family-specific collection name
ClassificationSousCategorieTourAffs.ThesOrdre,relation,ClassificationSousCategorieTourAffs,ThesOrdre,information_service,feed_specific,,excluded_auxiliary,excluded,excluded,not_exported,field-union.json,Ordering/pictogram metadata
ClassificationSousCategorieTourAffs.ThesPicto,relation,ClassificationSousCategorieTourAffs,ThesPicto,information_service,feed_specific,,excluded_auxiliary,excluded,excluded,not_exported,field-union.json,Ordering/pictogram metadata
ClassificationSousCategorieTransAeriens.ID,relation,ClassificationSousCategorieTransAeriens,ID,transport,feed_specific,object_interop_extension,target_identity_roundtrip,pending_crt,pending_crt,public.object_interop_extension,field-union.json,CRT must confirm identifiers required on write
ClassificationSousCategorieTransAeriens.Ordre,relation,ClassificationSousCategorieTransAeriens,Ordre,transport,feed_specific,,excluded_auxiliary,excluded,excluded,not_exported,field-union.json,Ordering/pictogram metadata
ClassificationSousCategorieTransAeriens.SyndicObjectId,relation,ClassificationSousCategorieTransAeriens,SyndicObjectId,transport,feed_specific,object_interop_extension,target_identity_roundtrip,pending_crt,pending_crt,public.object_interop_extension,field-union.json,CRT must confirm identifiers required on write
ClassificationSousCategorieTransAeriens.ThesCode,relation,ClassificationSousCategorieTransAeriens,ThesCode,transport,feed_specific,object_taxonomy + ref_code,profile_taxonomy_crosswalk,approved,approved,api.tourinsoft_reunion_regional_documents,field-union.json,Family-specific collection name
ClassificationSousCategorieTransAeriens.ThesID,relation,ClassificationSousCategorieTransAeriens,ThesID,transport,feed_specific,object_interop_extension,target_identity_roundtrip,pending_crt,pending_crt,public.object_interop_extension,field-union.json,CRT must confirm identifiers required on write
ClassificationSousCategorieTransAeriens.ThesLibelle,relation,ClassificationSousCategorieTransAeriens,ThesLibelle,transport,feed_specific,object_taxonomy + ref_code,profile_taxonomy_crosswalk,approved,approved,api.tourinsoft_reunion_regional_documents,field-union.json,Family-specific collection name
ClassificationSousCategorieTransAeriens.ThesOrdre,relation,ClassificationSousCategorieTransAeriens,ThesOrdre,transport,feed_specific,,excluded_auxiliary,excluded,excluded,not_exported,field-union.json,Ordering/pictogram metadata
ClassificationSousCategorieTransAeriens.ThesPicto,relation,ClassificationSousCategorieTransAeriens,ThesPicto,transport,feed_specific,,excluded_auxiliary,excluded,excluded,not_exported,field-union.json,Ordering/pictogram metadata
Descriptifaccess.Descriptifduplandacces,relation,Descriptifaccess,Descriptifduplandacces,decouverte|information_service|loisir_plein_air|restauration|transport,shared,object_location.direction,strip_markdown,approved,approved,api.tourinsoft_reunion_regional_documents,field-union.json,Alias selected by profile
Descriptifaccess.ID,relation,Descriptifaccess,ID,decouverte|information_service|loisir_plein_air|restauration|transport,shared,object_interop_extension,target_identity_roundtrip,pending_crt,pending_crt,public.object_interop_extension,field-union.json,CRT must confirm identifiers required on write
Descriptifaccess.Ordre,relation,Descriptifaccess,Ordre,decouverte|information_service|loisir_plein_air|restauration|transport,shared,,excluded_auxiliary,excluded,excluded,not_exported,field-union.json,Ordering/pictogram metadata
Descriptifaccess.SyndicObjectId,relation,Descriptifaccess,SyndicObjectId,decouverte|information_service|loisir_plein_air|restauration|transport,shared,object_interop_extension,target_identity_roundtrip,pending_crt,pending_crt,public.object_interop_extension,field-union.json,CRT must confirm identifiers required on write
Descriptifss.Accroche,relation,Descriptifss,Accroche,decouverte|hebergement|information_service|loisir_plein_air|restauration|transport,all_feeds,object_description.description_chapo,public_french_strip_markdown,approved,approved,api.tourinsoft_reunion_regional_documents,field-union.json,Canonical description
Descriptifss.Descriptioncommerciale,relation,Descriptifss,Descriptioncommerciale,decouverte|hebergement|information_service|loisir_plein_air|restauration|transport,all_feeds,object_description.description,public_french_strip_markdown,approved,approved,api.tourinsoft_reunion_regional_documents,field-union.json,Canonical description
Descriptifss.ID,relation,Descriptifss,ID,decouverte|hebergement|information_service|loisir_plein_air|restauration|transport,all_feeds,object_interop_extension,target_identity_roundtrip,pending_crt,pending_crt,public.object_interop_extension,field-union.json,CRT must confirm identifiers required on write
Descriptifss.Ordre,relation,Descriptifss,Ordre,decouverte|hebergement|information_service|loisir_plein_air|restauration|transport,all_feeds,,excluded_auxiliary,excluded,excluded,not_exported,field-union.json,Ordering/pictogram metadata
Descriptifss.SyndicObjectId,relation,Descriptifss,SyndicObjectId,decouverte|hebergement|information_service|loisir_plein_air|restauration|transport,all_feeds,object_interop_extension,target_identity_roundtrip,pending_crt,pending_crt,public.object_interop_extension,field-union.json,CRT must confirm identifiers required on write
Fichiers.DocumentFichier.Credit,relation,Fichiers,DocumentFichier.Credit,decouverte|hebergement|information_service|loisir_plein_air|restauration|transport,all_feeds,object_document + ref_document,public_document,approved,approved,api.tourinsoft_reunion_regional_documents,field-union.json,Public document only
Fichiers.DocumentFichier.MediaID,relation,Fichiers,DocumentFichier.MediaID,decouverte|hebergement|information_service|loisir_plein_air|restauration|transport,all_feeds,object_document + ref_document,public_document,approved,approved,api.tourinsoft_reunion_regional_documents,field-union.json,Public document only
Fichiers.DocumentFichier.Titre,relation,Fichiers,DocumentFichier.Titre,decouverte|hebergement|information_service|loisir_plein_air|restauration|transport,all_feeds,object_document + ref_document,public_document,approved,approved,api.tourinsoft_reunion_regional_documents,field-union.json,Public document only
Fichiers.DocumentFichier.Url,relation,Fichiers,DocumentFichier.Url,decouverte|hebergement|information_service|loisir_plein_air|restauration|transport,all_feeds,object_document + ref_document,public_document,approved,approved,api.tourinsoft_reunion_regional_documents,field-union.json,Public document only
Fichiers.ID,relation,Fichiers,ID,decouverte|hebergement|information_service|loisir_plein_air|restauration|transport,all_feeds,object_interop_extension,target_identity_roundtrip,pending_crt,pending_crt,public.object_interop_extension,field-union.json,CRT must confirm identifiers required on write
Fichiers.Ordre,relation,Fichiers,Ordre,decouverte|hebergement|information_service|loisir_plein_air|restauration|transport,all_feeds,,excluded_auxiliary,excluded,excluded,not_exported,field-union.json,Ordering/pictogram metadata
Fichiers.SyndicObjectId,relation,Fichiers,SyndicObjectId,decouverte|hebergement|information_service|loisir_plein_air|restauration|transport,all_feeds,object_interop_extension,target_identity_roundtrip,pending_crt,pending_crt,public.object_interop_extension,field-union.json,CRT must confirm identifiers required on write
Handicaps.ID,relation,Handicaps,ID,decouverte|hebergement|information_service|loisir_plein_air|restauration|transport,all_feeds,object_interop_extension,target_identity_roundtrip,pending_crt,pending_crt,public.object_interop_extension,field-union.json,CRT must confirm identifiers required on write
Handicaps.Ordre,relation,Handicaps,Ordre,decouverte|hebergement|information_service|loisir_plein_air|restauration|transport,all_feeds,,excluded_auxiliary,excluded,excluded,not_exported,field-union.json,Ordering/pictogram metadata
Handicaps.SyndicObjectId,relation,Handicaps,SyndicObjectId,decouverte|hebergement|information_service|loisir_plein_air|restauration|transport,all_feeds,object_interop_extension,target_identity_roundtrip,pending_crt,pending_crt,public.object_interop_extension,field-union.json,CRT must confirm identifiers required on write
Handicaps.ThesCode,relation,Handicaps,ThesCode,decouverte|hebergement|information_service|loisir_plein_air|restauration|transport,all_feeds,object_interop_extension.data,profile_scoped_roundtrip,pending_crt,pending_crt,public.object_interop_extension,field-union.json,No approved canonical Bertel mapping yet; preserved without loss when supplied by the CRT connector
Handicaps.ThesID,relation,Handicaps,ThesID,decouverte|hebergement|information_service|loisir_plein_air|restauration|transport,all_feeds,object_interop_extension,target_identity_roundtrip,pending_crt,pending_crt,public.object_interop_extension,field-union.json,CRT must confirm identifiers required on write
Handicaps.ThesLibelle,relation,Handicaps,ThesLibelle,decouverte|hebergement|information_service|loisir_plein_air|restauration|transport,all_feeds,object_interop_extension.data,profile_scoped_roundtrip,pending_crt,pending_crt,public.object_interop_extension,field-union.json,No approved canonical Bertel mapping yet; preserved without loss when supplied by the CRT connector
Handicaps.ThesOrdre,relation,Handicaps,ThesOrdre,decouverte|hebergement|information_service|loisir_plein_air|restauration|transport,all_feeds,,excluded_auxiliary,excluded,excluded,not_exported,field-union.json,Ordering/pictogram metadata
Handicaps.ThesPicto,relation,Handicaps,ThesPicto,decouverte|hebergement|information_service|loisir_plein_air|restauration|transport,all_feeds,,excluded_auxiliary,excluded,excluded,not_exported,field-union.json,Ordering/pictogram metadata
Horairearriveedeparts.Heuredarrivee,relation,Horairearriveedeparts,Heuredarrivee,hebergement,feed_specific,object_stay_policy,time_string,approved,approved,api.tourinsoft_reunion_regional_documents,field-union.json,Accommodation only
Horairearriveedeparts.Heuredarriveemax,relation,Horairearriveedeparts,Heuredarriveemax,hebergement,feed_specific,object_stay_policy,time_string,approved,approved,api.tourinsoft_reunion_regional_documents,field-union.json,Accommodation only
Horairearriveedeparts.Heurededepart,relation,Horairearriveedeparts,Heurededepart,hebergement,feed_specific,object_stay_policy,time_string,approved,approved,api.tourinsoft_reunion_regional_documents,field-union.json,Accommodation only
Horairearriveedeparts.ID,relation,Horairearriveedeparts,ID,hebergement,feed_specific,object_interop_extension,target_identity_roundtrip,pending_crt,pending_crt,public.object_interop_extension,field-union.json,CRT must confirm identifiers required on write
Horairearriveedeparts.Ordre,relation,Horairearriveedeparts,Ordre,hebergement,feed_specific,,excluded_auxiliary,excluded,excluded,not_exported,field-union.json,Ordering/pictogram metadata
Horairearriveedeparts.SyndicObjectId,relation,Horairearriveedeparts,SyndicObjectId,hebergement,feed_specific,object_interop_extension,target_identity_roundtrip,pending_crt,pending_crt,public.object_interop_extension,field-union.json,CRT must confirm identifiers required on write
Labels.ID,relation,Labels,ID,decouverte|hebergement|information_service|loisir_plein_air|restauration|transport,all_feeds,object_interop_extension,target_identity_roundtrip,pending_crt,pending_crt,public.object_interop_extension,field-union.json,CRT must confirm identifiers required on write
Labels.Ordre,relation,Labels,Ordre,decouverte|hebergement|information_service|loisir_plein_air|restauration|transport,all_feeds,,excluded_auxiliary,excluded,excluded,not_exported,field-union.json,Ordering/pictogram metadata
Labels.SyndicObjectId,relation,Labels,SyndicObjectId,decouverte|hebergement|information_service|loisir_plein_air|restauration|transport,all_feeds,object_interop_extension,target_identity_roundtrip,pending_crt,pending_crt,public.object_interop_extension,field-union.json,CRT must confirm identifiers required on write
Labels.ThesCode,relation,Labels,ThesCode,decouverte|hebergement|information_service|transport,shared,object_classification + ref_classification_scheme,profile_value_crosswalk,approved,approved,api.tourinsoft_reunion_regional_documents,field-union.json,Typed canonical mapping
Labels.ThesID,relation,Labels,ThesID,decouverte|hebergement|information_service|transport,shared,object_interop_extension,target_identity_roundtrip,pending_crt,pending_crt,public.object_interop_extension,field-union.json,CRT must confirm identifiers required on write
Labels.ThesLibelle,relation,Labels,ThesLibelle,decouverte|hebergement|information_service|transport,shared,object_classification + ref_classification_scheme,profile_value_crosswalk,approved,approved,api.tourinsoft_reunion_regional_documents,field-union.json,Typed canonical mapping
Labels.ThesOrdre,relation,Labels,ThesOrdre,decouverte|hebergement|information_service|transport,shared,,excluded_auxiliary,excluded,excluded,not_exported,field-union.json,Ordering/pictogram metadata
Labels.ThesPicto,relation,Labels,ThesPicto,decouverte|hebergement|information_service|transport,shared,,excluded_auxiliary,excluded,excluded,not_exported,field-union.json,Ordering/pictogram metadata
LanguesParleess.ID,relation,LanguesParleess,ID,decouverte|hebergement|information_service|loisir_plein_air|restauration|transport,all_feeds,object_interop_extension,target_identity_roundtrip,pending_crt,pending_crt,public.object_interop_extension,field-union.json,CRT must confirm identifiers required on write
LanguesParleess.Ordre,relation,LanguesParleess,Ordre,decouverte|hebergement|information_service|loisir_plein_air|restauration|transport,all_feeds,,excluded_auxiliary,excluded,excluded,not_exported,field-union.json,Ordering/pictogram metadata
LanguesParleess.SyndicObjectId,relation,LanguesParleess,SyndicObjectId,decouverte|hebergement|information_service|loisir_plein_air|restauration|transport,all_feeds,object_interop_extension,target_identity_roundtrip,pending_crt,pending_crt,public.object_interop_extension,field-union.json,CRT must confirm identifiers required on write
LanguesParleess.ThesCode,relation,LanguesParleess,ThesCode,decouverte|hebergement|information_service|loisir_plein_air|restauration|transport,all_feeds,object_language + ref_language,profile_value_crosswalk,approved,approved,api.tourinsoft_reunion_regional_documents,field-union.json,Typed canonical mapping
LanguesParleess.ThesID,relation,LanguesParleess,ThesID,decouverte|hebergement|information_service|loisir_plein_air|restauration|transport,all_feeds,object_interop_extension,target_identity_roundtrip,pending_crt,pending_crt,public.object_interop_extension,field-union.json,CRT must confirm identifiers required on write
LanguesParleess.ThesLibelle,relation,LanguesParleess,ThesLibelle,decouverte|hebergement|information_service|loisir_plein_air|restauration|transport,all_feeds,object_language + ref_language,profile_value_crosswalk,approved,approved,api.tourinsoft_reunion_regional_documents,field-union.json,Typed canonical mapping
LanguesParleess.ThesOrdre,relation,LanguesParleess,ThesOrdre,decouverte|hebergement|information_service|loisir_plein_air|restauration|transport,all_feeds,,excluded_auxiliary,excluded,excluded,not_exported,field-union.json,Ordering/pictogram metadata
LanguesParleess.ThesPicto,relation,LanguesParleess,ThesPicto,decouverte|hebergement|information_service|loisir_plein_air|restauration|transport,all_feeds,,excluded_auxiliary,excluded,excluded,not_exported,field-union.json,Ordering/pictogram metadata
Localisations.ID,relation,Localisations,ID,decouverte|information_service|loisir_plein_air|restauration|transport,shared,object_interop_extension,target_identity_roundtrip,pending_crt,pending_crt,public.object_interop_extension,field-union.json,CRT must confirm identifiers required on write
Localisations.Ordre,relation,Localisations,Ordre,decouverte|information_service|loisir_plein_air|restauration|transport,shared,,excluded_auxiliary,excluded,excluded,not_exported,field-union.json,Ordering/pictogram metadata
Localisations.SyndicObjectId,relation,Localisations,SyndicObjectId,decouverte|information_service|loisir_plein_air|restauration|transport,shared,object_interop_extension,target_identity_roundtrip,pending_crt,pending_crt,public.object_interop_extension,field-union.json,CRT must confirm identifiers required on write
Localisations.ThesCode,relation,Localisations,ThesCode,decouverte|information_service|loisir_plein_air|restauration|transport,shared,object_environment_tag + ref_code_environment_tag,profile_value_crosswalk,approved,approved,api.tourinsoft_reunion_regional_documents,field-union.json,Typed canonical mapping
Localisations.ThesID,relation,Localisations,ThesID,decouverte|information_service|loisir_plein_air|restauration|transport,shared,object_interop_extension,target_identity_roundtrip,pending_crt,pending_crt,public.object_interop_extension,field-union.json,CRT must confirm identifiers required on write
Localisations.ThesLibelle,relation,Localisations,ThesLibelle,decouverte|information_service|loisir_plein_air|restauration|transport,shared,object_environment_tag + ref_code_environment_tag,profile_value_crosswalk,approved,approved,api.tourinsoft_reunion_regional_documents,field-union.json,Typed canonical mapping
Localisations.ThesOrdre,relation,Localisations,ThesOrdre,decouverte|information_service|loisir_plein_air|restauration|transport,shared,,excluded_auxiliary,excluded,excluded,not_exported,field-union.json,Ordering/pictogram metadata
Localisations.ThesPicto,relation,Localisations,ThesPicto,decouverte|information_service|loisir_plein_air|restauration|transport,shared,,excluded_auxiliary,excluded,excluded,not_exported,field-union.json,Ordering/pictogram metadata
Localisationss.ID,relation,Localisationss,ID,hebergement,feed_specific,object_interop_extension,target_identity_roundtrip,pending_crt,pending_crt,public.object_interop_extension,field-union.json,CRT must confirm identifiers required on write
Localisationss.Ordre,relation,Localisationss,Ordre,hebergement,feed_specific,,excluded_auxiliary,excluded,excluded,not_exported,field-union.json,Ordering/pictogram metadata
Localisationss.SyndicObjectId,relation,Localisationss,SyndicObjectId,hebergement,feed_specific,object_interop_extension,target_identity_roundtrip,pending_crt,pending_crt,public.object_interop_extension,field-union.json,CRT must confirm identifiers required on write
Localisationss.ThesCode,relation,Localisationss,ThesCode,hebergement,feed_specific,object_environment_tag + ref_code_environment_tag,profile_value_crosswalk,approved,approved,api.tourinsoft_reunion_regional_documents,field-union.json,Typed canonical mapping
Localisationss.ThesID,relation,Localisationss,ThesID,hebergement,feed_specific,object_interop_extension,target_identity_roundtrip,pending_crt,pending_crt,public.object_interop_extension,field-union.json,CRT must confirm identifiers required on write
Localisationss.ThesLibelle,relation,Localisationss,ThesLibelle,hebergement,feed_specific,object_environment_tag + ref_code_environment_tag,profile_value_crosswalk,approved,approved,api.tourinsoft_reunion_regional_documents,field-union.json,Typed canonical mapping
Localisationss.ThesOrdre,relation,Localisationss,ThesOrdre,hebergement,feed_specific,,excluded_auxiliary,excluded,excluded,not_exported,field-union.json,Ordering/pictogram metadata
Localisationss.ThesPicto,relation,Localisationss,ThesPicto,hebergement,feed_specific,,excluded_auxiliary,excluded,excluded,not_exported,field-union.json,Ordering/pictogram metadata
Marques.ID,relation,Marques,ID,decouverte|information_service|loisir_plein_air|restauration|transport,shared,object_interop_extension,target_identity_roundtrip,pending_crt,pending_crt,public.object_interop_extension,field-union.json,CRT must confirm identifiers required on write
Marques.Ordre,relation,Marques,Ordre,decouverte|information_service|loisir_plein_air|restauration|transport,shared,,excluded_auxiliary,excluded,excluded,not_exported,field-union.json,Ordering/pictogram metadata
Marques.SyndicObjectId,relation,Marques,SyndicObjectId,decouverte|information_service|loisir_plein_air|restauration|transport,shared,object_interop_extension,target_identity_roundtrip,pending_crt,pending_crt,public.object_interop_extension,field-union.json,CRT must confirm identifiers required on write
Marques.ThesCode,relation,Marques,ThesCode,loisir_plein_air|restauration|transport,shared,object_classification + ref_classification_scheme,profile_value_crosswalk,approved,approved,api.tourinsoft_reunion_regional_documents,field-union.json,Typed canonical mapping
Marques.ThesID,relation,Marques,ThesID,loisir_plein_air|restauration|transport,shared,object_interop_extension,target_identity_roundtrip,pending_crt,pending_crt,public.object_interop_extension,field-union.json,CRT must confirm identifiers required on write
Marques.ThesLibelle,relation,Marques,ThesLibelle,loisir_plein_air|restauration|transport,shared,object_classification + ref_classification_scheme,profile_value_crosswalk,approved,approved,api.tourinsoft_reunion_regional_documents,field-union.json,Typed canonical mapping
Marques.ThesOrdre,relation,Marques,ThesOrdre,loisir_plein_air|restauration|transport,shared,,excluded_auxiliary,excluded,excluded,not_exported,field-union.json,Ordering/pictogram metadata
Marques.ThesPicto,relation,Marques,ThesPicto,loisir_plein_air|restauration|transport,shared,,excluded_auxiliary,excluded,excluded,not_exported,field-union.json,Ordering/pictogram metadata
ModesPaiements.ID,relation,ModesPaiements,ID,decouverte|hebergement|information_service|loisir_plein_air|restauration|transport,all_feeds,object_interop_extension,target_identity_roundtrip,pending_crt,pending_crt,public.object_interop_extension,field-union.json,CRT must confirm identifiers required on write
ModesPaiements.Ordre,relation,ModesPaiements,Ordre,decouverte|hebergement|information_service|loisir_plein_air|restauration|transport,all_feeds,,excluded_auxiliary,excluded,excluded,not_exported,field-union.json,Ordering/pictogram metadata
ModesPaiements.SyndicObjectId,relation,ModesPaiements,SyndicObjectId,decouverte|hebergement|information_service|loisir_plein_air|restauration|transport,all_feeds,object_interop_extension,target_identity_roundtrip,pending_crt,pending_crt,public.object_interop_extension,field-union.json,CRT must confirm identifiers required on write
ModesPaiements.ThesCode,relation,ModesPaiements,ThesCode,decouverte|hebergement|information_service|loisir_plein_air|restauration|transport,all_feeds,object_payment_method + ref_code_payment_method,profile_value_crosswalk,approved,approved,api.tourinsoft_reunion_regional_documents,field-union.json,Typed canonical mapping
ModesPaiements.ThesID,relation,ModesPaiements,ThesID,decouverte|hebergement|information_service|loisir_plein_air|restauration|transport,all_feeds,object_interop_extension,target_identity_roundtrip,pending_crt,pending_crt,public.object_interop_extension,field-union.json,CRT must confirm identifiers required on write
ModesPaiements.ThesLibelle,relation,ModesPaiements,ThesLibelle,decouverte|hebergement|information_service|loisir_plein_air|restauration|transport,all_feeds,object_payment_method + ref_code_payment_method,profile_value_crosswalk,approved,approved,api.tourinsoft_reunion_regional_documents,field-union.json,Typed canonical mapping
ModesPaiements.ThesOrdre,relation,ModesPaiements,ThesOrdre,decouverte|hebergement|information_service|loisir_plein_air|restauration|transport,all_feeds,,excluded_auxiliary,excluded,excluded,not_exported,field-union.json,Ordering/pictogram metadata
ModesPaiements.ThesPicto,relation,ModesPaiements,ThesPicto,decouverte|hebergement|information_service|loisir_plein_air|restauration|transport,all_feeds,,excluded_auxiliary,excluded,excluded,not_exported,field-union.json,Ordering/pictogram metadata
moniteurcertifies.Expertaccrediteprestationliee,relation,moniteurcertifies,Expertaccrediteprestationliee,loisir_plein_air,feed_specific,object_interop_extension.data,profile_scoped_roundtrip,pending_crt,pending_crt,public.object_interop_extension,field-union.json,No approved canonical Bertel mapping yet; preserved without loss when supplied by the CRT connector
moniteurcertifies.ID,relation,moniteurcertifies,ID,loisir_plein_air,feed_specific,object_interop_extension,target_identity_roundtrip,pending_crt,pending_crt,public.object_interop_extension,field-union.json,CRT must confirm identifiers required on write
moniteurcertifies.Ordre,relation,moniteurcertifies,Ordre,loisir_plein_air,feed_specific,,excluded_auxiliary,excluded,excluded,not_exported,field-union.json,Ordering/pictogram metadata
moniteurcertifies.SyndicObjectId,relation,moniteurcertifies,SyndicObjectId,loisir_plein_air,feed_specific,object_interop_extension,target_identity_roundtrip,pending_crt,pending_crt,public.object_interop_extension,field-union.json,CRT must confirm identifiers required on write
Moyencommunications.Complementdinformations,relation,Moyencommunications,Complementdinformations,decouverte|hebergement|information_service|loisir_plein_air|restauration|transport,all_feeds,object_interop_extension.data,profile_scoped_roundtrip,pending_crt,pending_crt,public.object_interop_extension,field-union.json,No approved canonical Bertel mapping yet; preserved without loss when supplied by the CRT connector
Moyencommunications.Coordonnees,relation,Moyencommunications,Coordonnees,decouverte|hebergement|information_service|loisir_plein_air|restauration|transport,all_feeds,contact_channel + ref_code_contact_kind,public_contact_crosswalk,approved,approved,api.tourinsoft_reunion_regional_documents,field-union.json,Public contacts only
Moyencommunications.ID,relation,Moyencommunications,ID,decouverte|hebergement|information_service|loisir_plein_air|restauration|transport,all_feeds,object_interop_extension,target_identity_roundtrip,pending_crt,pending_crt,public.object_interop_extension,field-union.json,CRT must confirm identifiers required on write
Moyencommunications.Moyendecommunication,relation,Moyencommunications,Moyendecommunication,decouverte|hebergement|information_service|restauration|transport,shared,object_interop_extension.data,profile_scoped_roundtrip,pending_crt,pending_crt,public.object_interop_extension,field-union.json,No approved canonical Bertel mapping yet; preserved without loss when supplied by the CRT connector
Moyencommunications.Moyendecommunication.ThesCode,relation,Moyencommunications,Moyendecommunication.ThesCode,decouverte|hebergement|information_service|loisir_plein_air|restauration|transport,all_feeds,contact_channel + ref_code_contact_kind,public_contact_crosswalk,approved,approved,api.tourinsoft_reunion_regional_documents,field-union.json,Public contacts only
Moyencommunications.Moyendecommunication.ThesID,relation,Moyencommunications,Moyendecommunication.ThesID,decouverte|hebergement|information_service|loisir_plein_air|restauration|transport,all_feeds,object_interop_extension,target_identity_roundtrip,pending_crt,pending_crt,public.object_interop_extension,field-union.json,CRT must confirm identifiers required on write
Moyencommunications.Moyendecommunication.ThesLibelle,relation,Moyencommunications,Moyendecommunication.ThesLibelle,decouverte|hebergement|information_service|loisir_plein_air|restauration|transport,all_feeds,contact_channel + ref_code_contact_kind,public_contact_crosswalk,approved,approved,api.tourinsoft_reunion_regional_documents,field-union.json,Public contacts only
Moyencommunications.Moyendecommunication.ThesOrdre,relation,Moyencommunications,Moyendecommunication.ThesOrdre,decouverte|hebergement|information_service|loisir_plein_air|restauration|transport,all_feeds,,excluded_auxiliary,excluded,excluded,not_exported,field-union.json,Ordering/pictogram metadata
Moyencommunications.Moyendecommunication.ThesPicto,relation,Moyencommunications,Moyendecommunication.ThesPicto,decouverte|hebergement|information_service|loisir_plein_air|restauration|transport,all_feeds,,excluded_auxiliary,excluded,excluded,not_exported,field-union.json,Ordering/pictogram metadata
Moyencommunications.Ordre,relation,Moyencommunications,Ordre,decouverte|hebergement|information_service|loisir_plein_air|restauration|transport,all_feeds,,excluded_auxiliary,excluded,excluded,not_exported,field-union.json,Ordering/pictogram metadata
Moyencommunications.SyndicObjectId,relation,Moyencommunications,SyndicObjectId,decouverte|hebergement|information_service|loisir_plein_air|restauration|transport,all_feeds,object_interop_extension,target_identity_roundtrip,pending_crt,pending_crt,public.object_interop_extension,field-union.json,CRT must confirm identifiers required on write
Moyencommunications.Typedecoordonnees.ThesCode,relation,Moyencommunications,Typedecoordonnees.ThesCode,decouverte|hebergement|information_service|loisir_plein_air|restauration|transport,all_feeds,contact_channel + ref_code_contact_kind,public_contact_crosswalk,approved,approved,api.tourinsoft_reunion_regional_documents,field-union.json,Public contacts only
Moyencommunications.Typedecoordonnees.ThesID,relation,Moyencommunications,Typedecoordonnees.ThesID,decouverte|hebergement|information_service|loisir_plein_air|restauration|transport,all_feeds,object_interop_extension,target_identity_roundtrip,pending_crt,pending_crt,public.object_interop_extension,field-union.json,CRT must confirm identifiers required on write
Moyencommunications.Typedecoordonnees.ThesLibelle,relation,Moyencommunications,Typedecoordonnees.ThesLibelle,decouverte|hebergement|information_service|loisir_plein_air|restauration|transport,all_feeds,contact_channel + ref_code_contact_kind,public_contact_crosswalk,approved,approved,api.tourinsoft_reunion_regional_documents,field-union.json,Public contacts only
Moyencommunications.Typedecoordonnees.ThesOrdre,relation,Moyencommunications,Typedecoordonnees.ThesOrdre,decouverte|hebergement|information_service|loisir_plein_air|restauration|transport,all_feeds,,excluded_auxiliary,excluded,excluded,not_exported,field-union.json,Ordering/pictogram metadata
Moyencommunications.Typedecoordonnees.ThesPicto,relation,Moyencommunications,Typedecoordonnees.ThesPicto,decouverte|hebergement|information_service|loisir_plein_air|restauration|transport,all_feeds,,excluded_auxiliary,excluded,excluded,not_exported,field-union.json,Ordering/pictogram metadata
object.AccessibilitePMR,object,,AccessibilitePMR,restauration,feed_specific,object_interop_extension.data,profile_scoped_roundtrip,pending_crt,pending_crt,public.object_interop_extension,field-union.json,No approved canonical Bertel mapping yet; preserved without loss when supplied by the CRT connector
object.AccueilPMR,object,,AccueilPMR,decouverte|hebergement|information_service|loisir_plein_air,shared,object_interop_extension.data,profile_scoped_roundtrip,pending_crt,pending_crt,public.object_interop_extension,field-union.json,No approved canonical Bertel mapping yet; preserved without loss when supplied by the CRT connector
object.Adresse1,object,,Adresse1,decouverte|hebergement|information_service|loisir_plein_air|restauration|transport,all_feeds,object_location.address1,main_location,approved,approved,api.tourinsoft_reunion_regional_documents,field-union.json,Canonical regional serializer
object.Adresse2,object,,Adresse2,decouverte|hebergement|information_service|loisir_plein_air|restauration|transport,all_feeds,object_location.address2,main_location,approved,approved,api.tourinsoft_reunion_regional_documents,field-union.json,Canonical regional serializer
object.Adresse3,object,,Adresse3,decouverte|hebergement|information_service|loisir_plein_air|restauration|transport,all_feeds,object_location.address3,main_location,approved,approved,api.tourinsoft_reunion_regional_documents,field-union.json,Canonical regional serializer
object.Allinclusive,object,,Allinclusive,hebergement,feed_specific,object_interop_extension.data,profile_scoped_roundtrip,pending_crt,pending_crt,public.object_interop_extension,field-union.json,No approved canonical Bertel mapping yet; preserved without loss when supplied by the CRT connector
object.Bureau.ThesCode,object,,Bureau.ThesCode,decouverte|hebergement|information_service|loisir_plein_air|restauration|transport,all_feeds,,target_managed_provenance,excluded,excluded,not_exported,field-union.json,Managed by the CRT account/structure
object.Bureau.ThesID,object,,Bureau.ThesID,decouverte|hebergement|information_service|loisir_plein_air|restauration|transport,all_feeds,,target_managed_provenance,excluded,excluded,not_exported,field-union.json,Managed by the CRT account/structure
object.Bureau.ThesLibelle,object,,Bureau.ThesLibelle,decouverte|hebergement|information_service|loisir_plein_air|restauration|transport,all_feeds,,target_managed_provenance,excluded,excluded,not_exported,field-union.json,Managed by the CRT account/structure
object.Bureau.ThesOrdre,object,,Bureau.ThesOrdre,decouverte|hebergement|information_service|loisir_plein_air|restauration|transport,all_feeds,,target_managed_provenance,excluded,excluded,not_exported,field-union.json,Managed by the CRT account/structure
object.Bureau.ThesPicto,object,,Bureau.ThesPicto,decouverte|hebergement|information_service|loisir_plein_air|restauration|transport,all_feeds,,target_managed_provenance,excluded,excluded,not_exported,field-union.json,Managed by the CRT account/structure
object.Chaine,object,,Chaine,hebergement,feed_specific,object_interop_extension.data,profile_scoped_roundtrip,pending_crt,pending_crt,public.object_interop_extension,field-union.json,No approved canonical Bertel mapping yet; preserved without loss when supplied by the CRT connector
object.Chaine.ThesCode,object,,Chaine.ThesCode,hebergement,feed_specific,object_interop_extension.data,profile_scoped_roundtrip,pending_crt,pending_crt,public.object_interop_extension,field-union.json,No approved canonical Bertel mapping yet; preserved without loss when supplied by the CRT connector
object.Chaine.ThesID,object,,Chaine.ThesID,hebergement,feed_specific,object_interop_extension,target_identity_roundtrip,pending_crt,pending_crt,public.object_interop_extension,field-union.json,CRT must confirm identifiers required on write
object.Chaine.ThesLibelle,object,,Chaine.ThesLibelle,hebergement,feed_specific,object_interop_extension.data,profile_scoped_roundtrip,pending_crt,pending_crt,public.object_interop_extension,field-union.json,No approved canonical Bertel mapping yet; preserved without loss when supplied by the CRT connector
object.Chaine.ThesOrdre,object,,Chaine.ThesOrdre,hebergement,feed_specific,,excluded_auxiliary,excluded,excluded,not_exported,field-union.json,Ordering/pictogram metadata
object.Chaine.ThesPicto,object,,Chaine.ThesPicto,hebergement,feed_specific,,excluded_auxiliary,excluded,excluded,not_exported,field-union.json,Ordering/pictogram metadata
object.ClassementPrefectoral,object,,ClassementPrefectoral,hebergement,feed_specific,object_interop_extension.data,profile_scoped_roundtrip,pending_crt,pending_crt,public.object_interop_extension,field-union.json,No approved canonical Bertel mapping yet; preserved without loss when supplied by the CRT connector
object.ClassificationCategorie.ThesCode,object,,ClassificationCategorie.ThesCode,information_service,feed_specific,object_taxonomy + ref_interop_value_crosswalk,taxonomy_crosswalk,approved,approved,api.tourinsoft_reunion_regional_documents,field-union.json,Information/service scalar category
object.ClassificationCategorie.ThesID,object,,ClassificationCategorie.ThesID,information_service,feed_specific,object_interop_extension,target_identity_roundtrip,pending_crt,pending_crt,public.object_interop_extension,field-union.json,CRT must confirm identifiers required on write
object.ClassificationCategorie.ThesLibelle,object,,ClassificationCategorie.ThesLibelle,information_service,feed_specific,object_taxonomy + ref_interop_value_crosswalk,taxonomy_crosswalk,approved,approved,api.tourinsoft_reunion_regional_documents,field-union.json,Information/service scalar category
object.ClassificationCategorie.ThesOrdre,object,,ClassificationCategorie.ThesOrdre,information_service,feed_specific,,excluded_auxiliary,excluded,excluded,not_exported,field-union.json,Ordering/pictogram metadata
object.ClassificationCategorie.ThesPicto,object,,ClassificationCategorie.ThesPicto,information_service,feed_specific,,excluded_auxiliary,excluded,excluded,not_exported,field-union.json,Ordering/pictogram metadata
object.ClassificationType,object,,ClassificationType,hebergement|loisir_plein_air,shared,object_interop_extension.data,profile_scoped_roundtrip,pending_crt,pending_crt,public.object_interop_extension,field-union.json,No approved canonical Bertel mapping yet; preserved without loss when supplied by the CRT connector
object.ClassificationType.ThesCode,object,,ClassificationType.ThesCode,decouverte|hebergement|information_service|loisir_plein_air|restauration|transport,all_feeds,ref_tourinsoft_reunion_profile,profile_constant,approved,approved,api.tourinsoft_reunion_regional_documents,field-union.json,Exact feed profile
object.ClassificationType.ThesID,object,,ClassificationType.ThesID,decouverte|hebergement|information_service|loisir_plein_air|restauration|transport,all_feeds,object_interop_extension,target_identity_roundtrip,pending_crt,pending_crt,public.object_interop_extension,field-union.json,CRT must confirm identifiers required on write
object.ClassificationType.ThesLibelle,object,,ClassificationType.ThesLibelle,decouverte|hebergement|information_service|loisir_plein_air|restauration|transport,all_feeds,ref_tourinsoft_reunion_profile,profile_constant,approved,approved,api.tourinsoft_reunion_regional_documents,field-union.json,Exact feed profile
object.ClassificationType.ThesOrdre,object,,ClassificationType.ThesOrdre,decouverte|hebergement|information_service|loisir_plein_air|restauration|transport,all_feeds,,excluded_auxiliary,excluded,excluded,not_exported,field-union.json,Ordering/pictogram metadata
object.ClassificationType.ThesPicto,object,,ClassificationType.ThesPicto,decouverte|hebergement|information_service|loisir_plein_air|restauration|transport,all_feeds,,excluded_auxiliary,excluded,excluded,not_exported,field-union.json,Ordering/pictogram metadata
object.CodeINSEE,object,,CodeINSEE,decouverte|hebergement|information_service|loisir_plein_air|restauration|transport,all_feeds,object_location.code_insee,main_location,approved,approved,api.tourinsoft_reunion_regional_documents,field-union.json,Canonical regional serializer
object.CodePostal,object,,CodePostal,decouverte|hebergement|information_service|loisir_plein_air|restauration|transport,all_feeds,object_location.postcode,main_location,approved,approved,api.tourinsoft_reunion_regional_documents,field-union.json,Canonical regional serializer
object.Commune,object,,Commune,decouverte|hebergement|information_service|loisir_plein_air|restauration|transport,all_feeds,object_location.city,main_location,approved,approved,api.tourinsoft_reunion_regional_documents,field-union.json,Canonical regional serializer
object.EnLigne,object,,EnLigne,decouverte|restauration,shared,object.status,published_to_true,approved,approved,api.tourinsoft_reunion_regional_documents,field-union.json,Canonical regional serializer
object.GmapLatitude,object,,GmapLatitude,decouverte|hebergement|information_service|loisir_plein_air|restauration|transport,all_feeds,object_location.latitude,decimal_string,approved,approved,api.tourinsoft_reunion_regional_documents,field-union.json,Canonical regional serializer
object.GmapLongitude,object,,GmapLongitude,decouverte|hebergement|information_service|loisir_plein_air|restauration|transport,all_feeds,object_location.longitude,decimal_string,approved,approved,api.tourinsoft_reunion_regional_documents,field-union.json,Canonical regional serializer
object.Groupeaccepte,object,,Groupeaccepte,decouverte,feed_specific,object_group_policy,policy_exists,approved,approved,api.tourinsoft_reunion_regional_documents,field-union.json,Canonical regional serializer
object.IdentifiantSoubik,object,,IdentifiantSoubik,decouverte|hebergement|information_service|loisir_plein_air|restauration|transport,all_feeds,object_interop_extension,target_identity_roundtrip,pending_crt,pending_crt,public.object_interop_extension,field-union.json,CRT must confirm identifiers required on write
object.Lieudit,object,,Lieudit,decouverte|hebergement|information_service|loisir_plein_air|restauration|transport,all_feeds,object_interop_extension.data,profile_scoped_roundtrip,pending_crt,pending_crt,public.object_interop_extension,field-union.json,No approved canonical Bertel mapping yet; preserved without loss when supplied by the CRT connector
object.Lieudit.ThesCode,object,,Lieudit.ThesCode,decouverte|hebergement|information_service|loisir_plein_air|restauration|transport,all_feeds,object_interop_extension.data,profile_scoped_roundtrip,pending_crt,pending_crt,public.object_interop_extension,field-union.json,No approved canonical Bertel mapping yet; preserved without loss when supplied by the CRT connector
object.Lieudit.ThesID,object,,Lieudit.ThesID,decouverte|hebergement|information_service|loisir_plein_air|restauration|transport,all_feeds,object_interop_extension,target_identity_roundtrip,pending_crt,pending_crt,public.object_interop_extension,field-union.json,CRT must confirm identifiers required on write
object.Lieudit.ThesLibelle,object,,Lieudit.ThesLibelle,decouverte|hebergement|information_service|loisir_plein_air|restauration|transport,all_feeds,object_location.lieu_dit,thesaurus_shape,approved,approved,api.tourinsoft_reunion_regional_documents,field-union.json,Canonical location
object.Lieudit.ThesOrdre,object,,Lieudit.ThesOrdre,decouverte|hebergement|information_service|loisir_plein_air|restauration|transport,all_feeds,,excluded_auxiliary,excluded,excluded,not_exported,field-union.json,Ordering/pictogram metadata
object.Lieudit.ThesPicto,object,,Lieudit.ThesPicto,decouverte|hebergement|information_service|loisir_plein_air|restauration|transport,all_feeds,,excluded_auxiliary,excluded,excluded,not_exported,field-union.json,Ordering/pictogram metadata
object.Menuenfant,object,,Menuenfant,restauration,feed_specific,object_menu,public_child_menu_exists,approved,approved,api.tourinsoft_reunion_regional_documents,field-union.json,Canonical regional serializer
object.Nometablissement,object,,Nometablissement,decouverte|hebergement|information_service|loisir_plein_air|restauration|transport,all_feeds,object.name,direct,approved,approved,api.tourinsoft_reunion_regional_documents,field-union.json,Canonical regional serializer
object.ObjectTypeFix,object,,ObjectTypeFix,decouverte|hebergement|information_service|loisir_plein_air|restauration|transport,all_feeds,ref_interop_value_crosswalk.target_external_id,profile_crosswalk,approved,approved,api.tourinsoft_reunion_regional_documents,field-union.json,Canonical regional serializer
object.ObjectTypeName,object,,ObjectTypeName,decouverte|hebergement|information_service|loisir_plein_air|restauration|transport,all_feeds,ref_interop_value_crosswalk.target_label,profile_crosswalk,approved,approved,api.tourinsoft_reunion_regional_documents,field-union.json,Canonical regional serializer
object.Ouvertdimanchesoir,object,,Ouvertdimanchesoir,restauration,feed_specific,opening_*,sunday_frame_after_18h,approved,approved,api.tourinsoft_reunion_regional_documents,field-union.json,Canonical regional serializer
object.Published,object,,Published,decouverte|hebergement|information_service|loisir_plein_air|restauration|transport,all_feeds,object.published_at | object.updated_at,iso_datetime,approved,approved,api.tourinsoft_reunion_regional_documents,field-union.json,Canonical regional serializer
object.RaisonSociale,object,,RaisonSociale,decouverte|hebergement|information_service|loisir_plein_air|restauration|transport,all_feeds,,excluded_private,excluded,excluded,not_exported,field-union.json,Bertel legal type is non-public
object.Receptiongroupe,object,,Receptiongroupe,restauration,feed_specific,object_group_policy,policy_exists,approved,approved,api.tourinsoft_reunion_regional_documents,field-union.json,Canonical regional serializer
object.SIRET,object,,SIRET,decouverte|hebergement|information_service|loisir_plein_air|restauration|transport,all_feeds,object_legal.value,active_public_siret,approved,approved,api.tourinsoft_reunion_regional_documents,field-union.json,Canonical regional serializer
object.Surreservation,object,,Surreservation,loisir_plein_air|restauration|transport,shared,object_interop_extension.data,profile_scoped_roundtrip,pending_crt,pending_crt,public.object_interop_extension,field-union.json,No approved canonical Bertel mapping yet; preserved without loss when supplied by the CRT connector
object.SyndicObjectID,object,,SyndicObjectID,decouverte|hebergement|information_service|loisir_plein_air|restauration|transport,all_feeds,object_interop_extension.external_id,profile_scoped_target_identity,approved,approved,api.tourinsoft_reunion_regional_documents,field-union.json,Omitted until the CRT assigns or confirms the identifier; never synthesized from the Bertel UUID
object.SyndicObjectName,object,,SyndicObjectName,decouverte|hebergement|information_service|loisir_plein_air|restauration|transport,all_feeds,object.name,direct,approved,approved,api.tourinsoft_reunion_regional_documents,field-union.json,Canonical regional serializer
object.SyndicObjectOrder,object,,SyndicObjectOrder,decouverte|hebergement|information_service|loisir_plein_air|restauration|transport,all_feeds,,excluded_auxiliary,excluded,excluded,not_exported,field-union.json,Ordering/pictogram metadata
object.SyndicStructureId,object,,SyndicStructureId,decouverte|hebergement|information_service|loisir_plein_air|restauration|transport,all_feeds,object_interop_extension,target_identity_roundtrip,pending_crt,pending_crt,public.object_interop_extension,field-union.json,CRT must confirm identifiers required on write
object.TIS_TRACKING_LISTING_OFFRE,object,,TIS_TRACKING_LISTING_OFFRE,decouverte|hebergement|information_service|loisir_plein_air|restauration|transport,all_feeds,,excluded_auxiliary,excluded,excluded,not_exported,field-union.json,"Tourinsoft tracking, not business data"
object.TIS_TRACKING_OFFRE,object,,TIS_TRACKING_OFFRE,decouverte|hebergement|information_service|loisir_plein_air|restauration|transport,all_feeds,,excluded_auxiliary,excluded,excluded,not_exported,field-union.json,"Tourinsoft tracking, not business data"
object.Updated,object,,Updated,decouverte|hebergement|information_service|loisir_plein_air|restauration|transport,all_feeds,object.updated_at,iso_datetime,approved,approved,api.tourinsoft_reunion_regional_documents,field-union.json,Canonical regional serializer
PeriodeOuvertures.Datedebut,relation,PeriodeOuvertures,Datedebut,decouverte|hebergement|information_service|loisir_plein_air|restauration|transport,all_feeds,opening_period + opening_schedule + opening_time_*,flatten_weekday_slots,approved,approved,api.tourinsoft_reunion_regional_documents,field-union.json,Two stable slots per weekday
PeriodeOuvertures.Datefin,relation,PeriodeOuvertures,Datefin,decouverte|hebergement|information_service|loisir_plein_air|restauration|transport,all_feeds,opening_period + opening_schedule + opening_time_*,flatten_weekday_slots,approved,approved,api.tourinsoft_reunion_regional_documents,field-union.json,Two stable slots per weekday
PeriodeOuvertures.dimancheheuredebut1,relation,PeriodeOuvertures,dimancheheuredebut1,decouverte|hebergement|information_service|loisir_plein_air|restauration|transport,all_feeds,opening_period + opening_schedule + opening_time_*,flatten_weekday_slots,approved,approved,api.tourinsoft_reunion_regional_documents,field-union.json,Two stable slots per weekday
PeriodeOuvertures.dimancheheuredebut2,relation,PeriodeOuvertures,dimancheheuredebut2,decouverte|hebergement|information_service|loisir_plein_air|restauration|transport,all_feeds,opening_period + opening_schedule + opening_time_*,flatten_weekday_slots,approved,approved,api.tourinsoft_reunion_regional_documents,field-union.json,Two stable slots per weekday
PeriodeOuvertures.dimancheheurefin1,relation,PeriodeOuvertures,dimancheheurefin1,decouverte|hebergement|information_service|loisir_plein_air|restauration|transport,all_feeds,opening_period + opening_schedule + opening_time_*,flatten_weekday_slots,approved,approved,api.tourinsoft_reunion_regional_documents,field-union.json,Two stable slots per weekday
PeriodeOuvertures.dimancheheurefin2,relation,PeriodeOuvertures,dimancheheurefin2,decouverte|hebergement|information_service|loisir_plein_air|restauration|transport,all_feeds,opening_period + opening_schedule + opening_time_*,flatten_weekday_slots,approved,approved,api.tourinsoft_reunion_regional_documents,field-union.json,Two stable slots per weekday
PeriodeOuvertures.heuredebut1,relation,PeriodeOuvertures,heuredebut1,decouverte|hebergement|information_service|loisir_plein_air|restauration|transport,all_feeds,object_interop_extension.data,profile_scoped_roundtrip,pending_crt,pending_crt,public.object_interop_extension,field-union.json,No approved canonical Bertel mapping yet; preserved without loss when supplied by the CRT connector
PeriodeOuvertures.heuredebut2,relation,PeriodeOuvertures,heuredebut2,decouverte|hebergement|information_service|loisir_plein_air|restauration|transport,all_feeds,object_interop_extension.data,profile_scoped_roundtrip,pending_crt,pending_crt,public.object_interop_extension,field-union.json,No approved canonical Bertel mapping yet; preserved without loss when supplied by the CRT connector
PeriodeOuvertures.heurefin1,relation,PeriodeOuvertures,heurefin1,decouverte|hebergement|information_service|loisir_plein_air|restauration|transport,all_feeds,object_interop_extension.data,profile_scoped_roundtrip,pending_crt,pending_crt,public.object_interop_extension,field-union.json,No approved canonical Bertel mapping yet; preserved without loss when supplied by the CRT connector
PeriodeOuvertures.heurefin2,relation,PeriodeOuvertures,heurefin2,decouverte|hebergement|information_service|loisir_plein_air|restauration|transport,all_feeds,object_interop_extension.data,profile_scoped_roundtrip,pending_crt,pending_crt,public.object_interop_extension,field-union.json,No approved canonical Bertel mapping yet; preserved without loss when supplied by the CRT connector
PeriodeOuvertures.ID,relation,PeriodeOuvertures,ID,decouverte|hebergement|information_service|loisir_plein_air|restauration|transport,all_feeds,object_interop_extension,target_identity_roundtrip,pending_crt,pending_crt,public.object_interop_extension,field-union.json,CRT must confirm identifiers required on write
PeriodeOuvertures.jeudiheuredebut1,relation,PeriodeOuvertures,jeudiheuredebut1,decouverte|hebergement|information_service|loisir_plein_air|restauration|transport,all_feeds,opening_period + opening_schedule + opening_time_*,flatten_weekday_slots,approved,approved,api.tourinsoft_reunion_regional_documents,field-union.json,Two stable slots per weekday
PeriodeOuvertures.jeudiheuredebut2,relation,PeriodeOuvertures,jeudiheuredebut2,decouverte|hebergement|information_service|loisir_plein_air|restauration|transport,all_feeds,opening_period + opening_schedule + opening_time_*,flatten_weekday_slots,approved,approved,api.tourinsoft_reunion_regional_documents,field-union.json,Two stable slots per weekday
PeriodeOuvertures.jeudiheurefin1,relation,PeriodeOuvertures,jeudiheurefin1,decouverte|hebergement|information_service|loisir_plein_air|restauration|transport,all_feeds,opening_period + opening_schedule + opening_time_*,flatten_weekday_slots,approved,approved,api.tourinsoft_reunion_regional_documents,field-union.json,Two stable slots per weekday
PeriodeOuvertures.jeudiheurefin2,relation,PeriodeOuvertures,jeudiheurefin2,decouverte|hebergement|information_service|loisir_plein_air|restauration|transport,all_feeds,opening_period + opening_schedule + opening_time_*,flatten_weekday_slots,approved,approved,api.tourinsoft_reunion_regional_documents,field-union.json,Two stable slots per weekday
PeriodeOuvertures.lundiheuredebut1,relation,PeriodeOuvertures,lundiheuredebut1,decouverte|hebergement|information_service|loisir_plein_air|restauration|transport,all_feeds,opening_period + opening_schedule + opening_time_*,flatten_weekday_slots,approved,approved,api.tourinsoft_reunion_regional_documents,field-union.json,Two stable slots per weekday
PeriodeOuvertures.lundiheuredebut2,relation,PeriodeOuvertures,lundiheuredebut2,decouverte|hebergement|information_service|loisir_plein_air|restauration|transport,all_feeds,opening_period + opening_schedule + opening_time_*,flatten_weekday_slots,approved,approved,api.tourinsoft_reunion_regional_documents,field-union.json,Two stable slots per weekday
PeriodeOuvertures.lundiheurefin1,relation,PeriodeOuvertures,lundiheurefin1,decouverte|hebergement|information_service|loisir_plein_air|restauration|transport,all_feeds,opening_period + opening_schedule + opening_time_*,flatten_weekday_slots,approved,approved,api.tourinsoft_reunion_regional_documents,field-union.json,Two stable slots per weekday
PeriodeOuvertures.lundiheurefin2,relation,PeriodeOuvertures,lundiheurefin2,decouverte|hebergement|information_service|loisir_plein_air|restauration|transport,all_feeds,opening_period + opening_schedule + opening_time_*,flatten_weekday_slots,approved,approved,api.tourinsoft_reunion_regional_documents,field-union.json,Two stable slots per weekday
PeriodeOuvertures.mardiheuredebut1,relation,PeriodeOuvertures,mardiheuredebut1,decouverte|hebergement|information_service|loisir_plein_air|restauration|transport,all_feeds,opening_period + opening_schedule + opening_time_*,flatten_weekday_slots,approved,approved,api.tourinsoft_reunion_regional_documents,field-union.json,Two stable slots per weekday
PeriodeOuvertures.mardiheuredebut2,relation,PeriodeOuvertures,mardiheuredebut2,decouverte|hebergement|information_service|loisir_plein_air|restauration|transport,all_feeds,opening_period + opening_schedule + opening_time_*,flatten_weekday_slots,approved,approved,api.tourinsoft_reunion_regional_documents,field-union.json,Two stable slots per weekday
PeriodeOuvertures.mardiheurefin1,relation,PeriodeOuvertures,mardiheurefin1,decouverte|hebergement|information_service|loisir_plein_air|restauration|transport,all_feeds,opening_period + opening_schedule + opening_time_*,flatten_weekday_slots,approved,approved,api.tourinsoft_reunion_regional_documents,field-union.json,Two stable slots per weekday
PeriodeOuvertures.mardiheurefin2,relation,PeriodeOuvertures,mardiheurefin2,decouverte|hebergement|information_service|loisir_plein_air|restauration|transport,all_feeds,opening_period + opening_schedule + opening_time_*,flatten_weekday_slots,approved,approved,api.tourinsoft_reunion_regional_documents,field-union.json,Two stable slots per weekday
PeriodeOuvertures.mercrediheuredebut1,relation,PeriodeOuvertures,mercrediheuredebut1,decouverte|hebergement|information_service|loisir_plein_air|restauration|transport,all_feeds,opening_period + opening_schedule + opening_time_*,flatten_weekday_slots,approved,approved,api.tourinsoft_reunion_regional_documents,field-union.json,Two stable slots per weekday
PeriodeOuvertures.mercrediheuredebut2,relation,PeriodeOuvertures,mercrediheuredebut2,decouverte|hebergement|information_service|loisir_plein_air|restauration|transport,all_feeds,opening_period + opening_schedule + opening_time_*,flatten_weekday_slots,approved,approved,api.tourinsoft_reunion_regional_documents,field-union.json,Two stable slots per weekday
PeriodeOuvertures.mercrediheurefin1,relation,PeriodeOuvertures,mercrediheurefin1,decouverte|hebergement|information_service|loisir_plein_air|restauration|transport,all_feeds,opening_period + opening_schedule + opening_time_*,flatten_weekday_slots,approved,approved,api.tourinsoft_reunion_regional_documents,field-union.json,Two stable slots per weekday
PeriodeOuvertures.mercrediheurefin2,relation,PeriodeOuvertures,mercrediheurefin2,decouverte|hebergement|information_service|loisir_plein_air|restauration|transport,all_feeds,opening_period + opening_schedule + opening_time_*,flatten_weekday_slots,approved,approved,api.tourinsoft_reunion_regional_documents,field-union.json,Two stable slots per weekday
PeriodeOuvertures.Ordre,relation,PeriodeOuvertures,Ordre,decouverte|hebergement|information_service|loisir_plein_air|restauration|transport,all_feeds,,excluded_auxiliary,excluded,excluded,not_exported,field-union.json,Ordering/pictogram metadata
PeriodeOuvertures.Precisionssurlesfermetures,relation,PeriodeOuvertures,Precisionssurlesfermetures,decouverte|hebergement|information_service|loisir_plein_air|restauration|transport,all_feeds,object_interop_extension.data,profile_scoped_roundtrip,pending_crt,pending_crt,public.object_interop_extension,field-union.json,No approved canonical Bertel mapping yet; preserved without loss when supplied by the CRT connector
PeriodeOuvertures.Precisionssurlesouvertures,relation,PeriodeOuvertures,Precisionssurlesouvertures,decouverte|hebergement|information_service|loisir_plein_air|restauration|transport,all_feeds,opening_period + opening_schedule + opening_time_*,flatten_weekday_slots,approved,approved,api.tourinsoft_reunion_regional_documents,field-union.json,Two stable slots per weekday
PeriodeOuvertures.samediheuredebut1,relation,PeriodeOuvertures,samediheuredebut1,decouverte|hebergement|information_service|loisir_plein_air|restauration|transport,all_feeds,opening_period + opening_schedule + opening_time_*,flatten_weekday_slots,approved,approved,api.tourinsoft_reunion_regional_documents,field-union.json,Two stable slots per weekday
PeriodeOuvertures.samediheuredebut2,relation,PeriodeOuvertures,samediheuredebut2,decouverte|hebergement|information_service|loisir_plein_air|restauration|transport,all_feeds,opening_period + opening_schedule + opening_time_*,flatten_weekday_slots,approved,approved,api.tourinsoft_reunion_regional_documents,field-union.json,Two stable slots per weekday
PeriodeOuvertures.samediheurefin1,relation,PeriodeOuvertures,samediheurefin1,decouverte|hebergement|information_service|loisir_plein_air|restauration|transport,all_feeds,opening_period + opening_schedule + opening_time_*,flatten_weekday_slots,approved,approved,api.tourinsoft_reunion_regional_documents,field-union.json,Two stable slots per weekday
PeriodeOuvertures.samediheurefin2,relation,PeriodeOuvertures,samediheurefin2,decouverte|hebergement|information_service|loisir_plein_air|restauration|transport,all_feeds,opening_period + opening_schedule + opening_time_*,flatten_weekday_slots,approved,approved,api.tourinsoft_reunion_regional_documents,field-union.json,Two stable slots per weekday
PeriodeOuvertures.SyndicObjectId,relation,PeriodeOuvertures,SyndicObjectId,decouverte|hebergement|information_service|loisir_plein_air|restauration|transport,all_feeds,object_interop_extension,target_identity_roundtrip,pending_crt,pending_crt,public.object_interop_extension,field-union.json,CRT must confirm identifiers required on write
PeriodeOuvertures.vendrediheuredebut1,relation,PeriodeOuvertures,vendrediheuredebut1,decouverte|hebergement|information_service|loisir_plein_air|restauration|transport,all_feeds,opening_period + opening_schedule + opening_time_*,flatten_weekday_slots,approved,approved,api.tourinsoft_reunion_regional_documents,field-union.json,Two stable slots per weekday
PeriodeOuvertures.vendrediheuredebut2,relation,PeriodeOuvertures,vendrediheuredebut2,decouverte|hebergement|information_service|loisir_plein_air|restauration|transport,all_feeds,opening_period + opening_schedule + opening_time_*,flatten_weekday_slots,approved,approved,api.tourinsoft_reunion_regional_documents,field-union.json,Two stable slots per weekday
PeriodeOuvertures.vendrediheurefin1,relation,PeriodeOuvertures,vendrediheurefin1,decouverte|hebergement|information_service|loisir_plein_air|restauration|transport,all_feeds,opening_period + opening_schedule + opening_time_*,flatten_weekday_slots,approved,approved,api.tourinsoft_reunion_regional_documents,field-union.json,Two stable slots per weekday
PeriodeOuvertures.vendrediheurefin2,relation,PeriodeOuvertures,vendrediheurefin2,decouverte|hebergement|information_service|loisir_plein_air|restauration|transport,all_feeds,opening_period + opening_schedule + opening_time_*,flatten_weekday_slots,approved,approved,api.tourinsoft_reunion_regional_documents,field-union.json,Two stable slots per weekday
Photos.Datedefindutilisation,relation,Photos,Datedefindutilisation,decouverte|hebergement|information_service|loisir_plein_air|restauration|transport,all_feeds,media,published_public_unexpired_photo,approved,approved,api.tourinsoft_reunion_regional_documents,field-union.json,Rights/publication filtered
Photos.ID,relation,Photos,ID,decouverte|hebergement|information_service|loisir_plein_air|restauration|transport,all_feeds,object_interop_extension,target_identity_roundtrip,pending_crt,pending_crt,public.object_interop_extension,field-union.json,CRT must confirm identifiers required on write
Photos.Licencecreativecommons,relation,Photos,Licencecreativecommons,decouverte|hebergement|information_service|loisir_plein_air|restauration|transport,all_feeds,object_interop_extension.data,profile_scoped_roundtrip,pending_crt,pending_crt,public.object_interop_extension,field-union.json,No approved canonical Bertel mapping yet; preserved without loss when supplied by the CRT connector
Photos.Ordre,relation,Photos,Ordre,decouverte|hebergement|information_service|loisir_plein_air|restauration|transport,all_feeds,,excluded_auxiliary,excluded,excluded,not_exported,field-union.json,Ordering/pictogram metadata
Photos.Photo,relation,Photos,Photo,restauration,feed_specific,object_interop_extension.data,profile_scoped_roundtrip,pending_crt,pending_crt,public.object_interop_extension,field-union.json,No approved canonical Bertel mapping yet; preserved without loss when supplied by the CRT connector
Photos.Photo.Credit,relation,Photos,Photo.Credit,decouverte|hebergement|information_service|loisir_plein_air|restauration|transport,all_feeds,media,published_public_unexpired_photo,approved,approved,api.tourinsoft_reunion_regional_documents,field-union.json,Rights/publication filtered
Photos.Photo.MediaID,relation,Photos,Photo.MediaID,decouverte|hebergement|information_service|loisir_plein_air|restauration|transport,all_feeds,media,published_public_unexpired_photo,approved,approved,api.tourinsoft_reunion_regional_documents,field-union.json,Rights/publication filtered
Photos.Photo.Titre,relation,Photos,Photo.Titre,decouverte|hebergement|information_service|loisir_plein_air|restauration|transport,all_feeds,media,published_public_unexpired_photo,approved,approved,api.tourinsoft_reunion_regional_documents,field-union.json,Rights/publication filtered
Photos.Photo.Url,relation,Photos,Photo.Url,decouverte|hebergement|information_service|loisir_plein_air|restauration|transport,all_feeds,media,published_public_unexpired_photo,approved,approved,api.tourinsoft_reunion_regional_documents,field-union.json,Rights/publication filtered
Photos.SyndicObjectId,relation,Photos,SyndicObjectId,decouverte|hebergement|information_service|loisir_plein_air|restauration|transport,all_feeds,object_interop_extension,target_identity_roundtrip,pending_crt,pending_crt,public.object_interop_extension,field-union.json,CRT must confirm identifiers required on write
PrestationProximites.ID,relation,PrestationProximites,ID,decouverte|hebergement|information_service|loisir_plein_air|restauration|transport,all_feeds,object_interop_extension,target_identity_roundtrip,pending_crt,pending_crt,public.object_interop_extension,field-union.json,CRT must confirm identifiers required on write
PrestationProximites.Ordre,relation,PrestationProximites,Ordre,decouverte|hebergement|information_service|loisir_plein_air|restauration|transport,all_feeds,,excluded_auxiliary,excluded,excluded,not_exported,field-union.json,Ordering/pictogram metadata
PrestationProximites.SyndicObjectId,relation,PrestationProximites,SyndicObjectId,decouverte|hebergement|information_service|loisir_plein_air|restauration|transport,all_feeds,object_interop_extension,target_identity_roundtrip,pending_crt,pending_crt,public.object_interop_extension,field-union.json,CRT must confirm identifiers required on write
PrestationProximites.ThesCode,relation,PrestationProximites,ThesCode,decouverte|hebergement|information_service|loisir_plein_air|restauration|transport,all_feeds,object_interop_extension.data,profile_scoped_roundtrip,pending_crt,pending_crt,public.object_interop_extension,field-union.json,No approved canonical Bertel mapping yet; preserved without loss when supplied by the CRT connector
PrestationProximites.ThesID,relation,PrestationProximites,ThesID,decouverte|hebergement|information_service|loisir_plein_air|restauration|transport,all_feeds,object_interop_extension,target_identity_roundtrip,pending_crt,pending_crt,public.object_interop_extension,field-union.json,CRT must confirm identifiers required on write
PrestationProximites.ThesLibelle,relation,PrestationProximites,ThesLibelle,decouverte|hebergement|information_service|loisir_plein_air|restauration|transport,all_feeds,object_interop_extension.data,profile_scoped_roundtrip,pending_crt,pending_crt,public.object_interop_extension,field-union.json,No approved canonical Bertel mapping yet; preserved without loss when supplied by the CRT connector
PrestationProximites.ThesOrdre,relation,PrestationProximites,ThesOrdre,decouverte|hebergement|information_service|loisir_plein_air|restauration|transport,all_feeds,,excluded_auxiliary,excluded,excluded,not_exported,field-union.json,Ordering/pictogram metadata
PrestationProximites.ThesPicto,relation,PrestationProximites,ThesPicto,decouverte|hebergement|information_service|loisir_plein_air|restauration|transport,all_feeds,,excluded_auxiliary,excluded,excluded,not_exported,field-union.json,Ordering/pictogram metadata
PrestationsActivites.ID,relation,PrestationsActivites,ID,decouverte|hebergement|information_service|loisir_plein_air|restauration,shared,object_interop_extension,target_identity_roundtrip,pending_crt,pending_crt,public.object_interop_extension,field-union.json,CRT must confirm identifiers required on write
PrestationsActivites.Ordre,relation,PrestationsActivites,Ordre,decouverte|hebergement|information_service|loisir_plein_air|restauration,shared,,excluded_auxiliary,excluded,excluded,not_exported,field-union.json,Ordering/pictogram metadata
PrestationsActivites.SyndicObjectId,relation,PrestationsActivites,SyndicObjectId,decouverte|hebergement|information_service|loisir_plein_air|restauration,shared,object_interop_extension,target_identity_roundtrip,pending_crt,pending_crt,public.object_interop_extension,field-union.json,CRT must confirm identifiers required on write
PrestationsActivites.ThesCode,relation,PrestationsActivites,ThesCode,decouverte|hebergement|information_service|loisir_plein_air|restauration,shared,object_interop_extension.data,profile_scoped_roundtrip,pending_crt,pending_crt,public.object_interop_extension,field-union.json,No approved canonical Bertel mapping yet; preserved without loss when supplied by the CRT connector
PrestationsActivites.ThesID,relation,PrestationsActivites,ThesID,decouverte|hebergement|information_service|loisir_plein_air|restauration,shared,object_interop_extension,target_identity_roundtrip,pending_crt,pending_crt,public.object_interop_extension,field-union.json,CRT must confirm identifiers required on write
PrestationsActivites.ThesLibelle,relation,PrestationsActivites,ThesLibelle,decouverte|hebergement|information_service|loisir_plein_air|restauration,shared,object_interop_extension.data,profile_scoped_roundtrip,pending_crt,pending_crt,public.object_interop_extension,field-union.json,No approved canonical Bertel mapping yet; preserved without loss when supplied by the CRT connector
PrestationsActivites.ThesOrdre,relation,PrestationsActivites,ThesOrdre,decouverte|hebergement|information_service|loisir_plein_air|restauration,shared,,excluded_auxiliary,excluded,excluded,not_exported,field-union.json,Ordering/pictogram metadata
PrestationsActivites.ThesPicto,relation,PrestationsActivites,ThesPicto,decouverte|hebergement|information_service|loisir_plein_air|restauration,shared,,excluded_auxiliary,excluded,excluded,not_exported,field-union.json,Ordering/pictogram metadata
PrestationsEquipementss.ID,relation,PrestationsEquipementss,ID,decouverte|hebergement|information_service|loisir_plein_air|restauration|transport,all_feeds,object_interop_extension,target_identity_roundtrip,pending_crt,pending_crt,public.object_interop_extension,field-union.json,CRT must confirm identifiers required on write
PrestationsEquipementss.Ordre,relation,PrestationsEquipementss,Ordre,decouverte|hebergement|information_service|loisir_plein_air|restauration|transport,all_feeds,,excluded_auxiliary,excluded,excluded,not_exported,field-union.json,Ordering/pictogram metadata
PrestationsEquipementss.SyndicObjectId,relation,PrestationsEquipementss,SyndicObjectId,decouverte|hebergement|information_service|loisir_plein_air|restauration|transport,all_feeds,object_interop_extension,target_identity_roundtrip,pending_crt,pending_crt,public.object_interop_extension,field-union.json,CRT must confirm identifiers required on write
PrestationsEquipementss.ThesCode,relation,PrestationsEquipementss,ThesCode,decouverte|hebergement|information_service|loisir_plein_air|restauration|transport,all_feeds,object_amenity + ref_amenity,profile_value_crosswalk,approved,approved,api.tourinsoft_reunion_regional_documents,field-union.json,Typed canonical mapping
PrestationsEquipementss.ThesID,relation,PrestationsEquipementss,ThesID,decouverte|hebergement|information_service|loisir_plein_air|restauration|transport,all_feeds,object_interop_extension,target_identity_roundtrip,pending_crt,pending_crt,public.object_interop_extension,field-union.json,CRT must confirm identifiers required on write
PrestationsEquipementss.ThesLibelle,relation,PrestationsEquipementss,ThesLibelle,decouverte|hebergement|information_service|loisir_plein_air|restauration|transport,all_feeds,object_amenity + ref_amenity,profile_value_crosswalk,approved,approved,api.tourinsoft_reunion_regional_documents,field-union.json,Typed canonical mapping
PrestationsEquipementss.ThesOrdre,relation,PrestationsEquipementss,ThesOrdre,decouverte|hebergement|information_service|loisir_plein_air|restauration|transport,all_feeds,,excluded_auxiliary,excluded,excluded,not_exported,field-union.json,Ordering/pictogram metadata
PrestationsEquipementss.ThesPicto,relation,PrestationsEquipementss,ThesPicto,decouverte|hebergement|information_service|loisir_plein_air|restauration|transport,all_feeds,,excluded_auxiliary,excluded,excluded,not_exported,field-union.json,Ordering/pictogram metadata
Reseauxsociauxs.codeembed,relation,Reseauxsociauxs,codeembed,hebergement,feed_specific,object_interop_extension.data,profile_scoped_roundtrip,pending_crt,pending_crt,public.object_interop_extension,field-union.json,No approved canonical Bertel mapping yet; preserved without loss when supplied by the CRT connector
Reseauxsociauxs.ID,relation,Reseauxsociauxs,ID,hebergement,feed_specific,object_interop_extension,target_identity_roundtrip,pending_crt,pending_crt,public.object_interop_extension,field-union.json,CRT must confirm identifiers required on write
Reseauxsociauxs.Ordre,relation,Reseauxsociauxs,Ordre,hebergement,feed_specific,,excluded_auxiliary,excluded,excluded,not_exported,field-union.json,Ordering/pictogram metadata
Reseauxsociauxs.SyndicObjectId,relation,Reseauxsociauxs,SyndicObjectId,hebergement,feed_specific,object_interop_extension,target_identity_roundtrip,pending_crt,pending_crt,public.object_interop_extension,field-union.json,CRT must confirm identifiers required on write
Reseauxsociauxs.Typedeplateforme.ThesCode,relation,Reseauxsociauxs,Typedeplateforme.ThesCode,hebergement,feed_specific,object_web_channel + ref_code_social_network,public_social_crosswalk,approved,approved,api.tourinsoft_reunion_regional_documents,field-union.json,Public URLs only
Reseauxsociauxs.Typedeplateforme.ThesID,relation,Reseauxsociauxs,Typedeplateforme.ThesID,hebergement,feed_specific,object_interop_extension,target_identity_roundtrip,pending_crt,pending_crt,public.object_interop_extension,field-union.json,CRT must confirm identifiers required on write
Reseauxsociauxs.Typedeplateforme.ThesLibelle,relation,Reseauxsociauxs,Typedeplateforme.ThesLibelle,hebergement,feed_specific,object_web_channel + ref_code_social_network,public_social_crosswalk,approved,approved,api.tourinsoft_reunion_regional_documents,field-union.json,Public URLs only
Reseauxsociauxs.Typedeplateforme.ThesOrdre,relation,Reseauxsociauxs,Typedeplateforme.ThesOrdre,hebergement,feed_specific,,excluded_auxiliary,excluded,excluded,not_exported,field-union.json,Ordering/pictogram metadata
Reseauxsociauxs.Typedeplateforme.ThesPicto,relation,Reseauxsociauxs,Typedeplateforme.ThesPicto,hebergement,feed_specific,,excluded_auxiliary,excluded,excluded,not_exported,field-union.json,Ordering/pictogram metadata
Reseauxsociauxs.URL,relation,Reseauxsociauxs,URL,hebergement,feed_specific,object_web_channel + ref_code_social_network,public_social_crosswalk,approved,approved,api.tourinsoft_reunion_regional_documents,field-union.json,Public URLs only
Reservations.ID,relation,Reservations,ID,decouverte|hebergement|loisir_plein_air|restauration|transport,shared,object_interop_extension,target_identity_roundtrip,pending_crt,pending_crt,public.object_interop_extension,field-union.json,CRT must confirm identifiers required on write
Reservations.Lien,relation,Reservations,Lien,decouverte|hebergement|loisir_plein_air|restauration|transport,shared,object_web_channel,public_booking_url,approved,approved,api.tourinsoft_reunion_regional_documents,field-union.json,Public booking channels
Reservations.Listeplateforme.ThesCode,relation,Reservations,Listeplateforme.ThesCode,decouverte|hebergement|loisir_plein_air|restauration|transport,shared,object_interop_extension.data,profile_scoped_roundtrip,pending_crt,pending_crt,public.object_interop_extension,field-union.json,No approved canonical Bertel mapping yet; preserved without loss when supplied by the CRT connector
Reservations.Listeplateforme.ThesID,relation,Reservations,Listeplateforme.ThesID,decouverte|hebergement|loisir_plein_air|restauration|transport,shared,object_interop_extension,target_identity_roundtrip,pending_crt,pending_crt,public.object_interop_extension,field-union.json,CRT must confirm identifiers required on write
Reservations.Listeplateforme.ThesLibelle,relation,Reservations,Listeplateforme.ThesLibelle,decouverte|hebergement|loisir_plein_air|restauration|transport,shared,object_interop_extension.data,profile_scoped_roundtrip,pending_crt,pending_crt,public.object_interop_extension,field-union.json,No approved canonical Bertel mapping yet; preserved without loss when supplied by the CRT connector
Reservations.Listeplateforme.ThesOrdre,relation,Reservations,Listeplateforme.ThesOrdre,decouverte|hebergement|loisir_plein_air|restauration|transport,shared,,excluded_auxiliary,excluded,excluded,not_exported,field-union.json,Ordering/pictogram metadata
Reservations.Listeplateforme.ThesPicto,relation,Reservations,Listeplateforme.ThesPicto,decouverte|hebergement|loisir_plein_air|restauration|transport,shared,,excluded_auxiliary,excluded,excluded,not_exported,field-union.json,Ordering/pictogram metadata
Reservations.Ordre,relation,Reservations,Ordre,decouverte|hebergement|loisir_plein_air|restauration|transport,shared,,excluded_auxiliary,excluded,excluded,not_exported,field-union.json,Ordering/pictogram metadata
Reservations.SyndicObjectId,relation,Reservations,SyndicObjectId,decouverte|hebergement|loisir_plein_air|restauration|transport,shared,object_interop_extension,target_identity_roundtrip,pending_crt,pending_crt,public.object_interop_extension,field-union.json,CRT must confirm identifiers required on write
Restaurateurcertifies.Expertaccrediteprestationliee,relation,Restaurateurcertifies,Expertaccrediteprestationliee,restauration,feed_specific,object_interop_extension.data,profile_scoped_roundtrip,pending_crt,pending_crt,public.object_interop_extension,field-union.json,No approved canonical Bertel mapping yet; preserved without loss when supplied by the CRT connector
Restaurateurcertifies.ID,relation,Restaurateurcertifies,ID,restauration,feed_specific,object_interop_extension,target_identity_roundtrip,pending_crt,pending_crt,public.object_interop_extension,field-union.json,CRT must confirm identifiers required on write
Restaurateurcertifies.Ordre,relation,Restaurateurcertifies,Ordre,restauration,feed_specific,,excluded_auxiliary,excluded,excluded,not_exported,field-union.json,Ordering/pictogram metadata
Restaurateurcertifies.SyndicObjectId,relation,Restaurateurcertifies,SyndicObjectId,restauration,feed_specific,object_interop_extension,target_identity_roundtrip,pending_crt,pending_crt,public.object_interop_extension,field-union.json,CRT must confirm identifiers required on write
Structure.Address1,relation,Structure,Address1,decouverte|hebergement|information_service|loisir_plein_air|restauration|transport,all_feeds,,target_managed_provenance,excluded,excluded,not_exported,field-union.json,Managed by the CRT account/structure
Structure.Address2,relation,Structure,Address2,decouverte|hebergement|information_service|loisir_plein_air|restauration|transport,all_feeds,,target_managed_provenance,excluded,excluded,not_exported,field-union.json,Managed by the CRT account/structure
Structure.Address3,relation,Structure,Address3,decouverte|hebergement|information_service|loisir_plein_air|restauration|transport,all_feeds,,target_managed_provenance,excluded,excluded,not_exported,field-union.json,Managed by the CRT account/structure
Structure.City,relation,Structure,City,decouverte|hebergement|information_service|loisir_plein_air|restauration|transport,all_feeds,,target_managed_provenance,excluded,excluded,not_exported,field-union.json,Managed by the CRT account/structure
Structure.Country,relation,Structure,Country,decouverte|hebergement|information_service|loisir_plein_air|restauration|transport,all_feeds,,target_managed_provenance,excluded,excluded,not_exported,field-union.json,Managed by the CRT account/structure
Structure.Email,relation,Structure,Email,decouverte|hebergement|information_service|loisir_plein_air|restauration|transport,all_feeds,,target_managed_provenance,excluded,excluded,not_exported,field-union.json,Managed by the CRT account/structure
Structure.EmailName,relation,Structure,EmailName,decouverte|hebergement|information_service|loisir_plein_air|restauration|transport,all_feeds,,target_managed_provenance,excluded,excluded,not_exported,field-union.json,Managed by the CRT account/structure
Structure.Name,relation,Structure,Name,decouverte|hebergement|information_service|loisir_plein_air|restauration|transport,all_feeds,,target_managed_provenance,excluded,excluded,not_exported,field-union.json,Managed by the CRT account/structure
Structure.Phone,relation,Structure,Phone,decouverte|hebergement|information_service|loisir_plein_air|restauration|transport,all_feeds,,target_managed_provenance,excluded,excluded,not_exported,field-union.json,Managed by the CRT account/structure
Structure.Postcode,relation,Structure,Postcode,decouverte|hebergement|information_service|loisir_plein_air|restauration|transport,all_feeds,,target_managed_provenance,excluded,excluded,not_exported,field-union.json,Managed by the CRT account/structure
Structure.SyndicStructureId,relation,Structure,SyndicStructureId,decouverte|hebergement|information_service|loisir_plein_air|restauration|transport,all_feeds,,target_managed_provenance,excluded,excluded,not_exported,field-union.json,Managed by the CRT account/structure
Structure.Url,relation,Structure,Url,decouverte|hebergement|information_service|loisir_plein_air|restauration|transport,all_feeds,,target_managed_provenance,excluded,excluded,not_exported,field-union.json,Managed by the CRT account/structure
Tarifs.Capacites,relation,Tarifs,Capacites,loisir_plein_air|transport,shared,object_interop_extension.data,profile_scoped_roundtrip,pending_crt,pending_crt,public.object_interop_extension,field-union.json,No approved canonical Bertel mapping yet; preserved without loss when supplied by the CRT connector
Tarifs.complementtarifs,relation,Tarifs,complementtarifs,decouverte|hebergement|loisir_plein_air|restauration|transport,shared,object_price + price references,stable_public_price,approved,approved,api.tourinsoft_reunion_regional_documents,field-union.json,Canonical price
Tarifs.Datedebutaffichage,relation,Tarifs,Datedebutaffichage,decouverte|hebergement|loisir_plein_air|restauration|transport,shared,object_price + price references,stable_public_price,approved,approved,api.tourinsoft_reunion_regional_documents,field-union.json,Canonical price
Tarifs.Datedebutvalidite,relation,Tarifs,Datedebutvalidite,decouverte|hebergement|loisir_plein_air|restauration|transport,shared,object_interop_extension.data,profile_scoped_roundtrip,pending_crt,pending_crt,public.object_interop_extension,field-union.json,No approved canonical Bertel mapping yet; preserved without loss when supplied by the CRT connector
Tarifs.Datefinaffichage,relation,Tarifs,Datefinaffichage,decouverte|hebergement|loisir_plein_air|restauration|transport,shared,object_interop_extension.data,profile_scoped_roundtrip,pending_crt,pending_crt,public.object_interop_extension,field-union.json,No approved canonical Bertel mapping yet; preserved without loss when supplied by the CRT connector
Tarifs.Datefinvalidite,relation,Tarifs,Datefinvalidite,decouverte|hebergement|loisir_plein_air|restauration|transport,shared,object_price + price references,stable_public_price,approved,approved,api.tourinsoft_reunion_regional_documents,field-union.json,Canonical price
Tarifs.ID,relation,Tarifs,ID,decouverte|hebergement|loisir_plein_air|restauration|transport,shared,object_interop_extension,target_identity_roundtrip,pending_crt,pending_crt,public.object_interop_extension,field-union.json,CRT must confirm identifiers required on write
Tarifs.IntituleTarifs,relation,Tarifs,IntituleTarifs,decouverte|hebergement|loisir_plein_air|restauration|transport,shared,object_interop_extension.data,profile_scoped_roundtrip,pending_crt,pending_crt,public.object_interop_extension,field-union.json,No approved canonical Bertel mapping yet; preserved without loss when supplied by the CRT connector
Tarifs.IntituleTarifs.ThesCode,relation,Tarifs,IntituleTarifs.ThesCode,decouverte|hebergement|loisir_plein_air|restauration|transport,shared,object_interop_extension.data,profile_scoped_roundtrip,pending_crt,pending_crt,public.object_interop_extension,field-union.json,No approved canonical Bertel mapping yet; preserved without loss when supplied by the CRT connector
Tarifs.IntituleTarifs.ThesID,relation,Tarifs,IntituleTarifs.ThesID,decouverte|hebergement|loisir_plein_air|restauration|transport,shared,object_interop_extension,target_identity_roundtrip,pending_crt,pending_crt,public.object_interop_extension,field-union.json,CRT must confirm identifiers required on write
Tarifs.IntituleTarifs.ThesLibelle,relation,Tarifs,IntituleTarifs.ThesLibelle,decouverte|hebergement|loisir_plein_air|restauration|transport,shared,object_interop_extension.data,profile_scoped_roundtrip,pending_crt,pending_crt,public.object_interop_extension,field-union.json,No approved canonical Bertel mapping yet; preserved without loss when supplied by the CRT connector
Tarifs.IntituleTarifs.ThesOrdre,relation,Tarifs,IntituleTarifs.ThesOrdre,decouverte|hebergement|loisir_plein_air|restauration|transport,shared,,excluded_auxiliary,excluded,excluded,not_exported,field-union.json,Ordering/pictogram metadata
Tarifs.IntituleTarifs.ThesPicto,relation,Tarifs,IntituleTarifs.ThesPicto,decouverte|hebergement|loisir_plein_air|restauration|transport,shared,,excluded_auxiliary,excluded,excluded,not_exported,field-union.json,Ordering/pictogram metadata
Tarifs.MaximumEuro,relation,Tarifs,MaximumEuro,decouverte|hebergement|loisir_plein_air|restauration|transport,shared,object_price + price references,stable_public_price,approved,approved,api.tourinsoft_reunion_regional_documents,field-union.json,Canonical price
Tarifs.MinimumEuro,relation,Tarifs,MinimumEuro,decouverte|hebergement|loisir_plein_air|restauration|transport,shared,object_price + price references,stable_public_price,approved,approved,api.tourinsoft_reunion_regional_documents,field-union.json,Canonical price
Tarifs.Nom,relation,Tarifs,Nom,hebergement|loisir_plein_air|transport,shared,object_price + price references,stable_public_price,approved,approved,api.tourinsoft_reunion_regional_documents,field-union.json,Canonical price
Tarifs.Nombredenuits,relation,Tarifs,Nombredenuits,hebergement,feed_specific,object_interop_extension.data,profile_scoped_roundtrip,pending_crt,pending_crt,public.object_interop_extension,field-union.json,No approved canonical Bertel mapping yet; preserved without loss when supplied by the CRT connector
Tarifs.Ordre,relation,Tarifs,Ordre,decouverte|hebergement|loisir_plein_air|restauration|transport,shared,,excluded_auxiliary,excluded,excluded,not_exported,field-union.json,Ordering/pictogram metadata
Tarifs.Saisonnalite,relation,Tarifs,Saisonnalite,decouverte|hebergement|loisir_plein_air|restauration|transport,shared,object_interop_extension.data,profile_scoped_roundtrip,pending_crt,pending_crt,public.object_interop_extension,field-union.json,No approved canonical Bertel mapping yet; preserved without loss when supplied by the CRT connector
Tarifs.Saisonnalite.ThesCode,relation,Tarifs,Saisonnalite.ThesCode,decouverte|hebergement|loisir_plein_air|restauration|transport,shared,object_interop_extension.data,profile_scoped_roundtrip,pending_crt,pending_crt,public.object_interop_extension,field-union.json,No approved canonical Bertel mapping yet; preserved without loss when supplied by the CRT connector
Tarifs.Saisonnalite.ThesID,relation,Tarifs,Saisonnalite.ThesID,decouverte|hebergement|loisir_plein_air|restauration|transport,shared,object_interop_extension,target_identity_roundtrip,pending_crt,pending_crt,public.object_interop_extension,field-union.json,CRT must confirm identifiers required on write
Tarifs.Saisonnalite.ThesLibelle,relation,Tarifs,Saisonnalite.ThesLibelle,decouverte|hebergement|loisir_plein_air|restauration|transport,shared,object_interop_extension.data,profile_scoped_roundtrip,pending_crt,pending_crt,public.object_interop_extension,field-union.json,No approved canonical Bertel mapping yet; preserved without loss when supplied by the CRT connector
Tarifs.Saisonnalite.ThesOrdre,relation,Tarifs,Saisonnalite.ThesOrdre,decouverte|hebergement|loisir_plein_air|restauration|transport,shared,,excluded_auxiliary,excluded,excluded,not_exported,field-union.json,Ordering/pictogram metadata
Tarifs.Saisonnalite.ThesPicto,relation,Tarifs,Saisonnalite.ThesPicto,decouverte|hebergement|loisir_plein_air|restauration|transport,shared,,excluded_auxiliary,excluded,excluded,not_exported,field-union.json,Ordering/pictogram metadata
Tarifs.SyndicObjectId,relation,Tarifs,SyndicObjectId,decouverte|hebergement|loisir_plein_air|restauration|transport,shared,object_interop_extension,target_identity_roundtrip,pending_crt,pending_crt,public.object_interop_extension,field-union.json,CRT must confirm identifiers required on write
Thematiques.ID,relation,Thematiques,ID,decouverte|hebergement|information_service|loisir_plein_air|restauration|transport,all_feeds,object_interop_extension,target_identity_roundtrip,pending_crt,pending_crt,public.object_interop_extension,field-union.json,CRT must confirm identifiers required on write
Thematiques.Ordre,relation,Thematiques,Ordre,decouverte|hebergement|information_service|loisir_plein_air|restauration|transport,all_feeds,,excluded_auxiliary,excluded,excluded,not_exported,field-union.json,Ordering/pictogram metadata
Thematiques.SyndicObjectId,relation,Thematiques,SyndicObjectId,decouverte|hebergement|information_service|loisir_plein_air|restauration|transport,all_feeds,object_interop_extension,target_identity_roundtrip,pending_crt,pending_crt,public.object_interop_extension,field-union.json,CRT must confirm identifiers required on write
Thematiques.ThesCode,relation,Thematiques,ThesCode,decouverte|hebergement|information_service|loisir_plein_air|restauration|transport,all_feeds,object_environment_tag + ref_code_environment_tag,profile_value_crosswalk,approved,approved,api.tourinsoft_reunion_regional_documents,field-union.json,Typed canonical mapping
Thematiques.ThesID,relation,Thematiques,ThesID,decouverte|hebergement|information_service|loisir_plein_air|restauration|transport,all_feeds,object_interop_extension,target_identity_roundtrip,pending_crt,pending_crt,public.object_interop_extension,field-union.json,CRT must confirm identifiers required on write
Thematiques.ThesLibelle,relation,Thematiques,ThesLibelle,decouverte|hebergement|information_service|loisir_plein_air|restauration|transport,all_feeds,object_environment_tag + ref_code_environment_tag,profile_value_crosswalk,approved,approved,api.tourinsoft_reunion_regional_documents,field-union.json,Typed canonical mapping
Thematiques.ThesOrdre,relation,Thematiques,ThesOrdre,decouverte|hebergement|information_service|loisir_plein_air|restauration|transport,all_feeds,,excluded_auxiliary,excluded,excluded,not_exported,field-union.json,Ordering/pictogram metadata
Thematiques.ThesPicto,relation,Thematiques,ThesPicto,decouverte|hebergement|information_service|loisir_plein_air|restauration|transport,all_feeds,,excluded_auxiliary,excluded,excluded,not_exported,field-union.json,Ordering/pictogram metadata
TisTracking.CodeOffre,relation,TisTracking,CodeOffre,decouverte|hebergement|information_service|loisir_plein_air|restauration|transport,all_feeds,,excluded_auxiliary,excluded,excluded,not_exported,field-union.json,"Tourinsoft tracking, not business data"
TisTracking.CodeStructure,relation,TisTracking,CodeStructure,decouverte|hebergement|information_service|loisir_plein_air|restauration|transport,all_feeds,,excluded_auxiliary,excluded,excluded,not_exported,field-union.json,"Tourinsoft tracking, not business data"
TisTracking.CodeSyndication,relation,TisTracking,CodeSyndication,decouverte|hebergement|information_service|loisir_plein_air|restauration|transport,all_feeds,,excluded_auxiliary,excluded,excluded,not_exported,field-union.json,"Tourinsoft tracking, not business data"
TisTracking.SyndicObjectId,relation,TisTracking,SyndicObjectId,decouverte|hebergement|information_service|loisir_plein_air|restauration|transport,all_feeds,,excluded_auxiliary,excluded,excluded,not_exported,field-union.json,"Tourinsoft tracking, not business data"
Transporteurcertifies.Expertaccrediteprestationliee,relation,Transporteurcertifies,Expertaccrediteprestationliee,transport,feed_specific,object_interop_extension.data,profile_scoped_roundtrip,pending_crt,pending_crt,public.object_interop_extension,field-union.json,No approved canonical Bertel mapping yet; preserved without loss when supplied by the CRT connector
Transporteurcertifies.ID,relation,Transporteurcertifies,ID,transport,feed_specific,object_interop_extension,target_identity_roundtrip,pending_crt,pending_crt,public.object_interop_extension,field-union.json,CRT must confirm identifiers required on write
Transporteurcertifies.Ordre,relation,Transporteurcertifies,Ordre,transport,feed_specific,,excluded_auxiliary,excluded,excluded,not_exported,field-union.json,Ordering/pictogram metadata
Transporteurcertifies.SyndicObjectId,relation,Transporteurcertifies,SyndicObjectId,transport,feed_specific,object_interop_extension,target_identity_roundtrip,pending_crt,pending_crt,public.object_interop_extension,field-union.json,CRT must confirm identifiers required on write
Typecuisines.ID,relation,Typecuisines,ID,restauration,feed_specific,object_interop_extension,target_identity_roundtrip,pending_crt,pending_crt,public.object_interop_extension,field-union.json,CRT must confirm identifiers required on write
Typecuisines.Ordre,relation,Typecuisines,Ordre,restauration,feed_specific,,excluded_auxiliary,excluded,excluded,not_exported,field-union.json,Ordering/pictogram metadata
Typecuisines.SyndicObjectId,relation,Typecuisines,SyndicObjectId,restauration,feed_specific,object_interop_extension,target_identity_roundtrip,pending_crt,pending_crt,public.object_interop_extension,field-union.json,CRT must confirm identifiers required on write
Typecuisines.ThesCode,relation,Typecuisines,ThesCode,restauration,feed_specific,object_cuisine_type + ref_code_cuisine_type,profile_value_crosswalk,approved,approved,api.tourinsoft_reunion_regional_documents,field-union.json,Typed canonical mapping
Typecuisines.ThesID,relation,Typecuisines,ThesID,restauration,feed_specific,object_interop_extension,target_identity_roundtrip,pending_crt,pending_crt,public.object_interop_extension,field-union.json,CRT must confirm identifiers required on write
Typecuisines.ThesLibelle,relation,Typecuisines,ThesLibelle,restauration,feed_specific,object_cuisine_type + ref_code_cuisine_type,profile_value_crosswalk,approved,approved,api.tourinsoft_reunion_regional_documents,field-union.json,Typed canonical mapping
Typecuisines.ThesOrdre,relation,Typecuisines,ThesOrdre,restauration,feed_specific,,excluded_auxiliary,excluded,excluded,not_exported,field-union.json,Ordering/pictogram metadata
Typecuisines.ThesPicto,relation,Typecuisines,ThesPicto,restauration,feed_specific,,excluded_auxiliary,excluded,excluded,not_exported,field-union.json,Ordering/pictogram metadata
Typeequipements.ID,relation,Typeequipements,ID,decouverte|information_service|restauration|transport,shared,object_interop_extension,target_identity_roundtrip,pending_crt,pending_crt,public.object_interop_extension,field-union.json,CRT must confirm identifiers required on write
Typeequipements.Ordre,relation,Typeequipements,Ordre,decouverte|information_service|restauration|transport,shared,,excluded_auxiliary,excluded,excluded,not_exported,field-union.json,Ordering/pictogram metadata
Typeequipements.SyndicObjectId,relation,Typeequipements,SyndicObjectId,decouverte|information_service|restauration|transport,shared,object_interop_extension,target_identity_roundtrip,pending_crt,pending_crt,public.object_interop_extension,field-union.json,CRT must confirm identifiers required on write
Typeequipements.Typedactivite.ThesCode,relation,Typeequipements,Typedactivite.ThesCode,decouverte|information_service|restauration|transport,shared,,excluded_redundant,excluded,excluded,not_exported,field-union.json,Duplicates profile/category routing
Typeequipements.Typedactivite.ThesID,relation,Typeequipements,Typedactivite.ThesID,decouverte|information_service|restauration|transport,shared,object_interop_extension,target_identity_roundtrip,pending_crt,pending_crt,public.object_interop_extension,field-union.json,CRT must confirm identifiers required on write
Typeequipements.Typedactivite.ThesLibelle,relation,Typeequipements,Typedactivite.ThesLibelle,decouverte|information_service|restauration|transport,shared,,excluded_redundant,excluded,excluded,not_exported,field-union.json,Duplicates profile/category routing
Typeequipements.Typedactivite.ThesOrdre,relation,Typeequipements,Typedactivite.ThesOrdre,decouverte|information_service|restauration|transport,shared,,excluded_auxiliary,excluded,excluded,not_exported,field-union.json,Ordering/pictogram metadata
Typeequipements.Typedactivite.ThesPicto,relation,Typeequipements,Typedactivite.ThesPicto,decouverte|information_service|restauration|transport,shared,,excluded_auxiliary,excluded,excluded,not_exported,field-union.json,Ordering/pictogram metadata
Videos.ID,relation,Videos,ID,decouverte|hebergement|information_service|loisir_plein_air|restauration|transport,all_feeds,object_interop_extension,target_identity_roundtrip,pending_crt,pending_crt,public.object_interop_extension,field-union.json,CRT must confirm identifiers required on write
Videos.IntegrerlavideosursonsitecopiercollerdeObjetouembedYoutubeouDailymotion,relation,Videos,IntegrerlavideosursonsitecopiercollerdeObjetouembedYoutubeouDailymotion,decouverte|hebergement|information_service|loisir_plein_air|restauration|transport,all_feeds,object_interop_extension.data,profile_scoped_roundtrip,pending_crt,pending_crt,public.object_interop_extension,field-union.json,No approved canonical Bertel mapping yet; preserved without loss when supplied by the CRT connector
Videos.Licencecreativecommons,relation,Videos,Licencecreativecommons,decouverte|hebergement|information_service|loisir_plein_air|restauration|transport,all_feeds,object_interop_extension.data,profile_scoped_roundtrip,pending_crt,pending_crt,public.object_interop_extension,field-union.json,No approved canonical Bertel mapping yet; preserved without loss when supplied by the CRT connector
Videos.Ordre,relation,Videos,Ordre,decouverte|hebergement|information_service|loisir_plein_air|restauration|transport,all_feeds,,excluded_auxiliary,excluded,excluded,not_exported,field-union.json,Ordering/pictogram metadata
Videos.SyndicObjectId,relation,Videos,SyndicObjectId,decouverte|hebergement|information_service|loisir_plein_air|restauration|transport,all_feeds,object_interop_extension,target_identity_roundtrip,pending_crt,pending_crt,public.object_interop_extension,field-union.json,CRT must confirm identifiers required on write
Videos.URLvideo,relation,Videos,URLvideo,decouverte|hebergement|information_service|loisir_plein_air|restauration|transport,all_feeds,media,published_public_unexpired_video,approved,approved,api.tourinsoft_reunion_regional_documents,field-union.json,Video media type
Zoness.AdresseOrdre,relation,Zoness,AdresseOrdre,hebergement,feed_specific,object_interop_extension.data,profile_scoped_roundtrip,pending_crt,pending_crt,public.object_interop_extension,field-union.json,No approved canonical Bertel mapping yet; preserved without loss when supplied by the CRT connector
Zoness.ID,relation,Zoness,ID,hebergement,feed_specific,object_interop_extension,target_identity_roundtrip,pending_crt,pending_crt,public.object_interop_extension,field-union.json,CRT must confirm identifiers required on write
Zoness.Ordre,relation,Zoness,Ordre,hebergement,feed_specific,,excluded_auxiliary,excluded,excluded,not_exported,field-union.json,Ordering/pictogram metadata
Zoness.SyndicObjectId,relation,Zoness,SyndicObjectId,hebergement,feed_specific,object_interop_extension,target_identity_roundtrip,pending_crt,pending_crt,public.object_interop_extension,field-union.json,CRT must confirm identifiers required on write
Zoness.ZoneId,relation,Zoness,ZoneId,hebergement,feed_specific,object_interop_extension.data,profile_scoped_roundtrip,pending_crt,pending_crt,public.object_interop_extension,field-union.json,No approved canonical Bertel mapping yet; preserved without loss when supplied by the CRT connector
Zoness.ZoneLibelle,relation,Zoness,ZoneLibelle,hebergement,feed_specific,object_interop_extension.data,profile_scoped_roundtrip,pending_crt,pending_crt,public.object_interop_extension,field-union.json,No approved canonical Bertel mapping yet; preserved without loss when supplied by the CRT connector
ZonesTypes.ID,relation,ZonesTypes,ID,hebergement,feed_specific,object_interop_extension,target_identity_roundtrip,pending_crt,pending_crt,public.object_interop_extension,field-union.json,CRT must confirm identifiers required on write
ZonesTypes.SyndicObjectId,relation,ZonesTypes,SyndicObjectId,hebergement,feed_specific,object_interop_extension,target_identity_roundtrip,pending_crt,pending_crt,public.object_interop_extension,field-union.json,CRT must confirm identifiers required on write
ZonesTypes.ZoneId,relation,ZonesTypes,ZoneId,hebergement,feed_specific,object_interop_extension.data,profile_scoped_roundtrip,pending_crt,pending_crt,public.object_interop_extension,field-union.json,No approved canonical Bertel mapping yet; preserved without loss when supplied by the CRT connector
ZonesTypes.ZoneTypeId,relation,ZonesTypes,ZoneTypeId,hebergement,feed_specific,object_interop_extension.data,profile_scoped_roundtrip,pending_crt,pending_crt,public.object_interop_extension,field-union.json,No approved canonical Bertel mapping yet; preserved without loss when supplied by the CRT connector
ZonesTypes.ZoneTypeLibelle,relation,ZonesTypes,ZoneTypeLibelle,hebergement,feed_specific,object_interop_extension.data,profile_scoped_roundtrip,pending_crt,pending_crt,public.object_interop_extension,field-union.json,No approved canonical Bertel mapping yet; preserved without loss when supplied by the CRT connector
