feed,path,scope,collection,name,edm_type,declared,observed,observed_count,non_empty_count,empty_count,coverage_pct,present_in_feed_count,reuse_class,coverage_status,mapping_status,evidence
decouverte,object.AccueilPMR,object,,AccueilPMR,Edm.Boolean,True,True,49,49,0,100.0,4,shared,observed_source,unclassified,source-schemas/decouverte.json
decouverte,object.Adresse1,object,,Adresse1,Edm.String,True,True,49,49,0,100.0,6,all_feeds,observed_source,unclassified,source-schemas/decouverte.json
decouverte,object.Adresse2,object,,Adresse2,Edm.String,True,True,49,2,47,4.1,6,all_feeds,observed_source,unclassified,source-schemas/decouverte.json
decouverte,object.Adresse3,object,,Adresse3,Edm.String,True,True,49,0,49,0.0,6,all_feeds,observed_source,unclassified,source-schemas/decouverte.json
decouverte,object.Bureau.ThesCode,object,,Bureau.ThesCode,Edm.String,True,True,49,49,0,100.0,6,all_feeds,observed_source,unclassified,source-schemas/decouverte.json
decouverte,object.Bureau.ThesID,object,,Bureau.ThesID,Edm.Guid,True,True,49,49,0,100.0,6,all_feeds,observed_source,unclassified,source-schemas/decouverte.json
decouverte,object.Bureau.ThesLibelle,object,,Bureau.ThesLibelle,Edm.String,True,True,49,49,0,100.0,6,all_feeds,observed_source,unclassified,source-schemas/decouverte.json
decouverte,object.Bureau.ThesOrdre,object,,Bureau.ThesOrdre,Edm.Int32,True,True,49,49,0,100.0,6,all_feeds,observed_source,unclassified,source-schemas/decouverte.json
decouverte,object.Bureau.ThesPicto,object,,Bureau.ThesPicto,Edm.String,True,True,49,0,49,0.0,6,all_feeds,observed_source,unclassified,source-schemas/decouverte.json
decouverte,object.ClassificationType.ThesCode,object,,ClassificationType.ThesCode,Edm.String,True,True,49,49,0,100.0,6,all_feeds,observed_source,unclassified,source-schemas/decouverte.json
decouverte,object.ClassificationType.ThesID,object,,ClassificationType.ThesID,Edm.Guid,True,True,49,49,0,100.0,6,all_feeds,observed_source,unclassified,source-schemas/decouverte.json
decouverte,object.ClassificationType.ThesLibelle,object,,ClassificationType.ThesLibelle,Edm.String,True,True,49,49,0,100.0,6,all_feeds,observed_source,unclassified,source-schemas/decouverte.json
decouverte,object.ClassificationType.ThesOrdre,object,,ClassificationType.ThesOrdre,Edm.Int32,True,True,49,49,0,100.0,6,all_feeds,observed_source,unclassified,source-schemas/decouverte.json
decouverte,object.ClassificationType.ThesPicto,object,,ClassificationType.ThesPicto,Edm.String,True,True,49,0,49,0.0,6,all_feeds,observed_source,unclassified,source-schemas/decouverte.json
decouverte,object.CodeINSEE,object,,CodeINSEE,Edm.String,True,True,49,49,0,100.0,6,all_feeds,observed_source,unclassified,source-schemas/decouverte.json
decouverte,object.CodePostal,object,,CodePostal,Edm.String,True,True,49,49,0,100.0,6,all_feeds,observed_source,unclassified,source-schemas/decouverte.json
decouverte,object.Commune,object,,Commune,Edm.String,True,True,49,49,0,100.0,6,all_feeds,observed_source,unclassified,source-schemas/decouverte.json
decouverte,object.EnLigne,object,,EnLigne,Edm.Boolean,True,True,49,49,0,100.0,2,shared,observed_source,unclassified,source-schemas/decouverte.json
decouverte,object.GmapLatitude,object,,GmapLatitude,Edm.String,True,True,49,49,0,100.0,6,all_feeds,observed_source,unclassified,source-schemas/decouverte.json
decouverte,object.GmapLongitude,object,,GmapLongitude,Edm.String,True,True,49,49,0,100.0,6,all_feeds,observed_source,unclassified,source-schemas/decouverte.json
decouverte,object.Groupeaccepte,object,,Groupeaccepte,Edm.Boolean,True,True,49,1,48,2.0,1,feed_specific,observed_source,unclassified,source-schemas/decouverte.json
decouverte,object.IdentifiantSoubik,object,,IdentifiantSoubik,Edm.String,True,True,49,48,1,98.0,6,all_feeds,observed_source,unclassified,source-schemas/decouverte.json
decouverte,object.Lieudit,object,,Lieudit,TourInSoft.V5.Syndication.Syndication_FSDECOUVERTEOTISud_428EC9B6BEE14C85B372B15969FB2A19.ListeComplexType,False,True,34,0,34,0.0,6,all_feeds,observed_source,unclassified,source-schemas/decouverte.json
decouverte,object.Lieudit.ThesCode,object,,Lieudit.ThesCode,Edm.String,True,True,15,15,0,100.0,6,all_feeds,observed_source,unclassified,source-schemas/decouverte.json
decouverte,object.Lieudit.ThesID,object,,Lieudit.ThesID,Edm.Guid,True,True,15,15,0,100.0,6,all_feeds,observed_source,unclassified,source-schemas/decouverte.json
decouverte,object.Lieudit.ThesLibelle,object,,Lieudit.ThesLibelle,Edm.String,True,True,15,15,0,100.0,6,all_feeds,observed_source,unclassified,source-schemas/decouverte.json
decouverte,object.Lieudit.ThesOrdre,object,,Lieudit.ThesOrdre,Edm.Int32,True,True,15,15,0,100.0,6,all_feeds,observed_source,unclassified,source-schemas/decouverte.json
decouverte,object.Lieudit.ThesPicto,object,,Lieudit.ThesPicto,Edm.String,True,True,15,0,15,0.0,6,all_feeds,observed_source,unclassified,source-schemas/decouverte.json
decouverte,object.Nometablissement,object,,Nometablissement,Edm.String,True,True,49,49,0,100.0,6,all_feeds,observed_source,unclassified,source-schemas/decouverte.json
decouverte,object.ObjectTypeFix,object,,ObjectTypeFix,Edm.String,True,True,49,49,0,100.0,6,all_feeds,observed_source,unclassified,source-schemas/decouverte.json
decouverte,object.ObjectTypeName,object,,ObjectTypeName,Edm.String,True,True,49,49,0,100.0,6,all_feeds,observed_source,unclassified,source-schemas/decouverte.json
decouverte,object.Published,object,,Published,Edm.DateTime,True,True,49,49,0,100.0,6,all_feeds,observed_source,unclassified,source-schemas/decouverte.json
decouverte,object.RaisonSociale,object,,RaisonSociale,Edm.String,True,True,49,17,32,34.7,6,all_feeds,observed_source,unclassified,source-schemas/decouverte.json
decouverte,object.SIRET,object,,SIRET,Edm.String,True,True,49,37,12,75.5,6,all_feeds,observed_source,unclassified,source-schemas/decouverte.json
decouverte,object.SyndicObjectID,object,,SyndicObjectID,Edm.String,True,True,49,49,0,100.0,6,all_feeds,observed_source,unclassified,source-schemas/decouverte.json
decouverte,object.SyndicObjectName,object,,SyndicObjectName,Edm.String,True,True,49,49,0,100.0,6,all_feeds,observed_source,unclassified,source-schemas/decouverte.json
decouverte,object.SyndicObjectOrder,object,,SyndicObjectOrder,Edm.Int64,True,True,49,49,0,100.0,6,all_feeds,observed_source,unclassified,source-schemas/decouverte.json
decouverte,object.SyndicStructureId,object,,SyndicStructureId,Edm.Guid,True,True,49,49,0,100.0,6,all_feeds,observed_source,unclassified,source-schemas/decouverte.json
decouverte,object.TIS_TRACKING_LISTING_OFFRE,object,,TIS_TRACKING_LISTING_OFFRE,Edm.String,True,True,49,49,0,100.0,6,all_feeds,observed_source,unclassified,source-schemas/decouverte.json
decouverte,object.TIS_TRACKING_OFFRE,object,,TIS_TRACKING_OFFRE,Edm.String,True,True,49,49,0,100.0,6,all_feeds,observed_source,unclassified,source-schemas/decouverte.json
decouverte,object.Updated,object,,Updated,Edm.DateTime,True,True,49,49,0,100.0,6,all_feeds,observed_source,unclassified,source-schemas/decouverte.json
decouverte,Animauxs.Animauxacceptes,relation,Animauxs,Animauxacceptes,Edm.Boolean,True,True,3,1,2,33.3,2,shared,observed_source,unclassified,source-schemas/decouverte.json
decouverte,Animauxs.Complementdinformations,relation,Animauxs,Complementdinformations,Edm.String,True,True,3,0,3,0.0,2,shared,observed_source,unclassified,source-schemas/decouverte.json
decouverte,Animauxs.ID,relation,Animauxs,ID,Edm.Int64,True,True,3,3,0,100.0,2,shared,observed_source,unclassified,source-schemas/decouverte.json
decouverte,Animauxs.Ordre,relation,Animauxs,Ordre,Edm.Int64,True,True,3,3,0,100.0,2,shared,observed_source,unclassified,source-schemas/decouverte.json
decouverte,Animauxs.SyndicObjectId,relation,Animauxs,SyndicObjectId,Edm.String,True,True,3,3,0,100.0,2,shared,observed_source,unclassified,source-schemas/decouverte.json
decouverte,Capacites.Capacite,relation,Capacites,Capacite,Edm.Double,True,True,3,2,1,66.7,2,shared,observed_source,unclassified,source-schemas/decouverte.json
decouverte,Capacites.ID,relation,Capacites,ID,Edm.Int64,True,True,3,3,0,100.0,4,shared,observed_source,unclassified,source-schemas/decouverte.json
decouverte,Capacites.Ordre,relation,Capacites,Ordre,Edm.Int64,True,True,3,3,0,100.0,4,shared,observed_source,unclassified,source-schemas/decouverte.json
decouverte,Capacites.SyndicObjectId,relation,Capacites,SyndicObjectId,Edm.String,True,True,3,3,0,100.0,4,shared,observed_source,unclassified,source-schemas/decouverte.json
decouverte,Chaines.Groupe,relation,Chaines,Groupe,TourInSoft.V5.Syndication.Syndication_FSDECOUVERTEOTISud_428EC9B6BEE14C85B372B15969FB2A19.ListeComplexType,False,True,3,0,3,0.0,5,shared,observed_source,unclassified,source-schemas/decouverte.json
decouverte,Chaines.Groupe.ThesCode,relation,Chaines,Groupe.ThesCode,Edm.String,True,False,0,0,0,0,5,shared,declared_unobserved,unclassified,source-schemas/decouverte.json
decouverte,Chaines.Groupe.ThesID,relation,Chaines,Groupe.ThesID,Edm.Guid,True,False,0,0,0,0,5,shared,declared_unobserved,unclassified,source-schemas/decouverte.json
decouverte,Chaines.Groupe.ThesLibelle,relation,Chaines,Groupe.ThesLibelle,Edm.String,True,False,0,0,0,0,5,shared,declared_unobserved,unclassified,source-schemas/decouverte.json
decouverte,Chaines.Groupe.ThesOrdre,relation,Chaines,Groupe.ThesOrdre,Edm.Int32,True,False,0,0,0,0,5,shared,declared_unobserved,unclassified,source-schemas/decouverte.json
decouverte,Chaines.Groupe.ThesPicto,relation,Chaines,Groupe.ThesPicto,Edm.String,True,False,0,0,0,0,5,shared,declared_unobserved,unclassified,source-schemas/decouverte.json
decouverte,Chaines.ID,relation,Chaines,ID,Edm.Int64,True,True,3,3,0,100.0,5,shared,observed_source,unclassified,source-schemas/decouverte.json
decouverte,Chaines.Ordre,relation,Chaines,Ordre,Edm.Int64,True,True,3,3,0,100.0,5,shared,observed_source,unclassified,source-schemas/decouverte.json
decouverte,Chaines.Reseaux,relation,Chaines,Reseaux,TourInSoft.V5.Syndication.Syndication_FSDECOUVERTEOTISud_428EC9B6BEE14C85B372B15969FB2A19.ListeComplexType,False,True,3,0,3,0.0,5,shared,observed_source,unclassified,source-schemas/decouverte.json
decouverte,Chaines.Reseaux.ThesCode,relation,Chaines,Reseaux.ThesCode,Edm.String,True,False,0,0,0,0,5,shared,declared_unobserved,unclassified,source-schemas/decouverte.json
decouverte,Chaines.Reseaux.ThesID,relation,Chaines,Reseaux.ThesID,Edm.Guid,True,False,0,0,0,0,5,shared,declared_unobserved,unclassified,source-schemas/decouverte.json
decouverte,Chaines.Reseaux.ThesLibelle,relation,Chaines,Reseaux.ThesLibelle,Edm.String,True,False,0,0,0,0,5,shared,declared_unobserved,unclassified,source-schemas/decouverte.json
decouverte,Chaines.Reseaux.ThesOrdre,relation,Chaines,Reseaux.ThesOrdre,Edm.Int32,True,False,0,0,0,0,5,shared,declared_unobserved,unclassified,source-schemas/decouverte.json
decouverte,Chaines.Reseaux.ThesPicto,relation,Chaines,Reseaux.ThesPicto,Edm.String,True,False,0,0,0,0,5,shared,declared_unobserved,unclassified,source-schemas/decouverte.json
decouverte,Chaines.SyndicObjectId,relation,Chaines,SyndicObjectId,Edm.String,True,True,3,3,0,100.0,5,shared,observed_source,unclassified,source-schemas/decouverte.json
decouverte,ClassificationCategories.ID,relation,ClassificationCategories,ID,Edm.Int64,True,True,52,52,0,100.0,3,shared,observed_source,unclassified,source-schemas/decouverte.json
decouverte,ClassificationCategories.Ordre,relation,ClassificationCategories,Ordre,Edm.Int64,True,True,52,52,0,100.0,3,shared,observed_source,unclassified,source-schemas/decouverte.json
decouverte,ClassificationCategories.SyndicObjectId,relation,ClassificationCategories,SyndicObjectId,Edm.String,True,True,52,52,0,100.0,3,shared,observed_source,unclassified,source-schemas/decouverte.json
decouverte,ClassificationCategories.ThesCode,relation,ClassificationCategories,ThesCode,Edm.String,True,True,52,52,0,100.0,3,shared,observed_source,unclassified,source-schemas/decouverte.json
decouverte,ClassificationCategories.ThesID,relation,ClassificationCategories,ThesID,Edm.Guid,True,True,52,52,0,100.0,3,shared,observed_source,unclassified,source-schemas/decouverte.json
decouverte,ClassificationCategories.ThesLibelle,relation,ClassificationCategories,ThesLibelle,Edm.String,True,True,52,52,0,100.0,3,shared,observed_source,unclassified,source-schemas/decouverte.json
decouverte,ClassificationCategories.ThesOrdre,relation,ClassificationCategories,ThesOrdre,Edm.Int64,True,True,52,52,0,100.0,3,shared,observed_source,unclassified,source-schemas/decouverte.json
decouverte,ClassificationCategories.ThesPicto,relation,ClassificationCategories,ThesPicto,Edm.String,True,True,52,0,52,0.0,3,shared,observed_source,unclassified,source-schemas/decouverte.json
decouverte,ClassificationSousCategorieArts.ID,relation,ClassificationSousCategorieArts,ID,Edm.Int64,True,False,0,0,0,0,1,feed_specific,declared_unobserved,unclassified,source-schemas/decouverte.json
decouverte,ClassificationSousCategorieArts.Ordre,relation,ClassificationSousCategorieArts,Ordre,Edm.Int64,True,False,0,0,0,0,1,feed_specific,declared_unobserved,unclassified,source-schemas/decouverte.json
decouverte,ClassificationSousCategorieArts.SyndicObjectId,relation,ClassificationSousCategorieArts,SyndicObjectId,Edm.String,True,False,0,0,0,0,1,feed_specific,declared_unobserved,unclassified,source-schemas/decouverte.json
decouverte,ClassificationSousCategorieArts.ThesCode,relation,ClassificationSousCategorieArts,ThesCode,Edm.String,True,False,0,0,0,0,1,feed_specific,declared_unobserved,unclassified,source-schemas/decouverte.json
decouverte,ClassificationSousCategorieArts.ThesID,relation,ClassificationSousCategorieArts,ThesID,Edm.Guid,True,False,0,0,0,0,1,feed_specific,declared_unobserved,unclassified,source-schemas/decouverte.json
decouverte,ClassificationSousCategorieArts.ThesLibelle,relation,ClassificationSousCategorieArts,ThesLibelle,Edm.String,True,False,0,0,0,0,1,feed_specific,declared_unobserved,unclassified,source-schemas/decouverte.json
decouverte,ClassificationSousCategorieArts.ThesOrdre,relation,ClassificationSousCategorieArts,ThesOrdre,Edm.Int32,True,False,0,0,0,0,1,feed_specific,declared_unobserved,unclassified,source-schemas/decouverte.json
decouverte,ClassificationSousCategorieArts.ThesPicto,relation,ClassificationSousCategorieArts,ThesPicto,Edm.String,True,False,0,0,0,0,1,feed_specific,declared_unobserved,unclassified,source-schemas/decouverte.json
decouverte,ClassificationSousCategoriePatAgricoles.ID,relation,ClassificationSousCategoriePatAgricoles,ID,Edm.Int64,True,True,8,8,0,100.0,1,feed_specific,observed_source,unclassified,source-schemas/decouverte.json
decouverte,ClassificationSousCategoriePatAgricoles.Ordre,relation,ClassificationSousCategoriePatAgricoles,Ordre,Edm.Int64,True,True,8,8,0,100.0,1,feed_specific,observed_source,unclassified,source-schemas/decouverte.json
decouverte,ClassificationSousCategoriePatAgricoles.SyndicObjectId,relation,ClassificationSousCategoriePatAgricoles,SyndicObjectId,Edm.String,True,True,8,8,0,100.0,1,feed_specific,observed_source,unclassified,source-schemas/decouverte.json
decouverte,ClassificationSousCategoriePatAgricoles.ThesCode,relation,ClassificationSousCategoriePatAgricoles,ThesCode,Edm.String,True,True,8,8,0,100.0,1,feed_specific,observed_source,unclassified,source-schemas/decouverte.json
decouverte,ClassificationSousCategoriePatAgricoles.ThesID,relation,ClassificationSousCategoriePatAgricoles,ThesID,Edm.Guid,True,True,8,8,0,100.0,1,feed_specific,observed_source,unclassified,source-schemas/decouverte.json
decouverte,ClassificationSousCategoriePatAgricoles.ThesLibelle,relation,ClassificationSousCategoriePatAgricoles,ThesLibelle,Edm.String,True,True,8,8,0,100.0,1,feed_specific,observed_source,unclassified,source-schemas/decouverte.json
decouverte,ClassificationSousCategoriePatAgricoles.ThesOrdre,relation,ClassificationSousCategoriePatAgricoles,ThesOrdre,Edm.Int64,True,True,8,8,0,100.0,1,feed_specific,observed_source,unclassified,source-schemas/decouverte.json
decouverte,ClassificationSousCategoriePatAgricoles.ThesPicto,relation,ClassificationSousCategoriePatAgricoles,ThesPicto,Edm.String,True,True,8,0,8,0.0,1,feed_specific,observed_source,unclassified,source-schemas/decouverte.json
decouverte,ClassificationSousCategoriePatCulturels.ID,relation,ClassificationSousCategoriePatCulturels,ID,Edm.Int64,True,True,14,14,0,100.0,1,feed_specific,observed_source,unclassified,source-schemas/decouverte.json
decouverte,ClassificationSousCategoriePatCulturels.Ordre,relation,ClassificationSousCategoriePatCulturels,Ordre,Edm.Int64,True,True,14,14,0,100.0,1,feed_specific,observed_source,unclassified,source-schemas/decouverte.json
decouverte,ClassificationSousCategoriePatCulturels.SyndicObjectId,relation,ClassificationSousCategoriePatCulturels,SyndicObjectId,Edm.String,True,True,14,14,0,100.0,1,feed_specific,observed_source,unclassified,source-schemas/decouverte.json
decouverte,ClassificationSousCategoriePatCulturels.ThesCode,relation,ClassificationSousCategoriePatCulturels,ThesCode,Edm.String,True,True,14,14,0,100.0,1,feed_specific,observed_source,unclassified,source-schemas/decouverte.json
decouverte,ClassificationSousCategoriePatCulturels.ThesID,relation,ClassificationSousCategoriePatCulturels,ThesID,Edm.Guid,True,True,14,14,0,100.0,1,feed_specific,observed_source,unclassified,source-schemas/decouverte.json
decouverte,ClassificationSousCategoriePatCulturels.ThesLibelle,relation,ClassificationSousCategoriePatCulturels,ThesLibelle,Edm.String,True,True,14,14,0,100.0,1,feed_specific,observed_source,unclassified,source-schemas/decouverte.json
decouverte,ClassificationSousCategoriePatCulturels.ThesOrdre,relation,ClassificationSousCategoriePatCulturels,ThesOrdre,Edm.Int64,True,True,14,14,0,100.0,1,feed_specific,observed_source,unclassified,source-schemas/decouverte.json
decouverte,ClassificationSousCategoriePatCulturels.ThesPicto,relation,ClassificationSousCategoriePatCulturels,ThesPicto,Edm.String,True,True,14,0,14,0.0,1,feed_specific,observed_source,unclassified,source-schemas/decouverte.json
decouverte,ClassificationSousCategoriePatIndustriels.ID,relation,ClassificationSousCategoriePatIndustriels,ID,Edm.Int64,True,False,0,0,0,0,1,feed_specific,declared_unobserved,unclassified,source-schemas/decouverte.json
decouverte,ClassificationSousCategoriePatIndustriels.Ordre,relation,ClassificationSousCategoriePatIndustriels,Ordre,Edm.Int64,True,False,0,0,0,0,1,feed_specific,declared_unobserved,unclassified,source-schemas/decouverte.json
decouverte,ClassificationSousCategoriePatIndustriels.SyndicObjectId,relation,ClassificationSousCategoriePatIndustriels,SyndicObjectId,Edm.String,True,False,0,0,0,0,1,feed_specific,declared_unobserved,unclassified,source-schemas/decouverte.json
decouverte,ClassificationSousCategoriePatIndustriels.ThesCode,relation,ClassificationSousCategoriePatIndustriels,ThesCode,Edm.String,True,False,0,0,0,0,1,feed_specific,declared_unobserved,unclassified,source-schemas/decouverte.json
decouverte,ClassificationSousCategoriePatIndustriels.ThesID,relation,ClassificationSousCategoriePatIndustriels,ThesID,Edm.Guid,True,False,0,0,0,0,1,feed_specific,declared_unobserved,unclassified,source-schemas/decouverte.json
decouverte,ClassificationSousCategoriePatIndustriels.ThesLibelle,relation,ClassificationSousCategoriePatIndustriels,ThesLibelle,Edm.String,True,False,0,0,0,0,1,feed_specific,declared_unobserved,unclassified,source-schemas/decouverte.json
decouverte,ClassificationSousCategoriePatIndustriels.ThesOrdre,relation,ClassificationSousCategoriePatIndustriels,ThesOrdre,Edm.Int32,True,False,0,0,0,0,1,feed_specific,declared_unobserved,unclassified,source-schemas/decouverte.json
decouverte,ClassificationSousCategoriePatIndustriels.ThesPicto,relation,ClassificationSousCategoriePatIndustriels,ThesPicto,Edm.String,True,False,0,0,0,0,1,feed_specific,declared_unobserved,unclassified,source-schemas/decouverte.json
decouverte,ClassificationSousCategoriePatNaturels.ID,relation,ClassificationSousCategoriePatNaturels,ID,Edm.Int64,True,True,1,1,0,100.0,1,feed_specific,observed_source,unclassified,source-schemas/decouverte.json
decouverte,ClassificationSousCategoriePatNaturels.Ordre,relation,ClassificationSousCategoriePatNaturels,Ordre,Edm.Int64,True,True,1,1,0,100.0,1,feed_specific,observed_source,unclassified,source-schemas/decouverte.json
decouverte,ClassificationSousCategoriePatNaturels.SyndicObjectId,relation,ClassificationSousCategoriePatNaturels,SyndicObjectId,Edm.String,True,True,1,1,0,100.0,1,feed_specific,observed_source,unclassified,source-schemas/decouverte.json
decouverte,ClassificationSousCategoriePatNaturels.ThesCode,relation,ClassificationSousCategoriePatNaturels,ThesCode,Edm.String,True,True,1,1,0,100.0,1,feed_specific,observed_source,unclassified,source-schemas/decouverte.json
decouverte,ClassificationSousCategoriePatNaturels.ThesID,relation,ClassificationSousCategoriePatNaturels,ThesID,Edm.Guid,True,True,1,1,0,100.0,1,feed_specific,observed_source,unclassified,source-schemas/decouverte.json
decouverte,ClassificationSousCategoriePatNaturels.ThesLibelle,relation,ClassificationSousCategoriePatNaturels,ThesLibelle,Edm.String,True,True,1,1,0,100.0,1,feed_specific,observed_source,unclassified,source-schemas/decouverte.json
decouverte,ClassificationSousCategoriePatNaturels.ThesOrdre,relation,ClassificationSousCategoriePatNaturels,ThesOrdre,Edm.Int64,True,True,1,1,0,100.0,1,feed_specific,observed_source,unclassified,source-schemas/decouverte.json
decouverte,ClassificationSousCategoriePatNaturels.ThesPicto,relation,ClassificationSousCategoriePatNaturels,ThesPicto,Edm.String,True,True,1,0,1,0.0,1,feed_specific,observed_source,unclassified,source-schemas/decouverte.json
decouverte,ClassificationSousCategorieTerroirs.ID,relation,ClassificationSousCategorieTerroirs,ID,Edm.Int64,True,True,29,29,0,100.0,1,feed_specific,observed_source,unclassified,source-schemas/decouverte.json
decouverte,ClassificationSousCategorieTerroirs.Ordre,relation,ClassificationSousCategorieTerroirs,Ordre,Edm.Int64,True,True,29,29,0,100.0,1,feed_specific,observed_source,unclassified,source-schemas/decouverte.json
decouverte,ClassificationSousCategorieTerroirs.SyndicObjectId,relation,ClassificationSousCategorieTerroirs,SyndicObjectId,Edm.String,True,True,29,29,0,100.0,1,feed_specific,observed_source,unclassified,source-schemas/decouverte.json
decouverte,ClassificationSousCategorieTerroirs.ThesCode,relation,ClassificationSousCategorieTerroirs,ThesCode,Edm.String,True,True,29,29,0,100.0,1,feed_specific,observed_source,unclassified,source-schemas/decouverte.json
decouverte,ClassificationSousCategorieTerroirs.ThesID,relation,ClassificationSousCategorieTerroirs,ThesID,Edm.Guid,True,True,29,29,0,100.0,1,feed_specific,observed_source,unclassified,source-schemas/decouverte.json
decouverte,ClassificationSousCategorieTerroirs.ThesLibelle,relation,ClassificationSousCategorieTerroirs,ThesLibelle,Edm.String,True,True,29,29,0,100.0,1,feed_specific,observed_source,unclassified,source-schemas/decouverte.json
decouverte,ClassificationSousCategorieTerroirs.ThesOrdre,relation,ClassificationSousCategorieTerroirs,ThesOrdre,Edm.Int64,True,True,29,29,0,100.0,1,feed_specific,observed_source,unclassified,source-schemas/decouverte.json
decouverte,ClassificationSousCategorieTerroirs.ThesPicto,relation,ClassificationSousCategorieTerroirs,ThesPicto,Edm.String,True,True,29,0,29,0.0,1,feed_specific,observed_source,unclassified,source-schemas/decouverte.json
decouverte,Descriptifaccess.Descriptifduplandacces,relation,Descriptifaccess,Descriptifduplandacces,Edm.String,True,True,49,21,28,42.9,5,shared,observed_source,unclassified,source-schemas/decouverte.json
decouverte,Descriptifaccess.ID,relation,Descriptifaccess,ID,Edm.Int64,True,True,49,49,0,100.0,5,shared,observed_source,unclassified,source-schemas/decouverte.json
decouverte,Descriptifaccess.Ordre,relation,Descriptifaccess,Ordre,Edm.Int64,True,True,49,49,0,100.0,5,shared,observed_source,unclassified,source-schemas/decouverte.json
decouverte,Descriptifaccess.SyndicObjectId,relation,Descriptifaccess,SyndicObjectId,Edm.String,True,True,49,49,0,100.0,5,shared,observed_source,unclassified,source-schemas/decouverte.json
decouverte,Descriptifss.Accroche,relation,Descriptifss,Accroche,Edm.String,True,True,3,2,1,66.7,6,all_feeds,observed_source,unclassified,source-schemas/decouverte.json
decouverte,Descriptifss.Descriptioncommerciale,relation,Descriptifss,Descriptioncommerciale,Edm.String,True,True,3,2,1,66.7,6,all_feeds,observed_source,unclassified,source-schemas/decouverte.json
decouverte,Descriptifss.ID,relation,Descriptifss,ID,Edm.Int64,True,True,3,3,0,100.0,6,all_feeds,observed_source,unclassified,source-schemas/decouverte.json
decouverte,Descriptifss.Ordre,relation,Descriptifss,Ordre,Edm.Int64,True,True,3,3,0,100.0,6,all_feeds,observed_source,unclassified,source-schemas/decouverte.json
decouverte,Descriptifss.SyndicObjectId,relation,Descriptifss,SyndicObjectId,Edm.String,True,True,3,3,0,100.0,6,all_feeds,observed_source,unclassified,source-schemas/decouverte.json
decouverte,Fichiers.DocumentFichier.Credit,relation,Fichiers,DocumentFichier.Credit,Edm.String,True,False,0,0,0,0,6,all_feeds,declared_unobserved,unclassified,source-schemas/decouverte.json
decouverte,Fichiers.DocumentFichier.MediaID,relation,Fichiers,DocumentFichier.MediaID,Edm.Guid,True,False,0,0,0,0,6,all_feeds,declared_unobserved,unclassified,source-schemas/decouverte.json
decouverte,Fichiers.DocumentFichier.Titre,relation,Fichiers,DocumentFichier.Titre,Edm.String,True,False,0,0,0,0,6,all_feeds,declared_unobserved,unclassified,source-schemas/decouverte.json
decouverte,Fichiers.DocumentFichier.Url,relation,Fichiers,DocumentFichier.Url,Edm.String,True,False,0,0,0,0,6,all_feeds,declared_unobserved,unclassified,source-schemas/decouverte.json
decouverte,Fichiers.ID,relation,Fichiers,ID,Edm.Int64,True,False,0,0,0,0,6,all_feeds,declared_unobserved,unclassified,source-schemas/decouverte.json
decouverte,Fichiers.Ordre,relation,Fichiers,Ordre,Edm.Int64,True,False,0,0,0,0,6,all_feeds,declared_unobserved,unclassified,source-schemas/decouverte.json
decouverte,Fichiers.SyndicObjectId,relation,Fichiers,SyndicObjectId,Edm.String,True,False,0,0,0,0,6,all_feeds,declared_unobserved,unclassified,source-schemas/decouverte.json
decouverte,Handicaps.ID,relation,Handicaps,ID,Edm.Int64,True,False,0,0,0,0,6,all_feeds,declared_unobserved,unclassified,source-schemas/decouverte.json
decouverte,Handicaps.Ordre,relation,Handicaps,Ordre,Edm.Int64,True,False,0,0,0,0,6,all_feeds,declared_unobserved,unclassified,source-schemas/decouverte.json
decouverte,Handicaps.SyndicObjectId,relation,Handicaps,SyndicObjectId,Edm.String,True,False,0,0,0,0,6,all_feeds,declared_unobserved,unclassified,source-schemas/decouverte.json
decouverte,Handicaps.ThesCode,relation,Handicaps,ThesCode,Edm.String,True,False,0,0,0,0,6,all_feeds,declared_unobserved,unclassified,source-schemas/decouverte.json
decouverte,Handicaps.ThesID,relation,Handicaps,ThesID,Edm.Guid,True,False,0,0,0,0,6,all_feeds,declared_unobserved,unclassified,source-schemas/decouverte.json
decouverte,Handicaps.ThesLibelle,relation,Handicaps,ThesLibelle,Edm.String,True,False,0,0,0,0,6,all_feeds,declared_unobserved,unclassified,source-schemas/decouverte.json
decouverte,Handicaps.ThesOrdre,relation,Handicaps,ThesOrdre,Edm.Int32,True,False,0,0,0,0,6,all_feeds,declared_unobserved,unclassified,source-schemas/decouverte.json
decouverte,Handicaps.ThesPicto,relation,Handicaps,ThesPicto,Edm.String,True,False,0,0,0,0,6,all_feeds,declared_unobserved,unclassified,source-schemas/decouverte.json
decouverte,Labels.ID,relation,Labels,ID,Edm.Int64,True,True,5,5,0,100.0,6,all_feeds,observed_source,unclassified,source-schemas/decouverte.json
decouverte,Labels.Ordre,relation,Labels,Ordre,Edm.Int64,True,True,5,5,0,100.0,6,all_feeds,observed_source,unclassified,source-schemas/decouverte.json
decouverte,Labels.SyndicObjectId,relation,Labels,SyndicObjectId,Edm.String,True,True,5,5,0,100.0,6,all_feeds,observed_source,unclassified,source-schemas/decouverte.json
decouverte,Labels.ThesCode,relation,Labels,ThesCode,Edm.String,True,True,5,5,0,100.0,4,shared,observed_source,unclassified,source-schemas/decouverte.json
decouverte,Labels.ThesID,relation,Labels,ThesID,Edm.Guid,True,True,5,5,0,100.0,4,shared,observed_source,unclassified,source-schemas/decouverte.json
decouverte,Labels.ThesLibelle,relation,Labels,ThesLibelle,Edm.String,True,True,5,5,0,100.0,4,shared,observed_source,unclassified,source-schemas/decouverte.json
decouverte,Labels.ThesOrdre,relation,Labels,ThesOrdre,Edm.Int64,True,True,5,5,0,100.0,4,shared,observed_source,unclassified,source-schemas/decouverte.json
decouverte,Labels.ThesPicto,relation,Labels,ThesPicto,Edm.String,True,True,5,0,5,0.0,4,shared,observed_source,unclassified,source-schemas/decouverte.json
decouverte,LanguesParleess.ID,relation,LanguesParleess,ID,Edm.Int64,True,True,95,95,0,100.0,6,all_feeds,observed_source,unclassified,source-schemas/decouverte.json
decouverte,LanguesParleess.Ordre,relation,LanguesParleess,Ordre,Edm.Int64,True,True,95,95,0,100.0,6,all_feeds,observed_source,unclassified,source-schemas/decouverte.json
decouverte,LanguesParleess.SyndicObjectId,relation,LanguesParleess,SyndicObjectId,Edm.String,True,True,95,95,0,100.0,6,all_feeds,observed_source,unclassified,source-schemas/decouverte.json
decouverte,LanguesParleess.ThesCode,relation,LanguesParleess,ThesCode,Edm.String,True,True,95,95,0,100.0,6,all_feeds,observed_source,unclassified,source-schemas/decouverte.json
decouverte,LanguesParleess.ThesID,relation,LanguesParleess,ThesID,Edm.Guid,True,True,95,95,0,100.0,6,all_feeds,observed_source,unclassified,source-schemas/decouverte.json
decouverte,LanguesParleess.ThesLibelle,relation,LanguesParleess,ThesLibelle,Edm.String,True,True,95,95,0,100.0,6,all_feeds,observed_source,unclassified,source-schemas/decouverte.json
decouverte,LanguesParleess.ThesOrdre,relation,LanguesParleess,ThesOrdre,Edm.Int64,True,True,95,95,0,100.0,6,all_feeds,observed_source,unclassified,source-schemas/decouverte.json
decouverte,LanguesParleess.ThesPicto,relation,LanguesParleess,ThesPicto,Edm.String,True,True,95,0,95,0.0,6,all_feeds,observed_source,unclassified,source-schemas/decouverte.json
decouverte,Localisations.ID,relation,Localisations,ID,Edm.Int64,True,True,36,36,0,100.0,5,shared,observed_source,unclassified,source-schemas/decouverte.json
decouverte,Localisations.Ordre,relation,Localisations,Ordre,Edm.Int64,True,True,36,36,0,100.0,5,shared,observed_source,unclassified,source-schemas/decouverte.json
decouverte,Localisations.SyndicObjectId,relation,Localisations,SyndicObjectId,Edm.String,True,True,36,36,0,100.0,5,shared,observed_source,unclassified,source-schemas/decouverte.json
decouverte,Localisations.ThesCode,relation,Localisations,ThesCode,Edm.String,True,True,36,36,0,100.0,5,shared,observed_source,unclassified,source-schemas/decouverte.json
decouverte,Localisations.ThesID,relation,Localisations,ThesID,Edm.Guid,True,True,36,36,0,100.0,5,shared,observed_source,unclassified,source-schemas/decouverte.json
decouverte,Localisations.ThesLibelle,relation,Localisations,ThesLibelle,Edm.String,True,True,36,36,0,100.0,5,shared,observed_source,unclassified,source-schemas/decouverte.json
decouverte,Localisations.ThesOrdre,relation,Localisations,ThesOrdre,Edm.Int64,True,True,36,36,0,100.0,5,shared,observed_source,unclassified,source-schemas/decouverte.json
decouverte,Localisations.ThesPicto,relation,Localisations,ThesPicto,Edm.String,True,True,36,0,36,0.0,5,shared,observed_source,unclassified,source-schemas/decouverte.json
decouverte,Marques.ID,relation,Marques,ID,Edm.Int64,True,True,5,5,0,100.0,5,shared,observed_source,unclassified,source-schemas/decouverte.json
decouverte,Marques.Ordre,relation,Marques,Ordre,Edm.Int64,True,True,5,5,0,100.0,5,shared,observed_source,unclassified,source-schemas/decouverte.json
decouverte,Marques.SyndicObjectId,relation,Marques,SyndicObjectId,Edm.String,True,True,5,5,0,100.0,5,shared,observed_source,unclassified,source-schemas/decouverte.json
decouverte,ModesPaiements.ID,relation,ModesPaiements,ID,Edm.Int64,True,True,110,110,0,100.0,6,all_feeds,observed_source,unclassified,source-schemas/decouverte.json
decouverte,ModesPaiements.Ordre,relation,ModesPaiements,Ordre,Edm.Int64,True,True,110,110,0,100.0,6,all_feeds,observed_source,unclassified,source-schemas/decouverte.json
decouverte,ModesPaiements.SyndicObjectId,relation,ModesPaiements,SyndicObjectId,Edm.String,True,True,110,110,0,100.0,6,all_feeds,observed_source,unclassified,source-schemas/decouverte.json
decouverte,ModesPaiements.ThesCode,relation,ModesPaiements,ThesCode,Edm.String,True,True,110,110,0,100.0,6,all_feeds,observed_source,unclassified,source-schemas/decouverte.json
decouverte,ModesPaiements.ThesID,relation,ModesPaiements,ThesID,Edm.Guid,True,True,110,110,0,100.0,6,all_feeds,observed_source,unclassified,source-schemas/decouverte.json
decouverte,ModesPaiements.ThesLibelle,relation,ModesPaiements,ThesLibelle,Edm.String,True,True,110,110,0,100.0,6,all_feeds,observed_source,unclassified,source-schemas/decouverte.json
decouverte,ModesPaiements.ThesOrdre,relation,ModesPaiements,ThesOrdre,Edm.Int64,True,True,110,110,0,100.0,6,all_feeds,observed_source,unclassified,source-schemas/decouverte.json
decouverte,ModesPaiements.ThesPicto,relation,ModesPaiements,ThesPicto,Edm.String,True,True,110,0,110,0.0,6,all_feeds,observed_source,unclassified,source-schemas/decouverte.json
decouverte,Moyencommunications.Complementdinformations,relation,Moyencommunications,Complementdinformations,Edm.String,True,True,139,0,139,0.0,6,all_feeds,observed_source,unclassified,source-schemas/decouverte.json
decouverte,Moyencommunications.Coordonnees,relation,Moyencommunications,Coordonnees,Edm.String,True,True,139,135,4,97.1,6,all_feeds,observed_source,unclassified,source-schemas/decouverte.json
decouverte,Moyencommunications.ID,relation,Moyencommunications,ID,Edm.Int64,True,True,139,139,0,100.0,6,all_feeds,observed_source,unclassified,source-schemas/decouverte.json
decouverte,Moyencommunications.Moyendecommunication,relation,Moyencommunications,Moyendecommunication,TourInSoft.V5.Syndication.Syndication_FSDECOUVERTEOTISud_428EC9B6BEE14C85B372B15969FB2A19.ListeComplexType,False,True,8,0,8,0.0,5,shared,observed_source,unclassified,source-schemas/decouverte.json
decouverte,Moyencommunications.Moyendecommunication.ThesCode,relation,Moyencommunications,Moyendecommunication.ThesCode,Edm.String,True,True,131,131,0,100.0,6,all_feeds,observed_source,unclassified,source-schemas/decouverte.json
decouverte,Moyencommunications.Moyendecommunication.ThesID,relation,Moyencommunications,Moyendecommunication.ThesID,Edm.Guid,True,True,131,131,0,100.0,6,all_feeds,observed_source,unclassified,source-schemas/decouverte.json
decouverte,Moyencommunications.Moyendecommunication.ThesLibelle,relation,Moyencommunications,Moyendecommunication.ThesLibelle,Edm.String,True,True,131,131,0,100.0,6,all_feeds,observed_source,unclassified,source-schemas/decouverte.json
decouverte,Moyencommunications.Moyendecommunication.ThesOrdre,relation,Moyencommunications,Moyendecommunication.ThesOrdre,Edm.Int32,True,True,131,131,0,100.0,6,all_feeds,observed_source,unclassified,source-schemas/decouverte.json
decouverte,Moyencommunications.Moyendecommunication.ThesPicto,relation,Moyencommunications,Moyendecommunication.ThesPicto,Edm.String,True,True,131,0,131,0.0,6,all_feeds,observed_source,unclassified,source-schemas/decouverte.json
decouverte,Moyencommunications.Ordre,relation,Moyencommunications,Ordre,Edm.Int64,True,True,139,139,0,100.0,6,all_feeds,observed_source,unclassified,source-schemas/decouverte.json
decouverte,Moyencommunications.SyndicObjectId,relation,Moyencommunications,SyndicObjectId,Edm.String,True,True,139,139,0,100.0,6,all_feeds,observed_source,unclassified,source-schemas/decouverte.json
decouverte,Moyencommunications.Typedecoordonnees.ThesCode,relation,Moyencommunications,Typedecoordonnees.ThesCode,Edm.String,True,True,139,139,0,100.0,6,all_feeds,observed_source,unclassified,source-schemas/decouverte.json
decouverte,Moyencommunications.Typedecoordonnees.ThesID,relation,Moyencommunications,Typedecoordonnees.ThesID,Edm.Guid,True,True,139,139,0,100.0,6,all_feeds,observed_source,unclassified,source-schemas/decouverte.json
decouverte,Moyencommunications.Typedecoordonnees.ThesLibelle,relation,Moyencommunications,Typedecoordonnees.ThesLibelle,Edm.String,True,True,139,139,0,100.0,6,all_feeds,observed_source,unclassified,source-schemas/decouverte.json
decouverte,Moyencommunications.Typedecoordonnees.ThesOrdre,relation,Moyencommunications,Typedecoordonnees.ThesOrdre,Edm.Int32,True,True,139,139,0,100.0,6,all_feeds,observed_source,unclassified,source-schemas/decouverte.json
decouverte,Moyencommunications.Typedecoordonnees.ThesPicto,relation,Moyencommunications,Typedecoordonnees.ThesPicto,Edm.String,True,True,139,0,139,0.0,6,all_feeds,observed_source,unclassified,source-schemas/decouverte.json
decouverte,PeriodeOuvertures.Datedebut,relation,PeriodeOuvertures,Datedebut,Edm.DateTime,True,False,0,0,0,0,6,all_feeds,declared_unobserved,unclassified,source-schemas/decouverte.json
decouverte,PeriodeOuvertures.Datefin,relation,PeriodeOuvertures,Datefin,Edm.DateTime,True,False,0,0,0,0,6,all_feeds,declared_unobserved,unclassified,source-schemas/decouverte.json
decouverte,PeriodeOuvertures.dimancheheuredebut1,relation,PeriodeOuvertures,dimancheheuredebut1,Edm.Time,True,False,0,0,0,0,6,all_feeds,declared_unobserved,unclassified,source-schemas/decouverte.json
decouverte,PeriodeOuvertures.dimancheheuredebut2,relation,PeriodeOuvertures,dimancheheuredebut2,Edm.Time,True,False,0,0,0,0,6,all_feeds,declared_unobserved,unclassified,source-schemas/decouverte.json
decouverte,PeriodeOuvertures.dimancheheurefin1,relation,PeriodeOuvertures,dimancheheurefin1,Edm.Time,True,False,0,0,0,0,6,all_feeds,declared_unobserved,unclassified,source-schemas/decouverte.json
decouverte,PeriodeOuvertures.dimancheheurefin2,relation,PeriodeOuvertures,dimancheheurefin2,Edm.Time,True,False,0,0,0,0,6,all_feeds,declared_unobserved,unclassified,source-schemas/decouverte.json
decouverte,PeriodeOuvertures.heuredebut1,relation,PeriodeOuvertures,heuredebut1,Edm.Time,True,False,0,0,0,0,6,all_feeds,declared_unobserved,unclassified,source-schemas/decouverte.json
decouverte,PeriodeOuvertures.heuredebut2,relation,PeriodeOuvertures,heuredebut2,Edm.Time,True,False,0,0,0,0,6,all_feeds,declared_unobserved,unclassified,source-schemas/decouverte.json
decouverte,PeriodeOuvertures.heurefin1,relation,PeriodeOuvertures,heurefin1,Edm.Time,True,False,0,0,0,0,6,all_feeds,declared_unobserved,unclassified,source-schemas/decouverte.json
decouverte,PeriodeOuvertures.heurefin2,relation,PeriodeOuvertures,heurefin2,Edm.Time,True,False,0,0,0,0,6,all_feeds,declared_unobserved,unclassified,source-schemas/decouverte.json
decouverte,PeriodeOuvertures.ID,relation,PeriodeOuvertures,ID,Edm.Int64,True,False,0,0,0,0,6,all_feeds,declared_unobserved,unclassified,source-schemas/decouverte.json
decouverte,PeriodeOuvertures.jeudiheuredebut1,relation,PeriodeOuvertures,jeudiheuredebut1,Edm.Time,True,False,0,0,0,0,6,all_feeds,declared_unobserved,unclassified,source-schemas/decouverte.json
decouverte,PeriodeOuvertures.jeudiheuredebut2,relation,PeriodeOuvertures,jeudiheuredebut2,Edm.Time,True,False,0,0,0,0,6,all_feeds,declared_unobserved,unclassified,source-schemas/decouverte.json
decouverte,PeriodeOuvertures.jeudiheurefin1,relation,PeriodeOuvertures,jeudiheurefin1,Edm.Time,True,False,0,0,0,0,6,all_feeds,declared_unobserved,unclassified,source-schemas/decouverte.json
decouverte,PeriodeOuvertures.jeudiheurefin2,relation,PeriodeOuvertures,jeudiheurefin2,Edm.Time,True,False,0,0,0,0,6,all_feeds,declared_unobserved,unclassified,source-schemas/decouverte.json
decouverte,PeriodeOuvertures.lundiheuredebut1,relation,PeriodeOuvertures,lundiheuredebut1,Edm.Time,True,False,0,0,0,0,6,all_feeds,declared_unobserved,unclassified,source-schemas/decouverte.json
decouverte,PeriodeOuvertures.lundiheuredebut2,relation,PeriodeOuvertures,lundiheuredebut2,Edm.Time,True,False,0,0,0,0,6,all_feeds,declared_unobserved,unclassified,source-schemas/decouverte.json
decouverte,PeriodeOuvertures.lundiheurefin1,relation,PeriodeOuvertures,lundiheurefin1,Edm.Time,True,False,0,0,0,0,6,all_feeds,declared_unobserved,unclassified,source-schemas/decouverte.json
decouverte,PeriodeOuvertures.lundiheurefin2,relation,PeriodeOuvertures,lundiheurefin2,Edm.Time,True,False,0,0,0,0,6,all_feeds,declared_unobserved,unclassified,source-schemas/decouverte.json
decouverte,PeriodeOuvertures.mardiheuredebut1,relation,PeriodeOuvertures,mardiheuredebut1,Edm.Time,True,False,0,0,0,0,6,all_feeds,declared_unobserved,unclassified,source-schemas/decouverte.json
decouverte,PeriodeOuvertures.mardiheuredebut2,relation,PeriodeOuvertures,mardiheuredebut2,Edm.Time,True,False,0,0,0,0,6,all_feeds,declared_unobserved,unclassified,source-schemas/decouverte.json
decouverte,PeriodeOuvertures.mardiheurefin1,relation,PeriodeOuvertures,mardiheurefin1,Edm.Time,True,False,0,0,0,0,6,all_feeds,declared_unobserved,unclassified,source-schemas/decouverte.json
decouverte,PeriodeOuvertures.mardiheurefin2,relation,PeriodeOuvertures,mardiheurefin2,Edm.Time,True,False,0,0,0,0,6,all_feeds,declared_unobserved,unclassified,source-schemas/decouverte.json
decouverte,PeriodeOuvertures.mercrediheuredebut1,relation,PeriodeOuvertures,mercrediheuredebut1,Edm.Time,True,False,0,0,0,0,6,all_feeds,declared_unobserved,unclassified,source-schemas/decouverte.json
decouverte,PeriodeOuvertures.mercrediheuredebut2,relation,PeriodeOuvertures,mercrediheuredebut2,Edm.Time,True,False,0,0,0,0,6,all_feeds,declared_unobserved,unclassified,source-schemas/decouverte.json
decouverte,PeriodeOuvertures.mercrediheurefin1,relation,PeriodeOuvertures,mercrediheurefin1,Edm.Time,True,False,0,0,0,0,6,all_feeds,declared_unobserved,unclassified,source-schemas/decouverte.json
decouverte,PeriodeOuvertures.mercrediheurefin2,relation,PeriodeOuvertures,mercrediheurefin2,Edm.Time,True,False,0,0,0,0,6,all_feeds,declared_unobserved,unclassified,source-schemas/decouverte.json
decouverte,PeriodeOuvertures.Ordre,relation,PeriodeOuvertures,Ordre,Edm.Int64,True,False,0,0,0,0,6,all_feeds,declared_unobserved,unclassified,source-schemas/decouverte.json
decouverte,PeriodeOuvertures.Precisionssurlesfermetures,relation,PeriodeOuvertures,Precisionssurlesfermetures,Edm.String,True,False,0,0,0,0,6,all_feeds,declared_unobserved,unclassified,source-schemas/decouverte.json
decouverte,PeriodeOuvertures.Precisionssurlesouvertures,relation,PeriodeOuvertures,Precisionssurlesouvertures,Edm.String,True,False,0,0,0,0,6,all_feeds,declared_unobserved,unclassified,source-schemas/decouverte.json
decouverte,PeriodeOuvertures.samediheuredebut1,relation,PeriodeOuvertures,samediheuredebut1,Edm.Time,True,False,0,0,0,0,6,all_feeds,declared_unobserved,unclassified,source-schemas/decouverte.json
decouverte,PeriodeOuvertures.samediheuredebut2,relation,PeriodeOuvertures,samediheuredebut2,Edm.Time,True,False,0,0,0,0,6,all_feeds,declared_unobserved,unclassified,source-schemas/decouverte.json
decouverte,PeriodeOuvertures.samediheurefin1,relation,PeriodeOuvertures,samediheurefin1,Edm.Time,True,False,0,0,0,0,6,all_feeds,declared_unobserved,unclassified,source-schemas/decouverte.json
decouverte,PeriodeOuvertures.samediheurefin2,relation,PeriodeOuvertures,samediheurefin2,Edm.Time,True,False,0,0,0,0,6,all_feeds,declared_unobserved,unclassified,source-schemas/decouverte.json
decouverte,PeriodeOuvertures.SyndicObjectId,relation,PeriodeOuvertures,SyndicObjectId,Edm.String,True,False,0,0,0,0,6,all_feeds,declared_unobserved,unclassified,source-schemas/decouverte.json
decouverte,PeriodeOuvertures.vendrediheuredebut1,relation,PeriodeOuvertures,vendrediheuredebut1,Edm.Time,True,False,0,0,0,0,6,all_feeds,declared_unobserved,unclassified,source-schemas/decouverte.json
decouverte,PeriodeOuvertures.vendrediheuredebut2,relation,PeriodeOuvertures,vendrediheuredebut2,Edm.Time,True,False,0,0,0,0,6,all_feeds,declared_unobserved,unclassified,source-schemas/decouverte.json
decouverte,PeriodeOuvertures.vendrediheurefin1,relation,PeriodeOuvertures,vendrediheurefin1,Edm.Time,True,False,0,0,0,0,6,all_feeds,declared_unobserved,unclassified,source-schemas/decouverte.json
decouverte,PeriodeOuvertures.vendrediheurefin2,relation,PeriodeOuvertures,vendrediheurefin2,Edm.Time,True,False,0,0,0,0,6,all_feeds,declared_unobserved,unclassified,source-schemas/decouverte.json
decouverte,Photos.Datedefindutilisation,relation,Photos,Datedefindutilisation,Edm.DateTime,True,True,293,0,293,0.0,6,all_feeds,observed_source,unclassified,source-schemas/decouverte.json
decouverte,Photos.ID,relation,Photos,ID,Edm.Int64,True,True,293,293,0,100.0,6,all_feeds,observed_source,unclassified,source-schemas/decouverte.json
decouverte,Photos.Licencecreativecommons,relation,Photos,Licencecreativecommons,Edm.Boolean,True,True,293,0,293,0.0,6,all_feeds,observed_source,unclassified,source-schemas/decouverte.json
decouverte,Photos.Ordre,relation,Photos,Ordre,Edm.Int64,True,True,293,293,0,100.0,6,all_feeds,observed_source,unclassified,source-schemas/decouverte.json
decouverte,Photos.Photo.Credit,relation,Photos,Photo.Credit,Edm.String,True,True,293,293,0,100.0,6,all_feeds,observed_source,unclassified,source-schemas/decouverte.json
decouverte,Photos.Photo.MediaID,relation,Photos,Photo.MediaID,Edm.Guid,True,True,293,293,0,100.0,6,all_feeds,observed_source,unclassified,source-schemas/decouverte.json
decouverte,Photos.Photo.Titre,relation,Photos,Photo.Titre,Edm.String,True,True,293,293,0,100.0,6,all_feeds,observed_source,unclassified,source-schemas/decouverte.json
decouverte,Photos.Photo.Url,relation,Photos,Photo.Url,Edm.String,True,True,293,293,0,100.0,6,all_feeds,observed_source,unclassified,source-schemas/decouverte.json
decouverte,Photos.SyndicObjectId,relation,Photos,SyndicObjectId,Edm.String,True,True,293,293,0,100.0,6,all_feeds,observed_source,unclassified,source-schemas/decouverte.json
decouverte,PrestationProximites.ID,relation,PrestationProximites,ID,Edm.Int64,True,True,37,37,0,100.0,6,all_feeds,observed_source,unclassified,source-schemas/decouverte.json
decouverte,PrestationProximites.Ordre,relation,PrestationProximites,Ordre,Edm.Int64,True,True,37,37,0,100.0,6,all_feeds,observed_source,unclassified,source-schemas/decouverte.json
decouverte,PrestationProximites.SyndicObjectId,relation,PrestationProximites,SyndicObjectId,Edm.String,True,True,37,37,0,100.0,6,all_feeds,observed_source,unclassified,source-schemas/decouverte.json
decouverte,PrestationProximites.ThesCode,relation,PrestationProximites,ThesCode,Edm.String,True,True,37,37,0,100.0,6,all_feeds,observed_source,unclassified,source-schemas/decouverte.json
decouverte,PrestationProximites.ThesID,relation,PrestationProximites,ThesID,Edm.Guid,True,True,37,37,0,100.0,6,all_feeds,observed_source,unclassified,source-schemas/decouverte.json
decouverte,PrestationProximites.ThesLibelle,relation,PrestationProximites,ThesLibelle,Edm.String,True,True,37,37,0,100.0,6,all_feeds,observed_source,unclassified,source-schemas/decouverte.json
decouverte,PrestationProximites.ThesOrdre,relation,PrestationProximites,ThesOrdre,Edm.Int64,True,True,37,37,0,100.0,6,all_feeds,observed_source,unclassified,source-schemas/decouverte.json
decouverte,PrestationProximites.ThesPicto,relation,PrestationProximites,ThesPicto,Edm.String,True,True,37,0,37,0.0,6,all_feeds,observed_source,unclassified,source-schemas/decouverte.json
decouverte,PrestationsActivites.ID,relation,PrestationsActivites,ID,Edm.Int64,True,True,1,1,0,100.0,5,shared,observed_source,unclassified,source-schemas/decouverte.json
decouverte,PrestationsActivites.Ordre,relation,PrestationsActivites,Ordre,Edm.Int64,True,True,1,1,0,100.0,5,shared,observed_source,unclassified,source-schemas/decouverte.json
decouverte,PrestationsActivites.SyndicObjectId,relation,PrestationsActivites,SyndicObjectId,Edm.String,True,True,1,1,0,100.0,5,shared,observed_source,unclassified,source-schemas/decouverte.json
decouverte,PrestationsActivites.ThesCode,relation,PrestationsActivites,ThesCode,Edm.String,True,True,1,1,0,100.0,5,shared,observed_source,unclassified,source-schemas/decouverte.json
decouverte,PrestationsActivites.ThesID,relation,PrestationsActivites,ThesID,Edm.Guid,True,True,1,1,0,100.0,5,shared,observed_source,unclassified,source-schemas/decouverte.json
decouverte,PrestationsActivites.ThesLibelle,relation,PrestationsActivites,ThesLibelle,Edm.String,True,True,1,1,0,100.0,5,shared,observed_source,unclassified,source-schemas/decouverte.json
decouverte,PrestationsActivites.ThesOrdre,relation,PrestationsActivites,ThesOrdre,Edm.Int64,True,True,1,1,0,100.0,5,shared,observed_source,unclassified,source-schemas/decouverte.json
decouverte,PrestationsActivites.ThesPicto,relation,PrestationsActivites,ThesPicto,Edm.String,True,True,1,0,1,0.0,5,shared,observed_source,unclassified,source-schemas/decouverte.json
decouverte,PrestationsEquipementss.ID,relation,PrestationsEquipementss,ID,Edm.Int64,True,True,25,25,0,100.0,6,all_feeds,observed_source,unclassified,source-schemas/decouverte.json
decouverte,PrestationsEquipementss.Ordre,relation,PrestationsEquipementss,Ordre,Edm.Int64,True,True,25,25,0,100.0,6,all_feeds,observed_source,unclassified,source-schemas/decouverte.json
decouverte,PrestationsEquipementss.SyndicObjectId,relation,PrestationsEquipementss,SyndicObjectId,Edm.String,True,True,25,25,0,100.0,6,all_feeds,observed_source,unclassified,source-schemas/decouverte.json
decouverte,PrestationsEquipementss.ThesCode,relation,PrestationsEquipementss,ThesCode,Edm.String,True,True,25,25,0,100.0,6,all_feeds,observed_source,unclassified,source-schemas/decouverte.json
decouverte,PrestationsEquipementss.ThesID,relation,PrestationsEquipementss,ThesID,Edm.Guid,True,True,25,25,0,100.0,6,all_feeds,observed_source,unclassified,source-schemas/decouverte.json
decouverte,PrestationsEquipementss.ThesLibelle,relation,PrestationsEquipementss,ThesLibelle,Edm.String,True,True,25,25,0,100.0,6,all_feeds,observed_source,unclassified,source-schemas/decouverte.json
decouverte,PrestationsEquipementss.ThesOrdre,relation,PrestationsEquipementss,ThesOrdre,Edm.Int64,True,True,25,25,0,100.0,6,all_feeds,observed_source,unclassified,source-schemas/decouverte.json
decouverte,PrestationsEquipementss.ThesPicto,relation,PrestationsEquipementss,ThesPicto,Edm.String,True,True,25,0,25,0.0,6,all_feeds,observed_source,unclassified,source-schemas/decouverte.json
decouverte,Reservations.ID,relation,Reservations,ID,Edm.Int64,True,True,7,7,0,100.0,5,shared,observed_source,unclassified,source-schemas/decouverte.json
decouverte,Reservations.Lien,relation,Reservations,Lien,Edm.String,True,True,7,7,0,100.0,5,shared,observed_source,unclassified,source-schemas/decouverte.json
decouverte,Reservations.Listeplateforme.ThesCode,relation,Reservations,Listeplateforme.ThesCode,Edm.String,True,True,7,7,0,100.0,5,shared,observed_source,unclassified,source-schemas/decouverte.json
decouverte,Reservations.Listeplateforme.ThesID,relation,Reservations,Listeplateforme.ThesID,Edm.Guid,True,True,7,7,0,100.0,5,shared,observed_source,unclassified,source-schemas/decouverte.json
decouverte,Reservations.Listeplateforme.ThesLibelle,relation,Reservations,Listeplateforme.ThesLibelle,Edm.String,True,True,7,7,0,100.0,5,shared,observed_source,unclassified,source-schemas/decouverte.json
decouverte,Reservations.Listeplateforme.ThesOrdre,relation,Reservations,Listeplateforme.ThesOrdre,Edm.Int32,True,True,7,7,0,100.0,5,shared,observed_source,unclassified,source-schemas/decouverte.json
decouverte,Reservations.Listeplateforme.ThesPicto,relation,Reservations,Listeplateforme.ThesPicto,Edm.String,True,True,7,0,7,0.0,5,shared,observed_source,unclassified,source-schemas/decouverte.json
decouverte,Reservations.Ordre,relation,Reservations,Ordre,Edm.Int64,True,True,7,7,0,100.0,5,shared,observed_source,unclassified,source-schemas/decouverte.json
decouverte,Reservations.SyndicObjectId,relation,Reservations,SyndicObjectId,Edm.String,True,True,7,7,0,100.0,5,shared,observed_source,unclassified,source-schemas/decouverte.json
decouverte,Structure.Address1,relation,Structure,Address1,Edm.String,True,True,49,49,0,100.0,6,all_feeds,observed_source,unclassified,source-schemas/decouverte.json
decouverte,Structure.Address2,relation,Structure,Address2,Edm.String,True,True,49,0,49,0.0,6,all_feeds,observed_source,unclassified,source-schemas/decouverte.json
decouverte,Structure.Address3,relation,Structure,Address3,Edm.String,True,True,49,0,49,0.0,6,all_feeds,observed_source,unclassified,source-schemas/decouverte.json
decouverte,Structure.City,relation,Structure,City,Edm.String,True,True,49,49,0,100.0,6,all_feeds,observed_source,unclassified,source-schemas/decouverte.json
decouverte,Structure.Country,relation,Structure,Country,Edm.String,True,True,49,0,49,0.0,6,all_feeds,observed_source,unclassified,source-schemas/decouverte.json
decouverte,Structure.Email,relation,Structure,Email,Edm.String,True,True,49,49,0,100.0,6,all_feeds,observed_source,unclassified,source-schemas/decouverte.json
decouverte,Structure.EmailName,relation,Structure,EmailName,Edm.String,True,True,49,0,49,0.0,6,all_feeds,observed_source,unclassified,source-schemas/decouverte.json
decouverte,Structure.Name,relation,Structure,Name,Edm.String,True,True,49,49,0,100.0,6,all_feeds,observed_source,unclassified,source-schemas/decouverte.json
decouverte,Structure.Phone,relation,Structure,Phone,Edm.String,True,True,49,0,49,0.0,6,all_feeds,observed_source,unclassified,source-schemas/decouverte.json
decouverte,Structure.Postcode,relation,Structure,Postcode,Edm.String,True,True,49,49,0,100.0,6,all_feeds,observed_source,unclassified,source-schemas/decouverte.json
decouverte,Structure.SyndicStructureId,relation,Structure,SyndicStructureId,Edm.Guid,True,True,49,49,0,100.0,6,all_feeds,observed_source,unclassified,source-schemas/decouverte.json
decouverte,Structure.Url,relation,Structure,Url,Edm.String,True,True,49,0,49,0.0,6,all_feeds,observed_source,unclassified,source-schemas/decouverte.json
decouverte,Tarifs.complementtarifs,relation,Tarifs,complementtarifs,Edm.String,True,True,6,3,3,50.0,5,shared,observed_source,unclassified,source-schemas/decouverte.json
decouverte,Tarifs.Datedebutaffichage,relation,Tarifs,Datedebutaffichage,Edm.DateTime,True,True,6,3,3,50.0,5,shared,observed_source,unclassified,source-schemas/decouverte.json
decouverte,Tarifs.Datedebutvalidite,relation,Tarifs,Datedebutvalidite,Edm.DateTime,True,True,6,0,6,0.0,5,shared,observed_source,unclassified,source-schemas/decouverte.json
decouverte,Tarifs.Datefinaffichage,relation,Tarifs,Datefinaffichage,Edm.DateTime,True,True,6,0,6,0.0,5,shared,observed_source,unclassified,source-schemas/decouverte.json
decouverte,Tarifs.Datefinvalidite,relation,Tarifs,Datefinvalidite,Edm.DateTime,True,True,6,0,6,0.0,5,shared,observed_source,unclassified,source-schemas/decouverte.json
decouverte,Tarifs.ID,relation,Tarifs,ID,Edm.Int64,True,True,6,6,0,100.0,5,shared,observed_source,unclassified,source-schemas/decouverte.json
decouverte,Tarifs.IntituleTarifs,relation,Tarifs,IntituleTarifs,TourInSoft.V5.Syndication.Syndication_FSDECOUVERTEOTISud_428EC9B6BEE14C85B372B15969FB2A19.ListeComplexType,False,True,4,0,4,0.0,5,shared,observed_source,unclassified,source-schemas/decouverte.json
decouverte,Tarifs.IntituleTarifs.ThesCode,relation,Tarifs,IntituleTarifs.ThesCode,Edm.String,True,True,2,2,0,100.0,5,shared,observed_source,unclassified,source-schemas/decouverte.json
decouverte,Tarifs.IntituleTarifs.ThesID,relation,Tarifs,IntituleTarifs.ThesID,Edm.Guid,True,True,2,2,0,100.0,5,shared,observed_source,unclassified,source-schemas/decouverte.json
decouverte,Tarifs.IntituleTarifs.ThesLibelle,relation,Tarifs,IntituleTarifs.ThesLibelle,Edm.String,True,True,2,2,0,100.0,5,shared,observed_source,unclassified,source-schemas/decouverte.json
decouverte,Tarifs.IntituleTarifs.ThesOrdre,relation,Tarifs,IntituleTarifs.ThesOrdre,Edm.Int32,True,True,2,2,0,100.0,5,shared,observed_source,unclassified,source-schemas/decouverte.json
decouverte,Tarifs.IntituleTarifs.ThesPicto,relation,Tarifs,IntituleTarifs.ThesPicto,Edm.String,True,True,2,0,2,0.0,5,shared,observed_source,unclassified,source-schemas/decouverte.json
decouverte,Tarifs.MaximumEuro,relation,Tarifs,MaximumEuro,Edm.Decimal,True,True,6,4,2,66.7,5,shared,observed_source,unclassified,source-schemas/decouverte.json
decouverte,Tarifs.MinimumEuro,relation,Tarifs,MinimumEuro,Edm.Decimal,True,True,6,6,0,100.0,5,shared,observed_source,unclassified,source-schemas/decouverte.json
decouverte,Tarifs.Ordre,relation,Tarifs,Ordre,Edm.Int64,True,True,6,6,0,100.0,5,shared,observed_source,unclassified,source-schemas/decouverte.json
decouverte,Tarifs.Saisonnalite,relation,Tarifs,Saisonnalite,TourInSoft.V5.Syndication.Syndication_FSDECOUVERTEOTISud_428EC9B6BEE14C85B372B15969FB2A19.ListeComplexType,False,True,6,0,6,0.0,5,shared,observed_source,unclassified,source-schemas/decouverte.json
decouverte,Tarifs.Saisonnalite.ThesCode,relation,Tarifs,Saisonnalite.ThesCode,Edm.String,True,False,0,0,0,0,5,shared,declared_unobserved,unclassified,source-schemas/decouverte.json
decouverte,Tarifs.Saisonnalite.ThesID,relation,Tarifs,Saisonnalite.ThesID,Edm.Guid,True,False,0,0,0,0,5,shared,declared_unobserved,unclassified,source-schemas/decouverte.json
decouverte,Tarifs.Saisonnalite.ThesLibelle,relation,Tarifs,Saisonnalite.ThesLibelle,Edm.String,True,False,0,0,0,0,5,shared,declared_unobserved,unclassified,source-schemas/decouverte.json
decouverte,Tarifs.Saisonnalite.ThesOrdre,relation,Tarifs,Saisonnalite.ThesOrdre,Edm.Int32,True,False,0,0,0,0,5,shared,declared_unobserved,unclassified,source-schemas/decouverte.json
decouverte,Tarifs.Saisonnalite.ThesPicto,relation,Tarifs,Saisonnalite.ThesPicto,Edm.String,True,False,0,0,0,0,5,shared,declared_unobserved,unclassified,source-schemas/decouverte.json
decouverte,Tarifs.SyndicObjectId,relation,Tarifs,SyndicObjectId,Edm.String,True,True,6,6,0,100.0,5,shared,observed_source,unclassified,source-schemas/decouverte.json
decouverte,Thematiques.ID,relation,Thematiques,ID,Edm.Int64,True,True,50,50,0,100.0,6,all_feeds,observed_source,unclassified,source-schemas/decouverte.json
decouverte,Thematiques.Ordre,relation,Thematiques,Ordre,Edm.Int64,True,True,50,50,0,100.0,6,all_feeds,observed_source,unclassified,source-schemas/decouverte.json
decouverte,Thematiques.SyndicObjectId,relation,Thematiques,SyndicObjectId,Edm.String,True,True,50,50,0,100.0,6,all_feeds,observed_source,unclassified,source-schemas/decouverte.json
decouverte,Thematiques.ThesCode,relation,Thematiques,ThesCode,Edm.String,True,True,50,50,0,100.0,6,all_feeds,observed_source,unclassified,source-schemas/decouverte.json
decouverte,Thematiques.ThesID,relation,Thematiques,ThesID,Edm.Guid,True,True,50,50,0,100.0,6,all_feeds,observed_source,unclassified,source-schemas/decouverte.json
decouverte,Thematiques.ThesLibelle,relation,Thematiques,ThesLibelle,Edm.String,True,True,50,50,0,100.0,6,all_feeds,observed_source,unclassified,source-schemas/decouverte.json
decouverte,Thematiques.ThesOrdre,relation,Thematiques,ThesOrdre,Edm.Int64,True,True,50,50,0,100.0,6,all_feeds,observed_source,unclassified,source-schemas/decouverte.json
decouverte,Thematiques.ThesPicto,relation,Thematiques,ThesPicto,Edm.String,True,True,50,0,50,0.0,6,all_feeds,observed_source,unclassified,source-schemas/decouverte.json
decouverte,TisTracking.CodeOffre,relation,TisTracking,CodeOffre,Edm.String,True,True,49,49,0,100.0,6,all_feeds,observed_source,unclassified,source-schemas/decouverte.json
decouverte,TisTracking.CodeStructure,relation,TisTracking,CodeStructure,Edm.String,True,True,49,49,0,100.0,6,all_feeds,observed_source,unclassified,source-schemas/decouverte.json
decouverte,TisTracking.CodeSyndication,relation,TisTracking,CodeSyndication,Edm.String,True,True,49,49,0,100.0,6,all_feeds,observed_source,unclassified,source-schemas/decouverte.json
decouverte,TisTracking.SyndicObjectId,relation,TisTracking,SyndicObjectId,Edm.String,True,True,49,49,0,100.0,6,all_feeds,observed_source,unclassified,source-schemas/decouverte.json
decouverte,Typeequipements.ID,relation,Typeequipements,ID,Edm.Int64,True,True,49,49,0,100.0,4,shared,observed_source,unclassified,source-schemas/decouverte.json
decouverte,Typeequipements.Ordre,relation,Typeequipements,Ordre,Edm.Int64,True,True,49,49,0,100.0,4,shared,observed_source,unclassified,source-schemas/decouverte.json
decouverte,Typeequipements.SyndicObjectId,relation,Typeequipements,SyndicObjectId,Edm.String,True,True,49,49,0,100.0,4,shared,observed_source,unclassified,source-schemas/decouverte.json
decouverte,Typeequipements.Typedactivite.ThesCode,relation,Typeequipements,Typedactivite.ThesCode,Edm.String,True,True,49,49,0,100.0,4,shared,observed_source,unclassified,source-schemas/decouverte.json
decouverte,Typeequipements.Typedactivite.ThesID,relation,Typeequipements,Typedactivite.ThesID,Edm.Guid,True,True,49,49,0,100.0,4,shared,observed_source,unclassified,source-schemas/decouverte.json
decouverte,Typeequipements.Typedactivite.ThesLibelle,relation,Typeequipements,Typedactivite.ThesLibelle,Edm.String,True,True,49,49,0,100.0,4,shared,observed_source,unclassified,source-schemas/decouverte.json
decouverte,Typeequipements.Typedactivite.ThesOrdre,relation,Typeequipements,Typedactivite.ThesOrdre,Edm.Int32,True,True,49,49,0,100.0,4,shared,observed_source,unclassified,source-schemas/decouverte.json
decouverte,Typeequipements.Typedactivite.ThesPicto,relation,Typeequipements,Typedactivite.ThesPicto,Edm.String,True,True,49,0,49,0.0,4,shared,observed_source,unclassified,source-schemas/decouverte.json
decouverte,Videos.ID,relation,Videos,ID,Edm.Int64,True,False,0,0,0,0,6,all_feeds,declared_unobserved,unclassified,source-schemas/decouverte.json
decouverte,Videos.IntegrerlavideosursonsitecopiercollerdeObjetouembedYoutubeouDailymotion,relation,Videos,IntegrerlavideosursonsitecopiercollerdeObjetouembedYoutubeouDailymotion,Edm.String,True,False,0,0,0,0,6,all_feeds,declared_unobserved,unclassified,source-schemas/decouverte.json
decouverte,Videos.Licencecreativecommons,relation,Videos,Licencecreativecommons,Edm.Boolean,True,False,0,0,0,0,6,all_feeds,declared_unobserved,unclassified,source-schemas/decouverte.json
decouverte,Videos.Ordre,relation,Videos,Ordre,Edm.Int64,True,False,0,0,0,0,6,all_feeds,declared_unobserved,unclassified,source-schemas/decouverte.json
decouverte,Videos.SyndicObjectId,relation,Videos,SyndicObjectId,Edm.String,True,False,0,0,0,0,6,all_feeds,declared_unobserved,unclassified,source-schemas/decouverte.json
decouverte,Videos.URLvideo,relation,Videos,URLvideo,Edm.String,True,False,0,0,0,0,6,all_feeds,declared_unobserved,unclassified,source-schemas/decouverte.json
hebergement,object.AccueilPMR,object,,AccueilPMR,Edm.Boolean,True,True,211,209,2,99.1,4,shared,observed_source,unclassified,source-schemas/hebergement.json
hebergement,object.Adresse1,object,,Adresse1,Edm.String,True,True,211,211,0,100.0,6,all_feeds,observed_source,unclassified,source-schemas/hebergement.json
hebergement,object.Adresse2,object,,Adresse2,Edm.String,True,True,211,14,197,6.6,6,all_feeds,observed_source,unclassified,source-schemas/hebergement.json
hebergement,object.Adresse3,object,,Adresse3,Edm.String,True,True,211,0,211,0.0,6,all_feeds,observed_source,unclassified,source-schemas/hebergement.json
hebergement,object.Allinclusive,object,,Allinclusive,Edm.Boolean,True,True,211,8,203,3.8,1,feed_specific,observed_source,unclassified,source-schemas/hebergement.json
hebergement,object.Bureau.ThesCode,object,,Bureau.ThesCode,Edm.String,True,True,211,211,0,100.0,6,all_feeds,observed_source,unclassified,source-schemas/hebergement.json
hebergement,object.Bureau.ThesID,object,,Bureau.ThesID,Edm.Guid,True,True,211,211,0,100.0,6,all_feeds,observed_source,unclassified,source-schemas/hebergement.json
hebergement,object.Bureau.ThesLibelle,object,,Bureau.ThesLibelle,Edm.String,True,True,211,211,0,100.0,6,all_feeds,observed_source,unclassified,source-schemas/hebergement.json
hebergement,object.Bureau.ThesOrdre,object,,Bureau.ThesOrdre,Edm.Int32,True,True,211,211,0,100.0,6,all_feeds,observed_source,unclassified,source-schemas/hebergement.json
hebergement,object.Bureau.ThesPicto,object,,Bureau.ThesPicto,Edm.String,True,True,211,0,211,0.0,6,all_feeds,observed_source,unclassified,source-schemas/hebergement.json
hebergement,object.Chaine,object,,Chaine,TourInSoft.V5.Syndication.Syndication_FSHebergementOTISud_1BE1FF22C4564D65B15EC83BC63F0644.ListeComplexType,False,True,210,0,210,0.0,1,feed_specific,observed_source,unclassified,source-schemas/hebergement.json
hebergement,object.Chaine.ThesCode,object,,Chaine.ThesCode,Edm.String,True,True,1,1,0,100.0,1,feed_specific,observed_source,unclassified,source-schemas/hebergement.json
hebergement,object.Chaine.ThesID,object,,Chaine.ThesID,Edm.Guid,True,True,1,1,0,100.0,1,feed_specific,observed_source,unclassified,source-schemas/hebergement.json
hebergement,object.Chaine.ThesLibelle,object,,Chaine.ThesLibelle,Edm.String,True,True,1,1,0,100.0,1,feed_specific,observed_source,unclassified,source-schemas/hebergement.json
hebergement,object.Chaine.ThesOrdre,object,,Chaine.ThesOrdre,Edm.Int32,True,True,1,1,0,100.0,1,feed_specific,observed_source,unclassified,source-schemas/hebergement.json
hebergement,object.Chaine.ThesPicto,object,,Chaine.ThesPicto,Edm.String,True,True,1,0,1,0.0,1,feed_specific,observed_source,unclassified,source-schemas/hebergement.json
hebergement,object.ClassementPrefectoral,object,,ClassementPrefectoral,Edm.String,True,True,211,70,141,33.2,1,feed_specific,observed_source,unclassified,source-schemas/hebergement.json
hebergement,object.ClassificationType,object,,ClassificationType,TourInSoft.V5.Syndication.Syndication_FSHebergementOTISud_1BE1FF22C4564D65B15EC83BC63F0644.ListeComplexType,False,True,1,0,1,0.0,2,shared,observed_source,unclassified,source-schemas/hebergement.json
hebergement,object.ClassificationType.ThesCode,object,,ClassificationType.ThesCode,Edm.String,True,True,210,210,0,100.0,6,all_feeds,observed_source,unclassified,source-schemas/hebergement.json
hebergement,object.ClassificationType.ThesID,object,,ClassificationType.ThesID,Edm.Guid,True,True,210,210,0,100.0,6,all_feeds,observed_source,unclassified,source-schemas/hebergement.json
hebergement,object.ClassificationType.ThesLibelle,object,,ClassificationType.ThesLibelle,Edm.String,True,True,210,210,0,100.0,6,all_feeds,observed_source,unclassified,source-schemas/hebergement.json
hebergement,object.ClassificationType.ThesOrdre,object,,ClassificationType.ThesOrdre,Edm.Int32,True,True,210,210,0,100.0,6,all_feeds,observed_source,unclassified,source-schemas/hebergement.json
hebergement,object.ClassificationType.ThesPicto,object,,ClassificationType.ThesPicto,Edm.String,True,True,210,0,210,0.0,6,all_feeds,observed_source,unclassified,source-schemas/hebergement.json
hebergement,object.CodeINSEE,object,,CodeINSEE,Edm.String,True,True,211,211,0,100.0,6,all_feeds,observed_source,unclassified,source-schemas/hebergement.json
hebergement,object.CodePostal,object,,CodePostal,Edm.String,True,True,211,211,0,100.0,6,all_feeds,observed_source,unclassified,source-schemas/hebergement.json
hebergement,object.Commune,object,,Commune,Edm.String,True,True,211,211,0,100.0,6,all_feeds,observed_source,unclassified,source-schemas/hebergement.json
hebergement,object.GmapLatitude,object,,GmapLatitude,Edm.String,True,True,211,210,1,99.5,6,all_feeds,observed_source,unclassified,source-schemas/hebergement.json
hebergement,object.GmapLongitude,object,,GmapLongitude,Edm.String,True,True,211,210,1,99.5,6,all_feeds,observed_source,unclassified,source-schemas/hebergement.json
hebergement,object.IdentifiantSoubik,object,,IdentifiantSoubik,Edm.String,True,True,211,208,3,98.6,6,all_feeds,observed_source,unclassified,source-schemas/hebergement.json
hebergement,object.Lieudit,object,,Lieudit,TourInSoft.V5.Syndication.Syndication_FSHebergementOTISud_1BE1FF22C4564D65B15EC83BC63F0644.ListeComplexType,False,True,134,0,134,0.0,6,all_feeds,observed_source,unclassified,source-schemas/hebergement.json
hebergement,object.Lieudit.ThesCode,object,,Lieudit.ThesCode,Edm.String,True,True,77,77,0,100.0,6,all_feeds,observed_source,unclassified,source-schemas/hebergement.json
hebergement,object.Lieudit.ThesID,object,,Lieudit.ThesID,Edm.Guid,True,True,77,77,0,100.0,6,all_feeds,observed_source,unclassified,source-schemas/hebergement.json
hebergement,object.Lieudit.ThesLibelle,object,,Lieudit.ThesLibelle,Edm.String,True,True,77,77,0,100.0,6,all_feeds,observed_source,unclassified,source-schemas/hebergement.json
hebergement,object.Lieudit.ThesOrdre,object,,Lieudit.ThesOrdre,Edm.Int32,True,True,77,77,0,100.0,6,all_feeds,observed_source,unclassified,source-schemas/hebergement.json
hebergement,object.Lieudit.ThesPicto,object,,Lieudit.ThesPicto,Edm.String,True,True,77,0,77,0.0,6,all_feeds,observed_source,unclassified,source-schemas/hebergement.json
hebergement,object.Nometablissement,object,,Nometablissement,Edm.String,True,True,211,211,0,100.0,6,all_feeds,observed_source,unclassified,source-schemas/hebergement.json
hebergement,object.ObjectTypeFix,object,,ObjectTypeFix,Edm.String,True,True,211,211,0,100.0,6,all_feeds,observed_source,unclassified,source-schemas/hebergement.json
hebergement,object.ObjectTypeName,object,,ObjectTypeName,Edm.String,True,True,211,211,0,100.0,6,all_feeds,observed_source,unclassified,source-schemas/hebergement.json
hebergement,object.Published,object,,Published,Edm.DateTime,True,True,211,211,0,100.0,6,all_feeds,observed_source,unclassified,source-schemas/hebergement.json
hebergement,object.RaisonSociale,object,,RaisonSociale,Edm.String,True,True,211,120,91,56.9,6,all_feeds,observed_source,unclassified,source-schemas/hebergement.json
hebergement,object.SIRET,object,,SIRET,Edm.String,True,True,211,11,200,5.2,6,all_feeds,observed_source,unclassified,source-schemas/hebergement.json
hebergement,object.SyndicObjectID,object,,SyndicObjectID,Edm.String,True,True,211,211,0,100.0,6,all_feeds,observed_source,unclassified,source-schemas/hebergement.json
hebergement,object.SyndicObjectName,object,,SyndicObjectName,Edm.String,True,True,211,211,0,100.0,6,all_feeds,observed_source,unclassified,source-schemas/hebergement.json
hebergement,object.SyndicObjectOrder,object,,SyndicObjectOrder,Edm.Int64,True,True,211,211,0,100.0,6,all_feeds,observed_source,unclassified,source-schemas/hebergement.json
hebergement,object.SyndicStructureId,object,,SyndicStructureId,Edm.Guid,True,True,211,211,0,100.0,6,all_feeds,observed_source,unclassified,source-schemas/hebergement.json
hebergement,object.TIS_TRACKING_LISTING_OFFRE,object,,TIS_TRACKING_LISTING_OFFRE,Edm.String,True,True,211,211,0,100.0,6,all_feeds,observed_source,unclassified,source-schemas/hebergement.json
hebergement,object.TIS_TRACKING_OFFRE,object,,TIS_TRACKING_OFFRE,Edm.String,True,True,211,211,0,100.0,6,all_feeds,observed_source,unclassified,source-schemas/hebergement.json
hebergement,object.Updated,object,,Updated,Edm.DateTime,True,True,211,211,0,100.0,6,all_feeds,observed_source,unclassified,source-schemas/hebergement.json
hebergement,Access.Descriptifduplandacces,relation,Access,Descriptifduplandacces,Edm.String,True,True,211,170,41,80.6,1,feed_specific,observed_source,unclassified,source-schemas/hebergement.json
hebergement,Access.ID,relation,Access,ID,Edm.Int64,True,True,211,211,0,100.0,1,feed_specific,observed_source,unclassified,source-schemas/hebergement.json
hebergement,Access.Ordre,relation,Access,Ordre,Edm.Int64,True,True,211,211,0,100.0,1,feed_specific,observed_source,unclassified,source-schemas/hebergement.json
hebergement,Access.SyndicObjectId,relation,Access,SyndicObjectId,Edm.String,True,True,211,211,0,100.0,1,feed_specific,observed_source,unclassified,source-schemas/hebergement.json
hebergement,Animauxacceptess.Animauxacceptes,relation,Animauxacceptess,Animauxacceptes,Edm.Boolean,True,True,211,211,0,100.0,1,feed_specific,observed_source,unclassified,source-schemas/hebergement.json
hebergement,Animauxacceptess.Complementdinfo,relation,Animauxacceptess,Complementdinfo,TourInSoft.V5.Syndication.Syndication_FSHebergementOTISud_1BE1FF22C4564D65B15EC83BC63F0644.ListeComplexType,False,True,211,0,211,0.0,1,feed_specific,observed_source,unclassified,source-schemas/hebergement.json
hebergement,Animauxacceptess.Complementdinfo.ThesCode,relation,Animauxacceptess,Complementdinfo.ThesCode,Edm.String,True,False,0,0,0,0,1,feed_specific,declared_unobserved,unclassified,source-schemas/hebergement.json
hebergement,Animauxacceptess.Complementdinfo.ThesID,relation,Animauxacceptess,Complementdinfo.ThesID,Edm.Guid,True,False,0,0,0,0,1,feed_specific,declared_unobserved,unclassified,source-schemas/hebergement.json
hebergement,Animauxacceptess.Complementdinfo.ThesLibelle,relation,Animauxacceptess,Complementdinfo.ThesLibelle,Edm.String,True,False,0,0,0,0,1,feed_specific,declared_unobserved,unclassified,source-schemas/hebergement.json
hebergement,Animauxacceptess.Complementdinfo.ThesOrdre,relation,Animauxacceptess,Complementdinfo.ThesOrdre,Edm.Int32,True,False,0,0,0,0,1,feed_specific,declared_unobserved,unclassified,source-schemas/hebergement.json
hebergement,Animauxacceptess.Complementdinfo.ThesPicto,relation,Animauxacceptess,Complementdinfo.ThesPicto,Edm.String,True,False,0,0,0,0,1,feed_specific,declared_unobserved,unclassified,source-schemas/hebergement.json
hebergement,Animauxacceptess.Complementdinformations,relation,Animauxacceptess,Complementdinformations,Edm.String,True,True,211,0,211,0.0,1,feed_specific,observed_source,unclassified,source-schemas/hebergement.json
hebergement,Animauxacceptess.ID,relation,Animauxacceptess,ID,Edm.Int64,True,True,211,211,0,100.0,1,feed_specific,observed_source,unclassified,source-schemas/hebergement.json
hebergement,Animauxacceptess.Ordre,relation,Animauxacceptess,Ordre,Edm.Int64,True,True,211,211,0,100.0,1,feed_specific,observed_source,unclassified,source-schemas/hebergement.json
hebergement,Animauxacceptess.SyndicObjectId,relation,Animauxacceptess,SyndicObjectId,Edm.String,True,True,211,211,0,100.0,1,feed_specific,observed_source,unclassified,source-schemas/hebergement.json
hebergement,Capacitecampings.Capacite,relation,Capacitecampings,Capacite,Edm.Double,True,True,3,3,0,100.0,1,feed_specific,observed_source,unclassified,source-schemas/hebergement.json
hebergement,Capacitecampings.ID,relation,Capacitecampings,ID,Edm.Int64,True,True,3,3,0,100.0,1,feed_specific,observed_source,unclassified,source-schemas/hebergement.json
hebergement,Capacitecampings.Nombredemplacementcamping,relation,Capacitecampings,Nombredemplacementcamping,Edm.Double,True,True,3,0,3,0.0,1,feed_specific,observed_source,unclassified,source-schemas/hebergement.json
hebergement,Capacitecampings.Nombredeproduits,relation,Capacitecampings,Nombredeproduits,Edm.Double,True,True,3,3,0,100.0,1,feed_specific,observed_source,unclassified,source-schemas/hebergement.json
hebergement,Capacitecampings.Ordre,relation,Capacitecampings,Ordre,Edm.Int64,True,True,3,3,0,100.0,1,feed_specific,observed_source,unclassified,source-schemas/hebergement.json
hebergement,Capacitecampings.Superficieduterrain,relation,Capacitecampings,Superficieduterrain,Edm.Double,True,True,3,3,0,100.0,1,feed_specific,observed_source,unclassified,source-schemas/hebergement.json
hebergement,Capacitecampings.Surfacecamping,relation,Capacitecampings,Surfacecamping,Edm.Double,True,True,3,0,3,0.0,1,feed_specific,observed_source,unclassified,source-schemas/hebergement.json
hebergement,Capacitecampings.Surfacedelhabitation,relation,Capacitecampings,Surfacedelhabitation,Edm.Double,True,True,3,3,0,100.0,1,feed_specific,observed_source,unclassified,source-schemas/hebergement.json
hebergement,Capacitecampings.SyndicObjectId,relation,Capacitecampings,SyndicObjectId,Edm.String,True,True,3,3,0,100.0,1,feed_specific,observed_source,unclassified,source-schemas/hebergement.json
hebergement,Capacites.Capacitetotalenombredepersonnes,relation,Capacites,Capacitetotalenombredepersonnes,Edm.Double,True,True,208,207,1,99.5,1,feed_specific,observed_source,unclassified,source-schemas/hebergement.json
hebergement,Capacites.ID,relation,Capacites,ID,Edm.Int64,True,True,208,208,0,100.0,4,shared,observed_source,unclassified,source-schemas/hebergement.json
hebergement,Capacites.Nombredechambresfamiliales,relation,Capacites,Nombredechambresfamiliales,Edm.Double,True,True,208,0,208,0.0,1,feed_specific,observed_source,unclassified,source-schemas/hebergement.json
hebergement,Capacites.Nombredechambrespourpersonneamobilitereduite,relation,Capacites,Nombredechambrespourpersonneamobilitereduite,Edm.Double,True,True,208,0,208,0.0,1,feed_specific,observed_source,unclassified,source-schemas/hebergement.json
hebergement,Capacites.Nombredelits,relation,Capacites,Nombredelits,Edm.Double,True,True,208,0,208,0.0,1,feed_specific,observed_source,unclassified,source-schemas/hebergement.json
hebergement,Capacites.Nombretotaldechambres,relation,Capacites,Nombretotaldechambres,Edm.Double,True,True,208,15,193,7.2,1,feed_specific,observed_source,unclassified,source-schemas/hebergement.json
hebergement,Capacites.Ordre,relation,Capacites,Ordre,Edm.Int64,True,True,208,208,0,100.0,4,shared,observed_source,unclassified,source-schemas/hebergement.json
hebergement,Capacites.Salledereunion,relation,Capacites,Salledereunion,Edm.Boolean,True,True,208,4,204,1.9,1,feed_specific,observed_source,unclassified,source-schemas/hebergement.json
hebergement,Capacites.Superficieduterrain,relation,Capacites,Superficieduterrain,Edm.Double,True,True,208,184,24,88.5,1,feed_specific,observed_source,unclassified,source-schemas/hebergement.json
hebergement,Capacites.Surfacedelhabitation,relation,Capacites,Surfacedelhabitation,Edm.Double,True,True,208,198,10,95.2,1,feed_specific,observed_source,unclassified,source-schemas/hebergement.json
hebergement,Capacites.SyndicObjectId,relation,Capacites,SyndicObjectId,Edm.String,True,True,208,208,0,100.0,4,shared,observed_source,unclassified,source-schemas/hebergement.json
hebergement,Capacitesallereunions.Capacitedelasalle,relation,Capacitesallereunions,Capacitedelasalle,Edm.Double,True,False,0,0,0,0,1,feed_specific,declared_unobserved,unclassified,source-schemas/hebergement.json
hebergement,Capacitesallereunions.Descriptifdelasalle,relation,Capacitesallereunions,Descriptifdelasalle,Edm.String,True,False,0,0,0,0,1,feed_specific,declared_unobserved,unclassified,source-schemas/hebergement.json
hebergement,Capacitesallereunions.ID,relation,Capacitesallereunions,ID,Edm.Int64,True,False,0,0,0,0,1,feed_specific,declared_unobserved,unclassified,source-schemas/hebergement.json
hebergement,Capacitesallereunions.Nomdelasalle,relation,Capacitesallereunions,Nomdelasalle,Edm.String,True,False,0,0,0,0,1,feed_specific,declared_unobserved,unclassified,source-schemas/hebergement.json
hebergement,Capacitesallereunions.Ordre,relation,Capacitesallereunions,Ordre,Edm.Int64,True,False,0,0,0,0,1,feed_specific,declared_unobserved,unclassified,source-schemas/hebergement.json
hebergement,Capacitesallereunions.SyndicObjectId,relation,Capacitesallereunions,SyndicObjectId,Edm.String,True,False,0,0,0,0,1,feed_specific,declared_unobserved,unclassified,source-schemas/hebergement.json
hebergement,ClassementGitesDeFrances.ID,relation,ClassementGitesDeFrances,ID,Edm.Int64,True,False,0,0,0,0,1,feed_specific,declared_unobserved,unclassified,source-schemas/hebergement.json
hebergement,ClassementGitesDeFrances.Ordre,relation,ClassementGitesDeFrances,Ordre,Edm.Int64,True,False,0,0,0,0,1,feed_specific,declared_unobserved,unclassified,source-schemas/hebergement.json
hebergement,ClassementGitesDeFrances.SyndicObjectId,relation,ClassementGitesDeFrances,SyndicObjectId,Edm.String,True,False,0,0,0,0,1,feed_specific,declared_unobserved,unclassified,source-schemas/hebergement.json
hebergement,ClassementGitesDeFrances.ThesCode,relation,ClassementGitesDeFrances,ThesCode,Edm.String,True,False,0,0,0,0,1,feed_specific,declared_unobserved,unclassified,source-schemas/hebergement.json
hebergement,ClassementGitesDeFrances.ThesID,relation,ClassementGitesDeFrances,ThesID,Edm.Guid,True,False,0,0,0,0,1,feed_specific,declared_unobserved,unclassified,source-schemas/hebergement.json
hebergement,ClassementGitesDeFrances.ThesLibelle,relation,ClassementGitesDeFrances,ThesLibelle,Edm.String,True,False,0,0,0,0,1,feed_specific,declared_unobserved,unclassified,source-schemas/hebergement.json
hebergement,ClassementGitesDeFrances.ThesOrdre,relation,ClassementGitesDeFrances,ThesOrdre,Edm.Int32,True,False,0,0,0,0,1,feed_specific,declared_unobserved,unclassified,source-schemas/hebergement.json
hebergement,ClassementGitesDeFrances.ThesPicto,relation,ClassementGitesDeFrances,ThesPicto,Edm.String,True,False,0,0,0,0,1,feed_specific,declared_unobserved,unclassified,source-schemas/hebergement.json
hebergement,ClassementsCleVacancess.ID,relation,ClassementsCleVacancess,ID,Edm.Int64,True,False,0,0,0,0,1,feed_specific,declared_unobserved,unclassified,source-schemas/hebergement.json
hebergement,ClassementsCleVacancess.Ordre,relation,ClassementsCleVacancess,Ordre,Edm.Int64,True,False,0,0,0,0,1,feed_specific,declared_unobserved,unclassified,source-schemas/hebergement.json
hebergement,ClassementsCleVacancess.SyndicObjectId,relation,ClassementsCleVacancess,SyndicObjectId,Edm.String,True,False,0,0,0,0,1,feed_specific,declared_unobserved,unclassified,source-schemas/hebergement.json
hebergement,ClassementsCleVacancess.ThesCode,relation,ClassementsCleVacancess,ThesCode,Edm.String,True,False,0,0,0,0,1,feed_specific,declared_unobserved,unclassified,source-schemas/hebergement.json
hebergement,ClassementsCleVacancess.ThesID,relation,ClassementsCleVacancess,ThesID,Edm.Guid,True,False,0,0,0,0,1,feed_specific,declared_unobserved,unclassified,source-schemas/hebergement.json
hebergement,ClassementsCleVacancess.ThesLibelle,relation,ClassementsCleVacancess,ThesLibelle,Edm.String,True,False,0,0,0,0,1,feed_specific,declared_unobserved,unclassified,source-schemas/hebergement.json
hebergement,ClassementsCleVacancess.ThesOrdre,relation,ClassementsCleVacancess,ThesOrdre,Edm.Int32,True,False,0,0,0,0,1,feed_specific,declared_unobserved,unclassified,source-schemas/hebergement.json
hebergement,ClassementsCleVacancess.ThesPicto,relation,ClassementsCleVacancess,ThesPicto,Edm.String,True,False,0,0,0,0,1,feed_specific,declared_unobserved,unclassified,source-schemas/hebergement.json
hebergement,Classificationcategories.ID,relation,Classificationcategories,ID,Edm.Int64,True,True,210,210,0,100.0,1,feed_specific,observed_source,unclassified,source-schemas/hebergement.json
hebergement,Classificationcategories.Ordre,relation,Classificationcategories,Ordre,Edm.Int64,True,True,210,210,0,100.0,1,feed_specific,observed_source,unclassified,source-schemas/hebergement.json
hebergement,Classificationcategories.SyndicObjectId,relation,Classificationcategories,SyndicObjectId,Edm.String,True,True,210,210,0,100.0,1,feed_specific,observed_source,unclassified,source-schemas/hebergement.json
hebergement,Classificationcategories.ThesCode,relation,Classificationcategories,ThesCode,Edm.String,True,True,210,210,0,100.0,1,feed_specific,observed_source,unclassified,source-schemas/hebergement.json
hebergement,Classificationcategories.ThesID,relation,Classificationcategories,ThesID,Edm.Guid,True,True,210,210,0,100.0,1,feed_specific,observed_source,unclassified,source-schemas/hebergement.json
hebergement,Classificationcategories.ThesLibelle,relation,Classificationcategories,ThesLibelle,Edm.String,True,True,210,210,0,100.0,1,feed_specific,observed_source,unclassified,source-schemas/hebergement.json
hebergement,Classificationcategories.ThesOrdre,relation,Classificationcategories,ThesOrdre,Edm.Int64,True,True,210,210,0,100.0,1,feed_specific,observed_source,unclassified,source-schemas/hebergement.json
hebergement,Classificationcategories.ThesPicto,relation,Classificationcategories,ThesPicto,Edm.String,True,True,210,0,210,0.0,1,feed_specific,observed_source,unclassified,source-schemas/hebergement.json
hebergement,ClassificationsouscategorieCHoteHLOs.ID,relation,ClassificationsouscategorieCHoteHLOs,ID,Edm.Int64,True,True,49,49,0,100.0,1,feed_specific,observed_source,unclassified,source-schemas/hebergement.json
hebergement,ClassificationsouscategorieCHoteHLOs.Ordre,relation,ClassificationsouscategorieCHoteHLOs,Ordre,Edm.Int64,True,True,49,49,0,100.0,1,feed_specific,observed_source,unclassified,source-schemas/hebergement.json
hebergement,ClassificationsouscategorieCHoteHLOs.SyndicObjectId,relation,ClassificationsouscategorieCHoteHLOs,SyndicObjectId,Edm.String,True,True,49,49,0,100.0,1,feed_specific,observed_source,unclassified,source-schemas/hebergement.json
hebergement,ClassificationsouscategorieCHoteHLOs.ThesCode,relation,ClassificationsouscategorieCHoteHLOs,ThesCode,Edm.String,True,True,49,49,0,100.0,1,feed_specific,observed_source,unclassified,source-schemas/hebergement.json
hebergement,ClassificationsouscategorieCHoteHLOs.ThesID,relation,ClassificationsouscategorieCHoteHLOs,ThesID,Edm.Guid,True,True,49,49,0,100.0,1,feed_specific,observed_source,unclassified,source-schemas/hebergement.json
hebergement,ClassificationsouscategorieCHoteHLOs.ThesLibelle,relation,ClassificationsouscategorieCHoteHLOs,ThesLibelle,Edm.String,True,True,49,49,0,100.0,1,feed_specific,observed_source,unclassified,source-schemas/hebergement.json
hebergement,ClassificationsouscategorieCHoteHLOs.ThesOrdre,relation,ClassificationsouscategorieCHoteHLOs,ThesOrdre,Edm.Int64,True,True,49,49,0,100.0,1,feed_specific,observed_source,unclassified,source-schemas/hebergement.json
hebergement,ClassificationsouscategorieCHoteHLOs.ThesPicto,relation,ClassificationsouscategorieCHoteHLOs,ThesPicto,Edm.String,True,True,49,0,49,0.0,1,feed_specific,observed_source,unclassified,source-schemas/hebergement.json
hebergement,ClassificationsouscategoriegiteHLOs.ID,relation,ClassificationsouscategoriegiteHLOs,ID,Edm.Int64,True,True,17,17,0,100.0,1,feed_specific,observed_source,unclassified,source-schemas/hebergement.json
hebergement,ClassificationsouscategoriegiteHLOs.Ordre,relation,ClassificationsouscategoriegiteHLOs,Ordre,Edm.Int64,True,True,17,17,0,100.0,1,feed_specific,observed_source,unclassified,source-schemas/hebergement.json
hebergement,ClassificationsouscategoriegiteHLOs.SyndicObjectId,relation,ClassificationsouscategoriegiteHLOs,SyndicObjectId,Edm.String,True,True,17,17,0,100.0,1,feed_specific,observed_source,unclassified,source-schemas/hebergement.json
hebergement,ClassificationsouscategoriegiteHLOs.ThesCode,relation,ClassificationsouscategoriegiteHLOs,ThesCode,Edm.String,True,True,17,17,0,100.0,1,feed_specific,observed_source,unclassified,source-schemas/hebergement.json
hebergement,ClassificationsouscategoriegiteHLOs.ThesID,relation,ClassificationsouscategoriegiteHLOs,ThesID,Edm.Guid,True,True,17,17,0,100.0,1,feed_specific,observed_source,unclassified,source-schemas/hebergement.json
hebergement,ClassificationsouscategoriegiteHLOs.ThesLibelle,relation,ClassificationsouscategoriegiteHLOs,ThesLibelle,Edm.String,True,True,17,17,0,100.0,1,feed_specific,observed_source,unclassified,source-schemas/hebergement.json
hebergement,ClassificationsouscategoriegiteHLOs.ThesOrdre,relation,ClassificationsouscategoriegiteHLOs,ThesOrdre,Edm.Int64,True,True,17,17,0,100.0,1,feed_specific,observed_source,unclassified,source-schemas/hebergement.json
hebergement,ClassificationsouscategoriegiteHLOs.ThesPicto,relation,ClassificationsouscategoriegiteHLOs,ThesPicto,Edm.String,True,True,17,0,17,0.0,1,feed_specific,observed_source,unclassified,source-schemas/hebergement.json
hebergement,ClassificationsouscategorielocsaisHLOs.ID,relation,ClassificationsouscategorielocsaisHLOs,ID,Edm.Int64,True,True,134,134,0,100.0,1,feed_specific,observed_source,unclassified,source-schemas/hebergement.json
hebergement,ClassificationsouscategorielocsaisHLOs.Ordre,relation,ClassificationsouscategorielocsaisHLOs,Ordre,Edm.Int64,True,True,134,134,0,100.0,1,feed_specific,observed_source,unclassified,source-schemas/hebergement.json
hebergement,ClassificationsouscategorielocsaisHLOs.SyndicObjectId,relation,ClassificationsouscategorielocsaisHLOs,SyndicObjectId,Edm.String,True,True,134,134,0,100.0,1,feed_specific,observed_source,unclassified,source-schemas/hebergement.json
hebergement,ClassificationsouscategorielocsaisHLOs.ThesCode,relation,ClassificationsouscategorielocsaisHLOs,ThesCode,Edm.String,True,True,134,134,0,100.0,1,feed_specific,observed_source,unclassified,source-schemas/hebergement.json
hebergement,ClassificationsouscategorielocsaisHLOs.ThesID,relation,ClassificationsouscategorielocsaisHLOs,ThesID,Edm.Guid,True,True,134,134,0,100.0,1,feed_specific,observed_source,unclassified,source-schemas/hebergement.json
hebergement,ClassificationsouscategorielocsaisHLOs.ThesLibelle,relation,ClassificationsouscategorielocsaisHLOs,ThesLibelle,Edm.String,True,True,134,134,0,100.0,1,feed_specific,observed_source,unclassified,source-schemas/hebergement.json
hebergement,ClassificationsouscategorielocsaisHLOs.ThesOrdre,relation,ClassificationsouscategorielocsaisHLOs,ThesOrdre,Edm.Int64,True,True,134,134,0,100.0,1,feed_specific,observed_source,unclassified,source-schemas/hebergement.json
hebergement,ClassificationsouscategorielocsaisHLOs.ThesPicto,relation,ClassificationsouscategorielocsaisHLOs,ThesPicto,Edm.String,True,True,134,0,134,0.0,1,feed_specific,observed_source,unclassified,source-schemas/hebergement.json
hebergement,Classificationsouscategories.ID,relation,Classificationsouscategories,ID,Edm.Int64,True,True,10,10,0,100.0,1,feed_specific,observed_source,unclassified,source-schemas/hebergement.json
hebergement,Classificationsouscategories.Ordre,relation,Classificationsouscategories,Ordre,Edm.Int64,True,True,10,10,0,100.0,1,feed_specific,observed_source,unclassified,source-schemas/hebergement.json
hebergement,Classificationsouscategories.SyndicObjectId,relation,Classificationsouscategories,SyndicObjectId,Edm.String,True,True,10,10,0,100.0,1,feed_specific,observed_source,unclassified,source-schemas/hebergement.json
hebergement,Classificationsouscategories.ThesCode,relation,Classificationsouscategories,ThesCode,Edm.String,True,True,10,10,0,100.0,1,feed_specific,observed_source,unclassified,source-schemas/hebergement.json
hebergement,Classificationsouscategories.ThesID,relation,Classificationsouscategories,ThesID,Edm.Guid,True,True,10,10,0,100.0,1,feed_specific,observed_source,unclassified,source-schemas/hebergement.json
hebergement,Classificationsouscategories.ThesLibelle,relation,Classificationsouscategories,ThesLibelle,Edm.String,True,True,10,10,0,100.0,1,feed_specific,observed_source,unclassified,source-schemas/hebergement.json
hebergement,Classificationsouscategories.ThesOrdre,relation,Classificationsouscategories,ThesOrdre,Edm.Int64,True,True,10,10,0,100.0,1,feed_specific,observed_source,unclassified,source-schemas/hebergement.json
hebergement,Classificationsouscategories.ThesPicto,relation,Classificationsouscategories,ThesPicto,Edm.String,True,True,10,0,10,0.0,1,feed_specific,observed_source,unclassified,source-schemas/hebergement.json
hebergement,Descriptifss.Accroche,relation,Descriptifss,Accroche,Edm.String,True,True,211,191,20,90.5,6,all_feeds,observed_source,unclassified,source-schemas/hebergement.json
hebergement,Descriptifss.Descriptioncommerciale,relation,Descriptifss,Descriptioncommerciale,Edm.String,True,True,211,210,1,99.5,6,all_feeds,observed_source,unclassified,source-schemas/hebergement.json
hebergement,Descriptifss.ID,relation,Descriptifss,ID,Edm.Int64,True,True,211,211,0,100.0,6,all_feeds,observed_source,unclassified,source-schemas/hebergement.json
hebergement,Descriptifss.Ordre,relation,Descriptifss,Ordre,Edm.Int64,True,True,211,211,0,100.0,6,all_feeds,observed_source,unclassified,source-schemas/hebergement.json
hebergement,Descriptifss.SyndicObjectId,relation,Descriptifss,SyndicObjectId,Edm.String,True,True,211,211,0,100.0,6,all_feeds,observed_source,unclassified,source-schemas/hebergement.json
hebergement,Fichiers.DocumentFichier.Credit,relation,Fichiers,DocumentFichier.Credit,Edm.String,True,False,0,0,0,0,6,all_feeds,declared_unobserved,unclassified,source-schemas/hebergement.json
hebergement,Fichiers.DocumentFichier.MediaID,relation,Fichiers,DocumentFichier.MediaID,Edm.Guid,True,False,0,0,0,0,6,all_feeds,declared_unobserved,unclassified,source-schemas/hebergement.json
hebergement,Fichiers.DocumentFichier.Titre,relation,Fichiers,DocumentFichier.Titre,Edm.String,True,False,0,0,0,0,6,all_feeds,declared_unobserved,unclassified,source-schemas/hebergement.json
hebergement,Fichiers.DocumentFichier.Url,relation,Fichiers,DocumentFichier.Url,Edm.String,True,False,0,0,0,0,6,all_feeds,declared_unobserved,unclassified,source-schemas/hebergement.json
hebergement,Fichiers.ID,relation,Fichiers,ID,Edm.Int64,True,False,0,0,0,0,6,all_feeds,declared_unobserved,unclassified,source-schemas/hebergement.json
hebergement,Fichiers.Ordre,relation,Fichiers,Ordre,Edm.Int64,True,False,0,0,0,0,6,all_feeds,declared_unobserved,unclassified,source-schemas/hebergement.json
hebergement,Fichiers.SyndicObjectId,relation,Fichiers,SyndicObjectId,Edm.String,True,False,0,0,0,0,6,all_feeds,declared_unobserved,unclassified,source-schemas/hebergement.json
hebergement,Handicaps.ID,relation,Handicaps,ID,Edm.Int64,True,False,0,0,0,0,6,all_feeds,declared_unobserved,unclassified,source-schemas/hebergement.json
hebergement,Handicaps.Ordre,relation,Handicaps,Ordre,Edm.Int64,True,False,0,0,0,0,6,all_feeds,declared_unobserved,unclassified,source-schemas/hebergement.json
hebergement,Handicaps.SyndicObjectId,relation,Handicaps,SyndicObjectId,Edm.String,True,False,0,0,0,0,6,all_feeds,declared_unobserved,unclassified,source-schemas/hebergement.json
hebergement,Handicaps.ThesCode,relation,Handicaps,ThesCode,Edm.String,True,False,0,0,0,0,6,all_feeds,declared_unobserved,unclassified,source-schemas/hebergement.json
hebergement,Handicaps.ThesID,relation,Handicaps,ThesID,Edm.Guid,True,False,0,0,0,0,6,all_feeds,declared_unobserved,unclassified,source-schemas/hebergement.json
hebergement,Handicaps.ThesLibelle,relation,Handicaps,ThesLibelle,Edm.String,True,False,0,0,0,0,6,all_feeds,declared_unobserved,unclassified,source-schemas/hebergement.json
hebergement,Handicaps.ThesOrdre,relation,Handicaps,ThesOrdre,Edm.Int32,True,False,0,0,0,0,6,all_feeds,declared_unobserved,unclassified,source-schemas/hebergement.json
hebergement,Handicaps.ThesPicto,relation,Handicaps,ThesPicto,Edm.String,True,False,0,0,0,0,6,all_feeds,declared_unobserved,unclassified,source-schemas/hebergement.json
hebergement,Horairearriveedeparts.Heuredarrivee,relation,Horairearriveedeparts,Heuredarrivee,Edm.TimeSpan,True,True,11,0,11,0.0,1,feed_specific,observed_source,unclassified,source-schemas/hebergement.json
hebergement,Horairearriveedeparts.Heuredarriveemax,relation,Horairearriveedeparts,Heuredarriveemax,Edm.TimeSpan,True,True,11,0,11,0.0,1,feed_specific,observed_source,unclassified,source-schemas/hebergement.json
hebergement,Horairearriveedeparts.Heurededepart,relation,Horairearriveedeparts,Heurededepart,Edm.TimeSpan,True,True,11,2,9,18.2,1,feed_specific,observed_source,unclassified,source-schemas/hebergement.json
hebergement,Horairearriveedeparts.ID,relation,Horairearriveedeparts,ID,Edm.Int64,True,True,11,11,0,100.0,1,feed_specific,observed_source,unclassified,source-schemas/hebergement.json
hebergement,Horairearriveedeparts.Ordre,relation,Horairearriveedeparts,Ordre,Edm.Int64,True,True,11,11,0,100.0,1,feed_specific,observed_source,unclassified,source-schemas/hebergement.json
hebergement,Horairearriveedeparts.SyndicObjectId,relation,Horairearriveedeparts,SyndicObjectId,Edm.String,True,True,11,11,0,100.0,1,feed_specific,observed_source,unclassified,source-schemas/hebergement.json
hebergement,Labels.ID,relation,Labels,ID,Edm.Int64,True,True,34,34,0,100.0,6,all_feeds,observed_source,unclassified,source-schemas/hebergement.json
hebergement,Labels.Ordre,relation,Labels,Ordre,Edm.Int64,True,True,34,34,0,100.0,6,all_feeds,observed_source,unclassified,source-schemas/hebergement.json
hebergement,Labels.SyndicObjectId,relation,Labels,SyndicObjectId,Edm.String,True,True,34,34,0,100.0,6,all_feeds,observed_source,unclassified,source-schemas/hebergement.json
hebergement,Labels.ThesCode,relation,Labels,ThesCode,Edm.String,True,True,34,34,0,100.0,4,shared,observed_source,unclassified,source-schemas/hebergement.json
hebergement,Labels.ThesID,relation,Labels,ThesID,Edm.Guid,True,True,34,34,0,100.0,4,shared,observed_source,unclassified,source-schemas/hebergement.json
hebergement,Labels.ThesLibelle,relation,Labels,ThesLibelle,Edm.String,True,True,34,34,0,100.0,4,shared,observed_source,unclassified,source-schemas/hebergement.json
hebergement,Labels.ThesOrdre,relation,Labels,ThesOrdre,Edm.Int64,True,True,34,34,0,100.0,4,shared,observed_source,unclassified,source-schemas/hebergement.json
hebergement,Labels.ThesPicto,relation,Labels,ThesPicto,Edm.String,True,True,34,0,34,0.0,4,shared,observed_source,unclassified,source-schemas/hebergement.json
hebergement,LanguesParleess.ID,relation,LanguesParleess,ID,Edm.Int64,True,True,423,423,0,100.0,6,all_feeds,observed_source,unclassified,source-schemas/hebergement.json
hebergement,LanguesParleess.Ordre,relation,LanguesParleess,Ordre,Edm.Int64,True,True,423,423,0,100.0,6,all_feeds,observed_source,unclassified,source-schemas/hebergement.json
hebergement,LanguesParleess.SyndicObjectId,relation,LanguesParleess,SyndicObjectId,Edm.String,True,True,423,423,0,100.0,6,all_feeds,observed_source,unclassified,source-schemas/hebergement.json
hebergement,LanguesParleess.ThesCode,relation,LanguesParleess,ThesCode,Edm.String,True,True,423,423,0,100.0,6,all_feeds,observed_source,unclassified,source-schemas/hebergement.json
hebergement,LanguesParleess.ThesID,relation,LanguesParleess,ThesID,Edm.Guid,True,True,423,423,0,100.0,6,all_feeds,observed_source,unclassified,source-schemas/hebergement.json
hebergement,LanguesParleess.ThesLibelle,relation,LanguesParleess,ThesLibelle,Edm.String,True,True,423,423,0,100.0,6,all_feeds,observed_source,unclassified,source-schemas/hebergement.json
hebergement,LanguesParleess.ThesOrdre,relation,LanguesParleess,ThesOrdre,Edm.Int64,True,True,423,423,0,100.0,6,all_feeds,observed_source,unclassified,source-schemas/hebergement.json
hebergement,LanguesParleess.ThesPicto,relation,LanguesParleess,ThesPicto,Edm.String,True,True,423,0,423,0.0,6,all_feeds,observed_source,unclassified,source-schemas/hebergement.json
hebergement,Localisationss.ID,relation,Localisationss,ID,Edm.Int64,True,True,227,227,0,100.0,1,feed_specific,observed_source,unclassified,source-schemas/hebergement.json
hebergement,Localisationss.Ordre,relation,Localisationss,Ordre,Edm.Int64,True,True,227,227,0,100.0,1,feed_specific,observed_source,unclassified,source-schemas/hebergement.json
hebergement,Localisationss.SyndicObjectId,relation,Localisationss,SyndicObjectId,Edm.String,True,True,227,227,0,100.0,1,feed_specific,observed_source,unclassified,source-schemas/hebergement.json
hebergement,Localisationss.ThesCode,relation,Localisationss,ThesCode,Edm.String,True,True,227,227,0,100.0,1,feed_specific,observed_source,unclassified,source-schemas/hebergement.json
hebergement,Localisationss.ThesID,relation,Localisationss,ThesID,Edm.Guid,True,True,227,227,0,100.0,1,feed_specific,observed_source,unclassified,source-schemas/hebergement.json
hebergement,Localisationss.ThesLibelle,relation,Localisationss,ThesLibelle,Edm.String,True,True,227,227,0,100.0,1,feed_specific,observed_source,unclassified,source-schemas/hebergement.json
hebergement,Localisationss.ThesOrdre,relation,Localisationss,ThesOrdre,Edm.Int64,True,True,227,227,0,100.0,1,feed_specific,observed_source,unclassified,source-schemas/hebergement.json
hebergement,Localisationss.ThesPicto,relation,Localisationss,ThesPicto,Edm.String,True,True,227,0,227,0.0,1,feed_specific,observed_source,unclassified,source-schemas/hebergement.json
hebergement,ModesPaiements.ID,relation,ModesPaiements,ID,Edm.Int64,True,True,519,519,0,100.0,6,all_feeds,observed_source,unclassified,source-schemas/hebergement.json
hebergement,ModesPaiements.Ordre,relation,ModesPaiements,Ordre,Edm.Int64,True,True,519,519,0,100.0,6,all_feeds,observed_source,unclassified,source-schemas/hebergement.json
hebergement,ModesPaiements.SyndicObjectId,relation,ModesPaiements,SyndicObjectId,Edm.String,True,True,519,519,0,100.0,6,all_feeds,observed_source,unclassified,source-schemas/hebergement.json
hebergement,ModesPaiements.ThesCode,relation,ModesPaiements,ThesCode,Edm.String,True,True,519,519,0,100.0,6,all_feeds,observed_source,unclassified,source-schemas/hebergement.json
hebergement,ModesPaiements.ThesID,relation,ModesPaiements,ThesID,Edm.Guid,True,True,519,519,0,100.0,6,all_feeds,observed_source,unclassified,source-schemas/hebergement.json
hebergement,ModesPaiements.ThesLibelle,relation,ModesPaiements,ThesLibelle,Edm.String,True,True,519,519,0,100.0,6,all_feeds,observed_source,unclassified,source-schemas/hebergement.json
hebergement,ModesPaiements.ThesOrdre,relation,ModesPaiements,ThesOrdre,Edm.Int64,True,True,519,519,0,100.0,6,all_feeds,observed_source,unclassified,source-schemas/hebergement.json
hebergement,ModesPaiements.ThesPicto,relation,ModesPaiements,ThesPicto,Edm.String,True,True,519,0,519,0.0,6,all_feeds,observed_source,unclassified,source-schemas/hebergement.json
hebergement,Moyencommunications.Complementdinformations,relation,Moyencommunications,Complementdinformations,Edm.String,True,True,617,0,617,0.0,6,all_feeds,observed_source,unclassified,source-schemas/hebergement.json
hebergement,Moyencommunications.Coordonnees,relation,Moyencommunications,Coordonnees,Edm.String,True,True,617,604,13,97.9,6,all_feeds,observed_source,unclassified,source-schemas/hebergement.json
hebergement,Moyencommunications.ID,relation,Moyencommunications,ID,Edm.Int64,True,True,617,617,0,100.0,6,all_feeds,observed_source,unclassified,source-schemas/hebergement.json
hebergement,Moyencommunications.Moyendecommunication,relation,Moyencommunications,Moyendecommunication,TourInSoft.V5.Syndication.Syndication_FSHebergementOTISud_1BE1FF22C4564D65B15EC83BC63F0644.ListeComplexType,False,True,33,0,33,0.0,5,shared,observed_source,unclassified,source-schemas/hebergement.json
hebergement,Moyencommunications.Moyendecommunication.ThesCode,relation,Moyencommunications,Moyendecommunication.ThesCode,Edm.String,True,True,584,584,0,100.0,6,all_feeds,observed_source,unclassified,source-schemas/hebergement.json
hebergement,Moyencommunications.Moyendecommunication.ThesID,relation,Moyencommunications,Moyendecommunication.ThesID,Edm.Guid,True,True,584,584,0,100.0,6,all_feeds,observed_source,unclassified,source-schemas/hebergement.json
hebergement,Moyencommunications.Moyendecommunication.ThesLibelle,relation,Moyencommunications,Moyendecommunication.ThesLibelle,Edm.String,True,True,584,584,0,100.0,6,all_feeds,observed_source,unclassified,source-schemas/hebergement.json
hebergement,Moyencommunications.Moyendecommunication.ThesOrdre,relation,Moyencommunications,Moyendecommunication.ThesOrdre,Edm.Int32,True,True,584,584,0,100.0,6,all_feeds,observed_source,unclassified,source-schemas/hebergement.json
hebergement,Moyencommunications.Moyendecommunication.ThesPicto,relation,Moyencommunications,Moyendecommunication.ThesPicto,Edm.String,True,True,584,0,584,0.0,6,all_feeds,observed_source,unclassified,source-schemas/hebergement.json
hebergement,Moyencommunications.Ordre,relation,Moyencommunications,Ordre,Edm.Int64,True,True,617,617,0,100.0,6,all_feeds,observed_source,unclassified,source-schemas/hebergement.json
hebergement,Moyencommunications.SyndicObjectId,relation,Moyencommunications,SyndicObjectId,Edm.String,True,True,617,617,0,100.0,6,all_feeds,observed_source,unclassified,source-schemas/hebergement.json
hebergement,Moyencommunications.Typedecoordonnees.ThesCode,relation,Moyencommunications,Typedecoordonnees.ThesCode,Edm.String,True,True,617,617,0,100.0,6,all_feeds,observed_source,unclassified,source-schemas/hebergement.json
hebergement,Moyencommunications.Typedecoordonnees.ThesID,relation,Moyencommunications,Typedecoordonnees.ThesID,Edm.Guid,True,True,617,617,0,100.0,6,all_feeds,observed_source,unclassified,source-schemas/hebergement.json
hebergement,Moyencommunications.Typedecoordonnees.ThesLibelle,relation,Moyencommunications,Typedecoordonnees.ThesLibelle,Edm.String,True,True,617,617,0,100.0,6,all_feeds,observed_source,unclassified,source-schemas/hebergement.json
hebergement,Moyencommunications.Typedecoordonnees.ThesOrdre,relation,Moyencommunications,Typedecoordonnees.ThesOrdre,Edm.Int32,True,True,617,617,0,100.0,6,all_feeds,observed_source,unclassified,source-schemas/hebergement.json
hebergement,Moyencommunications.Typedecoordonnees.ThesPicto,relation,Moyencommunications,Typedecoordonnees.ThesPicto,Edm.String,True,True,617,0,617,0.0,6,all_feeds,observed_source,unclassified,source-schemas/hebergement.json
hebergement,PeriodeOuvertures.Datedebut,relation,PeriodeOuvertures,Datedebut,Edm.DateTime,True,True,1,1,0,100.0,6,all_feeds,observed_source,unclassified,source-schemas/hebergement.json
hebergement,PeriodeOuvertures.Datefin,relation,PeriodeOuvertures,Datefin,Edm.DateTime,True,True,1,1,0,100.0,6,all_feeds,observed_source,unclassified,source-schemas/hebergement.json
hebergement,PeriodeOuvertures.dimancheheuredebut1,relation,PeriodeOuvertures,dimancheheuredebut1,Edm.TimeSpan,True,True,1,0,1,0.0,6,all_feeds,observed_source,unclassified,source-schemas/hebergement.json
hebergement,PeriodeOuvertures.dimancheheuredebut2,relation,PeriodeOuvertures,dimancheheuredebut2,Edm.TimeSpan,True,True,1,0,1,0.0,6,all_feeds,observed_source,unclassified,source-schemas/hebergement.json
hebergement,PeriodeOuvertures.dimancheheurefin1,relation,PeriodeOuvertures,dimancheheurefin1,Edm.TimeSpan,True,True,1,0,1,0.0,6,all_feeds,observed_source,unclassified,source-schemas/hebergement.json
hebergement,PeriodeOuvertures.dimancheheurefin2,relation,PeriodeOuvertures,dimancheheurefin2,Edm.TimeSpan,True,True,1,0,1,0.0,6,all_feeds,observed_source,unclassified,source-schemas/hebergement.json
hebergement,PeriodeOuvertures.heuredebut1,relation,PeriodeOuvertures,heuredebut1,Edm.TimeSpan,True,True,1,0,1,0.0,6,all_feeds,observed_source,unclassified,source-schemas/hebergement.json
hebergement,PeriodeOuvertures.heuredebut2,relation,PeriodeOuvertures,heuredebut2,Edm.TimeSpan,True,True,1,0,1,0.0,6,all_feeds,observed_source,unclassified,source-schemas/hebergement.json
hebergement,PeriodeOuvertures.heurefin1,relation,PeriodeOuvertures,heurefin1,Edm.TimeSpan,True,True,1,0,1,0.0,6,all_feeds,observed_source,unclassified,source-schemas/hebergement.json
hebergement,PeriodeOuvertures.heurefin2,relation,PeriodeOuvertures,heurefin2,Edm.TimeSpan,True,True,1,0,1,0.0,6,all_feeds,observed_source,unclassified,source-schemas/hebergement.json
hebergement,PeriodeOuvertures.ID,relation,PeriodeOuvertures,ID,Edm.Int64,True,True,1,1,0,100.0,6,all_feeds,observed_source,unclassified,source-schemas/hebergement.json
hebergement,PeriodeOuvertures.jeudiheuredebut1,relation,PeriodeOuvertures,jeudiheuredebut1,Edm.TimeSpan,True,True,1,1,0,100.0,6,all_feeds,observed_source,unclassified,source-schemas/hebergement.json
hebergement,PeriodeOuvertures.jeudiheuredebut2,relation,PeriodeOuvertures,jeudiheuredebut2,Edm.TimeSpan,True,True,1,1,0,100.0,6,all_feeds,observed_source,unclassified,source-schemas/hebergement.json
hebergement,PeriodeOuvertures.jeudiheurefin1,relation,PeriodeOuvertures,jeudiheurefin1,Edm.TimeSpan,True,True,1,1,0,100.0,6,all_feeds,observed_source,unclassified,source-schemas/hebergement.json
hebergement,PeriodeOuvertures.jeudiheurefin2,relation,PeriodeOuvertures,jeudiheurefin2,Edm.TimeSpan,True,True,1,1,0,100.0,6,all_feeds,observed_source,unclassified,source-schemas/hebergement.json
hebergement,PeriodeOuvertures.lundiheuredebut1,relation,PeriodeOuvertures,lundiheuredebut1,Edm.TimeSpan,True,True,1,1,0,100.0,6,all_feeds,observed_source,unclassified,source-schemas/hebergement.json
hebergement,PeriodeOuvertures.lundiheuredebut2,relation,PeriodeOuvertures,lundiheuredebut2,Edm.TimeSpan,True,True,1,1,0,100.0,6,all_feeds,observed_source,unclassified,source-schemas/hebergement.json
hebergement,PeriodeOuvertures.lundiheurefin1,relation,PeriodeOuvertures,lundiheurefin1,Edm.TimeSpan,True,True,1,1,0,100.0,6,all_feeds,observed_source,unclassified,source-schemas/hebergement.json
hebergement,PeriodeOuvertures.lundiheurefin2,relation,PeriodeOuvertures,lundiheurefin2,Edm.TimeSpan,True,True,1,1,0,100.0,6,all_feeds,observed_source,unclassified,source-schemas/hebergement.json
hebergement,PeriodeOuvertures.mardiheuredebut1,relation,PeriodeOuvertures,mardiheuredebut1,Edm.TimeSpan,True,True,1,1,0,100.0,6,all_feeds,observed_source,unclassified,source-schemas/hebergement.json
hebergement,PeriodeOuvertures.mardiheuredebut2,relation,PeriodeOuvertures,mardiheuredebut2,Edm.TimeSpan,True,True,1,1,0,100.0,6,all_feeds,observed_source,unclassified,source-schemas/hebergement.json
hebergement,PeriodeOuvertures.mardiheurefin1,relation,PeriodeOuvertures,mardiheurefin1,Edm.TimeSpan,True,True,1,1,0,100.0,6,all_feeds,observed_source,unclassified,source-schemas/hebergement.json
hebergement,PeriodeOuvertures.mardiheurefin2,relation,PeriodeOuvertures,mardiheurefin2,Edm.TimeSpan,True,True,1,1,0,100.0,6,all_feeds,observed_source,unclassified,source-schemas/hebergement.json
hebergement,PeriodeOuvertures.mercrediheuredebut1,relation,PeriodeOuvertures,mercrediheuredebut1,Edm.TimeSpan,True,True,1,1,0,100.0,6,all_feeds,observed_source,unclassified,source-schemas/hebergement.json
hebergement,PeriodeOuvertures.mercrediheuredebut2,relation,PeriodeOuvertures,mercrediheuredebut2,Edm.TimeSpan,True,True,1,1,0,100.0,6,all_feeds,observed_source,unclassified,source-schemas/hebergement.json
hebergement,PeriodeOuvertures.mercrediheurefin1,relation,PeriodeOuvertures,mercrediheurefin1,Edm.TimeSpan,True,True,1,1,0,100.0,6,all_feeds,observed_source,unclassified,source-schemas/hebergement.json
hebergement,PeriodeOuvertures.mercrediheurefin2,relation,PeriodeOuvertures,mercrediheurefin2,Edm.TimeSpan,True,True,1,1,0,100.0,6,all_feeds,observed_source,unclassified,source-schemas/hebergement.json
hebergement,PeriodeOuvertures.Ordre,relation,PeriodeOuvertures,Ordre,Edm.Int64,True,True,1,1,0,100.0,6,all_feeds,observed_source,unclassified,source-schemas/hebergement.json
hebergement,PeriodeOuvertures.Precisionssurlesfermetures,relation,PeriodeOuvertures,Precisionssurlesfermetures,Edm.String,True,True,1,0,1,0.0,6,all_feeds,observed_source,unclassified,source-schemas/hebergement.json
hebergement,PeriodeOuvertures.Precisionssurlesouvertures,relation,PeriodeOuvertures,Precisionssurlesouvertures,Edm.String,True,True,1,0,1,0.0,6,all_feeds,observed_source,unclassified,source-schemas/hebergement.json
hebergement,PeriodeOuvertures.samediheuredebut1,relation,PeriodeOuvertures,samediheuredebut1,Edm.TimeSpan,True,True,1,1,0,100.0,6,all_feeds,observed_source,unclassified,source-schemas/hebergement.json
hebergement,PeriodeOuvertures.samediheuredebut2,relation,PeriodeOuvertures,samediheuredebut2,Edm.TimeSpan,True,True,1,1,0,100.0,6,all_feeds,observed_source,unclassified,source-schemas/hebergement.json
hebergement,PeriodeOuvertures.samediheurefin1,relation,PeriodeOuvertures,samediheurefin1,Edm.TimeSpan,True,True,1,1,0,100.0,6,all_feeds,observed_source,unclassified,source-schemas/hebergement.json
hebergement,PeriodeOuvertures.samediheurefin2,relation,PeriodeOuvertures,samediheurefin2,Edm.TimeSpan,True,True,1,1,0,100.0,6,all_feeds,observed_source,unclassified,source-schemas/hebergement.json
hebergement,PeriodeOuvertures.SyndicObjectId,relation,PeriodeOuvertures,SyndicObjectId,Edm.String,True,True,1,1,0,100.0,6,all_feeds,observed_source,unclassified,source-schemas/hebergement.json
hebergement,PeriodeOuvertures.vendrediheuredebut1,relation,PeriodeOuvertures,vendrediheuredebut1,Edm.TimeSpan,True,True,1,1,0,100.0,6,all_feeds,observed_source,unclassified,source-schemas/hebergement.json
hebergement,PeriodeOuvertures.vendrediheuredebut2,relation,PeriodeOuvertures,vendrediheuredebut2,Edm.TimeSpan,True,True,1,1,0,100.0,6,all_feeds,observed_source,unclassified,source-schemas/hebergement.json
hebergement,PeriodeOuvertures.vendrediheurefin1,relation,PeriodeOuvertures,vendrediheurefin1,Edm.TimeSpan,True,True,1,0,1,0.0,6,all_feeds,observed_source,unclassified,source-schemas/hebergement.json
hebergement,PeriodeOuvertures.vendrediheurefin2,relation,PeriodeOuvertures,vendrediheurefin2,Edm.TimeSpan,True,True,1,1,0,100.0,6,all_feeds,observed_source,unclassified,source-schemas/hebergement.json
hebergement,Photos.Datedefindutilisation,relation,Photos,Datedefindutilisation,Edm.DateTime,True,True,1609,0,1609,0.0,6,all_feeds,observed_source,unclassified,source-schemas/hebergement.json
hebergement,Photos.ID,relation,Photos,ID,Edm.Int64,True,True,1609,1609,0,100.0,6,all_feeds,observed_source,unclassified,source-schemas/hebergement.json
hebergement,Photos.Licencecreativecommons,relation,Photos,Licencecreativecommons,Edm.Boolean,True,True,1609,0,1609,0.0,6,all_feeds,observed_source,unclassified,source-schemas/hebergement.json
hebergement,Photos.Ordre,relation,Photos,Ordre,Edm.Int64,True,True,1609,1609,0,100.0,6,all_feeds,observed_source,unclassified,source-schemas/hebergement.json
hebergement,Photos.Photo.Credit,relation,Photos,Photo.Credit,Edm.String,True,True,1609,1609,0,100.0,6,all_feeds,observed_source,unclassified,source-schemas/hebergement.json
hebergement,Photos.Photo.MediaID,relation,Photos,Photo.MediaID,Edm.Guid,True,True,1609,1609,0,100.0,6,all_feeds,observed_source,unclassified,source-schemas/hebergement.json
hebergement,Photos.Photo.Titre,relation,Photos,Photo.Titre,Edm.String,True,True,1609,1609,0,100.0,6,all_feeds,observed_source,unclassified,source-schemas/hebergement.json
hebergement,Photos.Photo.Url,relation,Photos,Photo.Url,Edm.String,True,True,1609,1609,0,100.0,6,all_feeds,observed_source,unclassified,source-schemas/hebergement.json
hebergement,Photos.SyndicObjectId,relation,Photos,SyndicObjectId,Edm.String,True,True,1609,1609,0,100.0,6,all_feeds,observed_source,unclassified,source-schemas/hebergement.json
hebergement,PrestationProximites.ID,relation,PrestationProximites,ID,Edm.Int64,True,True,452,452,0,100.0,6,all_feeds,observed_source,unclassified,source-schemas/hebergement.json
hebergement,PrestationProximites.Ordre,relation,PrestationProximites,Ordre,Edm.Int64,True,True,452,452,0,100.0,6,all_feeds,observed_source,unclassified,source-schemas/hebergement.json
hebergement,PrestationProximites.SyndicObjectId,relation,PrestationProximites,SyndicObjectId,Edm.String,True,True,452,452,0,100.0,6,all_feeds,observed_source,unclassified,source-schemas/hebergement.json
hebergement,PrestationProximites.ThesCode,relation,PrestationProximites,ThesCode,Edm.String,True,True,452,452,0,100.0,6,all_feeds,observed_source,unclassified,source-schemas/hebergement.json
hebergement,PrestationProximites.ThesID,relation,PrestationProximites,ThesID,Edm.Guid,True,True,452,452,0,100.0,6,all_feeds,observed_source,unclassified,source-schemas/hebergement.json
hebergement,PrestationProximites.ThesLibelle,relation,PrestationProximites,ThesLibelle,Edm.String,True,True,452,452,0,100.0,6,all_feeds,observed_source,unclassified,source-schemas/hebergement.json
hebergement,PrestationProximites.ThesOrdre,relation,PrestationProximites,ThesOrdre,Edm.Int64,True,True,452,452,0,100.0,6,all_feeds,observed_source,unclassified,source-schemas/hebergement.json
hebergement,PrestationProximites.ThesPicto,relation,PrestationProximites,ThesPicto,Edm.String,True,True,452,0,452,0.0,6,all_feeds,observed_source,unclassified,source-schemas/hebergement.json
hebergement,PrestationsActivites.ID,relation,PrestationsActivites,ID,Edm.Int64,True,False,0,0,0,0,5,shared,declared_unobserved,unclassified,source-schemas/hebergement.json
hebergement,PrestationsActivites.Ordre,relation,PrestationsActivites,Ordre,Edm.Int64,True,False,0,0,0,0,5,shared,declared_unobserved,unclassified,source-schemas/hebergement.json
hebergement,PrestationsActivites.SyndicObjectId,relation,PrestationsActivites,SyndicObjectId,Edm.String,True,False,0,0,0,0,5,shared,declared_unobserved,unclassified,source-schemas/hebergement.json
hebergement,PrestationsActivites.ThesCode,relation,PrestationsActivites,ThesCode,Edm.String,True,False,0,0,0,0,5,shared,declared_unobserved,unclassified,source-schemas/hebergement.json
hebergement,PrestationsActivites.ThesID,relation,PrestationsActivites,ThesID,Edm.Guid,True,False,0,0,0,0,5,shared,declared_unobserved,unclassified,source-schemas/hebergement.json
hebergement,PrestationsActivites.ThesLibelle,relation,PrestationsActivites,ThesLibelle,Edm.String,True,False,0,0,0,0,5,shared,declared_unobserved,unclassified,source-schemas/hebergement.json
hebergement,PrestationsActivites.ThesOrdre,relation,PrestationsActivites,ThesOrdre,Edm.Int32,True,False,0,0,0,0,5,shared,declared_unobserved,unclassified,source-schemas/hebergement.json
hebergement,PrestationsActivites.ThesPicto,relation,PrestationsActivites,ThesPicto,Edm.String,True,False,0,0,0,0,5,shared,declared_unobserved,unclassified,source-schemas/hebergement.json
hebergement,PrestationsEquipementss.ID,relation,PrestationsEquipementss,ID,Edm.Int64,True,True,1454,1454,0,100.0,6,all_feeds,observed_source,unclassified,source-schemas/hebergement.json
hebergement,PrestationsEquipementss.Ordre,relation,PrestationsEquipementss,Ordre,Edm.Int64,True,True,1454,1454,0,100.0,6,all_feeds,observed_source,unclassified,source-schemas/hebergement.json
hebergement,PrestationsEquipementss.SyndicObjectId,relation,PrestationsEquipementss,SyndicObjectId,Edm.String,True,True,1454,1454,0,100.0,6,all_feeds,observed_source,unclassified,source-schemas/hebergement.json
hebergement,PrestationsEquipementss.ThesCode,relation,PrestationsEquipementss,ThesCode,Edm.String,True,True,1454,1454,0,100.0,6,all_feeds,observed_source,unclassified,source-schemas/hebergement.json
hebergement,PrestationsEquipementss.ThesID,relation,PrestationsEquipementss,ThesID,Edm.Guid,True,True,1454,1454,0,100.0,6,all_feeds,observed_source,unclassified,source-schemas/hebergement.json
hebergement,PrestationsEquipementss.ThesLibelle,relation,PrestationsEquipementss,ThesLibelle,Edm.String,True,True,1454,1454,0,100.0,6,all_feeds,observed_source,unclassified,source-schemas/hebergement.json
hebergement,PrestationsEquipementss.ThesOrdre,relation,PrestationsEquipementss,ThesOrdre,Edm.Int64,True,True,1454,1454,0,100.0,6,all_feeds,observed_source,unclassified,source-schemas/hebergement.json
hebergement,PrestationsEquipementss.ThesPicto,relation,PrestationsEquipementss,ThesPicto,Edm.String,True,True,1454,0,1454,0.0,6,all_feeds,observed_source,unclassified,source-schemas/hebergement.json
hebergement,Reseauxsociauxs.codeembed,relation,Reseauxsociauxs,codeembed,Edm.String,True,True,36,0,36,0.0,1,feed_specific,observed_source,unclassified,source-schemas/hebergement.json
hebergement,Reseauxsociauxs.ID,relation,Reseauxsociauxs,ID,Edm.Int64,True,True,36,36,0,100.0,1,feed_specific,observed_source,unclassified,source-schemas/hebergement.json
hebergement,Reseauxsociauxs.Ordre,relation,Reseauxsociauxs,Ordre,Edm.Int64,True,True,36,36,0,100.0,1,feed_specific,observed_source,unclassified,source-schemas/hebergement.json
hebergement,Reseauxsociauxs.SyndicObjectId,relation,Reseauxsociauxs,SyndicObjectId,Edm.String,True,True,36,36,0,100.0,1,feed_specific,observed_source,unclassified,source-schemas/hebergement.json
hebergement,Reseauxsociauxs.Typedeplateforme.ThesCode,relation,Reseauxsociauxs,Typedeplateforme.ThesCode,Edm.String,True,True,36,36,0,100.0,1,feed_specific,observed_source,unclassified,source-schemas/hebergement.json
hebergement,Reseauxsociauxs.Typedeplateforme.ThesID,relation,Reseauxsociauxs,Typedeplateforme.ThesID,Edm.Guid,True,True,36,36,0,100.0,1,feed_specific,observed_source,unclassified,source-schemas/hebergement.json
hebergement,Reseauxsociauxs.Typedeplateforme.ThesLibelle,relation,Reseauxsociauxs,Typedeplateforme.ThesLibelle,Edm.String,True,True,36,36,0,100.0,1,feed_specific,observed_source,unclassified,source-schemas/hebergement.json
hebergement,Reseauxsociauxs.Typedeplateforme.ThesOrdre,relation,Reseauxsociauxs,Typedeplateforme.ThesOrdre,Edm.Int32,True,True,36,36,0,100.0,1,feed_specific,observed_source,unclassified,source-schemas/hebergement.json
hebergement,Reseauxsociauxs.Typedeplateforme.ThesPicto,relation,Reseauxsociauxs,Typedeplateforme.ThesPicto,Edm.String,True,True,36,0,36,0.0,1,feed_specific,observed_source,unclassified,source-schemas/hebergement.json
hebergement,Reseauxsociauxs.URL,relation,Reseauxsociauxs,URL,Edm.String,True,True,36,36,0,100.0,1,feed_specific,observed_source,unclassified,source-schemas/hebergement.json
hebergement,Reservations.ID,relation,Reservations,ID,Edm.Int64,True,True,31,31,0,100.0,5,shared,observed_source,unclassified,source-schemas/hebergement.json
hebergement,Reservations.Lien,relation,Reservations,Lien,Edm.String,True,True,31,31,0,100.0,5,shared,observed_source,unclassified,source-schemas/hebergement.json
hebergement,Reservations.Listeplateforme.ThesCode,relation,Reservations,Listeplateforme.ThesCode,Edm.String,True,True,31,31,0,100.0,5,shared,observed_source,unclassified,source-schemas/hebergement.json
hebergement,Reservations.Listeplateforme.ThesID,relation,Reservations,Listeplateforme.ThesID,Edm.Guid,True,True,31,31,0,100.0,5,shared,observed_source,unclassified,source-schemas/hebergement.json
hebergement,Reservations.Listeplateforme.ThesLibelle,relation,Reservations,Listeplateforme.ThesLibelle,Edm.String,True,True,31,31,0,100.0,5,shared,observed_source,unclassified,source-schemas/hebergement.json
hebergement,Reservations.Listeplateforme.ThesOrdre,relation,Reservations,Listeplateforme.ThesOrdre,Edm.Int32,True,True,31,31,0,100.0,5,shared,observed_source,unclassified,source-schemas/hebergement.json
hebergement,Reservations.Listeplateforme.ThesPicto,relation,Reservations,Listeplateforme.ThesPicto,Edm.String,True,True,31,0,31,0.0,5,shared,observed_source,unclassified,source-schemas/hebergement.json
hebergement,Reservations.Ordre,relation,Reservations,Ordre,Edm.Int64,True,True,31,31,0,100.0,5,shared,observed_source,unclassified,source-schemas/hebergement.json
hebergement,Reservations.SyndicObjectId,relation,Reservations,SyndicObjectId,Edm.String,True,True,31,31,0,100.0,5,shared,observed_source,unclassified,source-schemas/hebergement.json
hebergement,Structure.Address1,relation,Structure,Address1,Edm.String,True,True,211,211,0,100.0,6,all_feeds,observed_source,unclassified,source-schemas/hebergement.json
hebergement,Structure.Address2,relation,Structure,Address2,Edm.String,True,True,211,0,211,0.0,6,all_feeds,observed_source,unclassified,source-schemas/hebergement.json
hebergement,Structure.Address3,relation,Structure,Address3,Edm.String,True,True,211,0,211,0.0,6,all_feeds,observed_source,unclassified,source-schemas/hebergement.json
hebergement,Structure.City,relation,Structure,City,Edm.String,True,True,211,211,0,100.0,6,all_feeds,observed_source,unclassified,source-schemas/hebergement.json
hebergement,Structure.Country,relation,Structure,Country,Edm.String,True,True,211,0,211,0.0,6,all_feeds,observed_source,unclassified,source-schemas/hebergement.json
hebergement,Structure.Email,relation,Structure,Email,Edm.String,True,True,211,211,0,100.0,6,all_feeds,observed_source,unclassified,source-schemas/hebergement.json
hebergement,Structure.EmailName,relation,Structure,EmailName,Edm.String,True,True,211,0,211,0.0,6,all_feeds,observed_source,unclassified,source-schemas/hebergement.json
hebergement,Structure.Name,relation,Structure,Name,Edm.String,True,True,211,211,0,100.0,6,all_feeds,observed_source,unclassified,source-schemas/hebergement.json
hebergement,Structure.Phone,relation,Structure,Phone,Edm.String,True,True,211,0,211,0.0,6,all_feeds,observed_source,unclassified,source-schemas/hebergement.json
hebergement,Structure.Postcode,relation,Structure,Postcode,Edm.String,True,True,211,211,0,100.0,6,all_feeds,observed_source,unclassified,source-schemas/hebergement.json
hebergement,Structure.SyndicStructureId,relation,Structure,SyndicStructureId,Edm.Guid,True,True,211,211,0,100.0,6,all_feeds,observed_source,unclassified,source-schemas/hebergement.json
hebergement,Structure.Url,relation,Structure,Url,Edm.String,True,True,211,0,211,0.0,6,all_feeds,observed_source,unclassified,source-schemas/hebergement.json
hebergement,Tarifs.complementtarifs,relation,Tarifs,complementtarifs,Edm.String,True,True,215,2,213,0.9,5,shared,observed_source,unclassified,source-schemas/hebergement.json
hebergement,Tarifs.Datedebutaffichage,relation,Tarifs,Datedebutaffichage,Edm.DateTime,True,True,215,209,6,97.2,5,shared,observed_source,unclassified,source-schemas/hebergement.json
hebergement,Tarifs.Datedebutvalidite,relation,Tarifs,Datedebutvalidite,Edm.DateTime,True,True,215,0,215,0.0,5,shared,observed_source,unclassified,source-schemas/hebergement.json
hebergement,Tarifs.Datefinaffichage,relation,Tarifs,Datefinaffichage,Edm.DateTime,True,True,215,1,214,0.5,5,shared,observed_source,unclassified,source-schemas/hebergement.json
hebergement,Tarifs.Datefinvalidite,relation,Tarifs,Datefinvalidite,Edm.DateTime,True,True,215,0,215,0.0,5,shared,observed_source,unclassified,source-schemas/hebergement.json
hebergement,Tarifs.ID,relation,Tarifs,ID,Edm.Int64,True,True,215,215,0,100.0,5,shared,observed_source,unclassified,source-schemas/hebergement.json
hebergement,Tarifs.IntituleTarifs,relation,Tarifs,IntituleTarifs,TourInSoft.V5.Syndication.Syndication_FSHebergementOTISud_1BE1FF22C4564D65B15EC83BC63F0644.ListeComplexType,False,True,40,0,40,0.0,5,shared,observed_source,unclassified,source-schemas/hebergement.json
hebergement,Tarifs.IntituleTarifs.ThesCode,relation,Tarifs,IntituleTarifs.ThesCode,Edm.String,True,True,175,175,0,100.0,5,shared,observed_source,unclassified,source-schemas/hebergement.json
hebergement,Tarifs.IntituleTarifs.ThesID,relation,Tarifs,IntituleTarifs.ThesID,Edm.Guid,True,True,175,175,0,100.0,5,shared,observed_source,unclassified,source-schemas/hebergement.json
hebergement,Tarifs.IntituleTarifs.ThesLibelle,relation,Tarifs,IntituleTarifs.ThesLibelle,Edm.String,True,True,175,175,0,100.0,5,shared,observed_source,unclassified,source-schemas/hebergement.json
hebergement,Tarifs.IntituleTarifs.ThesOrdre,relation,Tarifs,IntituleTarifs.ThesOrdre,Edm.Int32,True,True,175,175,0,100.0,5,shared,observed_source,unclassified,source-schemas/hebergement.json
hebergement,Tarifs.IntituleTarifs.ThesPicto,relation,Tarifs,IntituleTarifs.ThesPicto,Edm.String,True,True,175,0,175,0.0,5,shared,observed_source,unclassified,source-schemas/hebergement.json
hebergement,Tarifs.MaximumEuro,relation,Tarifs,MaximumEuro,Edm.Decimal,True,True,215,207,8,96.3,5,shared,observed_source,unclassified,source-schemas/hebergement.json
hebergement,Tarifs.MinimumEuro,relation,Tarifs,MinimumEuro,Edm.Decimal,True,True,215,215,0,100.0,5,shared,observed_source,unclassified,source-schemas/hebergement.json
hebergement,Tarifs.Nom,relation,Tarifs,Nom,Edm.String,True,True,215,153,62,71.2,3,shared,observed_source,unclassified,source-schemas/hebergement.json
hebergement,Tarifs.Nombredenuits,relation,Tarifs,Nombredenuits,Edm.Double,True,True,215,0,215,0.0,1,feed_specific,observed_source,unclassified,source-schemas/hebergement.json
hebergement,Tarifs.Ordre,relation,Tarifs,Ordre,Edm.Int64,True,True,215,215,0,100.0,5,shared,observed_source,unclassified,source-schemas/hebergement.json
hebergement,Tarifs.Saisonnalite,relation,Tarifs,Saisonnalite,TourInSoft.V5.Syndication.Syndication_FSHebergementOTISud_1BE1FF22C4564D65B15EC83BC63F0644.ListeComplexType,False,True,215,0,215,0.0,5,shared,observed_source,unclassified,source-schemas/hebergement.json
hebergement,Tarifs.Saisonnalite.ThesCode,relation,Tarifs,Saisonnalite.ThesCode,Edm.String,True,False,0,0,0,0,5,shared,declared_unobserved,unclassified,source-schemas/hebergement.json
hebergement,Tarifs.Saisonnalite.ThesID,relation,Tarifs,Saisonnalite.ThesID,Edm.Guid,True,False,0,0,0,0,5,shared,declared_unobserved,unclassified,source-schemas/hebergement.json
hebergement,Tarifs.Saisonnalite.ThesLibelle,relation,Tarifs,Saisonnalite.ThesLibelle,Edm.String,True,False,0,0,0,0,5,shared,declared_unobserved,unclassified,source-schemas/hebergement.json
hebergement,Tarifs.Saisonnalite.ThesOrdre,relation,Tarifs,Saisonnalite.ThesOrdre,Edm.Int32,True,False,0,0,0,0,5,shared,declared_unobserved,unclassified,source-schemas/hebergement.json
hebergement,Tarifs.Saisonnalite.ThesPicto,relation,Tarifs,Saisonnalite.ThesPicto,Edm.String,True,False,0,0,0,0,5,shared,declared_unobserved,unclassified,source-schemas/hebergement.json
hebergement,Tarifs.SyndicObjectId,relation,Tarifs,SyndicObjectId,Edm.String,True,True,215,215,0,100.0,5,shared,observed_source,unclassified,source-schemas/hebergement.json
hebergement,Thematiques.ID,relation,Thematiques,ID,Edm.Int64,True,True,140,140,0,100.0,6,all_feeds,observed_source,unclassified,source-schemas/hebergement.json
hebergement,Thematiques.Ordre,relation,Thematiques,Ordre,Edm.Int64,True,True,140,140,0,100.0,6,all_feeds,observed_source,unclassified,source-schemas/hebergement.json
hebergement,Thematiques.SyndicObjectId,relation,Thematiques,SyndicObjectId,Edm.String,True,True,140,140,0,100.0,6,all_feeds,observed_source,unclassified,source-schemas/hebergement.json
hebergement,Thematiques.ThesCode,relation,Thematiques,ThesCode,Edm.String,True,True,140,140,0,100.0,6,all_feeds,observed_source,unclassified,source-schemas/hebergement.json
hebergement,Thematiques.ThesID,relation,Thematiques,ThesID,Edm.Guid,True,True,140,140,0,100.0,6,all_feeds,observed_source,unclassified,source-schemas/hebergement.json
hebergement,Thematiques.ThesLibelle,relation,Thematiques,ThesLibelle,Edm.String,True,True,140,140,0,100.0,6,all_feeds,observed_source,unclassified,source-schemas/hebergement.json
hebergement,Thematiques.ThesOrdre,relation,Thematiques,ThesOrdre,Edm.Int64,True,True,140,140,0,100.0,6,all_feeds,observed_source,unclassified,source-schemas/hebergement.json
hebergement,Thematiques.ThesPicto,relation,Thematiques,ThesPicto,Edm.String,True,True,140,0,140,0.0,6,all_feeds,observed_source,unclassified,source-schemas/hebergement.json
hebergement,TisTracking.CodeOffre,relation,TisTracking,CodeOffre,Edm.String,True,True,211,211,0,100.0,6,all_feeds,observed_source,unclassified,source-schemas/hebergement.json
hebergement,TisTracking.CodeStructure,relation,TisTracking,CodeStructure,Edm.String,True,True,211,211,0,100.0,6,all_feeds,observed_source,unclassified,source-schemas/hebergement.json
hebergement,TisTracking.CodeSyndication,relation,TisTracking,CodeSyndication,Edm.String,True,True,211,211,0,100.0,6,all_feeds,observed_source,unclassified,source-schemas/hebergement.json
hebergement,TisTracking.SyndicObjectId,relation,TisTracking,SyndicObjectId,Edm.String,True,True,211,211,0,100.0,6,all_feeds,observed_source,unclassified,source-schemas/hebergement.json
hebergement,Videos.ID,relation,Videos,ID,Edm.Int64,True,False,0,0,0,0,6,all_feeds,declared_unobserved,unclassified,source-schemas/hebergement.json
hebergement,Videos.IntegrerlavideosursonsitecopiercollerdeObjetouembedYoutubeouDailymotion,relation,Videos,IntegrerlavideosursonsitecopiercollerdeObjetouembedYoutubeouDailymotion,Edm.String,True,False,0,0,0,0,6,all_feeds,declared_unobserved,unclassified,source-schemas/hebergement.json
hebergement,Videos.Licencecreativecommons,relation,Videos,Licencecreativecommons,Edm.Boolean,True,False,0,0,0,0,6,all_feeds,declared_unobserved,unclassified,source-schemas/hebergement.json
hebergement,Videos.Ordre,relation,Videos,Ordre,Edm.Int64,True,False,0,0,0,0,6,all_feeds,declared_unobserved,unclassified,source-schemas/hebergement.json
hebergement,Videos.SyndicObjectId,relation,Videos,SyndicObjectId,Edm.String,True,False,0,0,0,0,6,all_feeds,declared_unobserved,unclassified,source-schemas/hebergement.json
hebergement,Videos.URLvideo,relation,Videos,URLvideo,Edm.String,True,False,0,0,0,0,6,all_feeds,declared_unobserved,unclassified,source-schemas/hebergement.json
hebergement,Zoness.AdresseOrdre,relation,Zoness,AdresseOrdre,Edm.Int64,True,True,633,633,0,100.0,1,feed_specific,observed_source,unclassified,source-schemas/hebergement.json
hebergement,Zoness.ID,relation,Zoness,ID,Edm.Int64,True,True,633,633,0,100.0,1,feed_specific,observed_source,unclassified,source-schemas/hebergement.json
hebergement,Zoness.Ordre,relation,Zoness,Ordre,Edm.Int64,True,True,633,633,0,100.0,1,feed_specific,observed_source,unclassified,source-schemas/hebergement.json
hebergement,Zoness.SyndicObjectId,relation,Zoness,SyndicObjectId,Edm.String,True,True,633,633,0,100.0,1,feed_specific,observed_source,unclassified,source-schemas/hebergement.json
hebergement,Zoness.ZoneId,relation,Zoness,ZoneId,Edm.Int64,True,True,633,633,0,100.0,1,feed_specific,observed_source,unclassified,source-schemas/hebergement.json
hebergement,Zoness.ZoneLibelle,relation,Zoness,ZoneLibelle,Edm.String,True,True,633,633,0,100.0,1,feed_specific,observed_source,unclassified,source-schemas/hebergement.json
hebergement,ZonesTypes.ID,relation,ZonesTypes,ID,Edm.Int64,True,True,1266,1266,0,100.0,1,feed_specific,observed_source,unclassified,source-schemas/hebergement.json
hebergement,ZonesTypes.SyndicObjectId,relation,ZonesTypes,SyndicObjectId,Edm.String,True,True,1266,1266,0,100.0,1,feed_specific,observed_source,unclassified,source-schemas/hebergement.json
hebergement,ZonesTypes.ZoneId,relation,ZonesTypes,ZoneId,Edm.Int64,True,True,1266,1266,0,100.0,1,feed_specific,observed_source,unclassified,source-schemas/hebergement.json
hebergement,ZonesTypes.ZoneTypeId,relation,ZonesTypes,ZoneTypeId,Edm.Int64,True,True,1266,1266,0,100.0,1,feed_specific,observed_source,unclassified,source-schemas/hebergement.json
hebergement,ZonesTypes.ZoneTypeLibelle,relation,ZonesTypes,ZoneTypeLibelle,Edm.String,True,True,1266,1266,0,100.0,1,feed_specific,observed_source,unclassified,source-schemas/hebergement.json
information_service,object.AccueilPMR,object,,AccueilPMR,Edm.Boolean,True,True,5,5,0,100.0,4,shared,observed_source,unclassified,source-schemas/information_service.json
information_service,object.Adresse1,object,,Adresse1,Edm.String,True,True,5,5,0,100.0,6,all_feeds,observed_source,unclassified,source-schemas/information_service.json
information_service,object.Adresse2,object,,Adresse2,Edm.String,True,True,5,0,5,0.0,6,all_feeds,observed_source,unclassified,source-schemas/information_service.json
information_service,object.Adresse3,object,,Adresse3,Edm.String,True,True,5,0,5,0.0,6,all_feeds,observed_source,unclassified,source-schemas/information_service.json
information_service,object.Bureau.ThesCode,object,,Bureau.ThesCode,Edm.String,True,True,5,5,0,100.0,6,all_feeds,observed_source,unclassified,source-schemas/information_service.json
information_service,object.Bureau.ThesID,object,,Bureau.ThesID,Edm.Guid,True,True,5,5,0,100.0,6,all_feeds,observed_source,unclassified,source-schemas/information_service.json
information_service,object.Bureau.ThesLibelle,object,,Bureau.ThesLibelle,Edm.String,True,True,5,5,0,100.0,6,all_feeds,observed_source,unclassified,source-schemas/information_service.json
information_service,object.Bureau.ThesOrdre,object,,Bureau.ThesOrdre,Edm.Int32,True,True,5,5,0,100.0,6,all_feeds,observed_source,unclassified,source-schemas/information_service.json
information_service,object.Bureau.ThesPicto,object,,Bureau.ThesPicto,Edm.String,True,True,5,0,5,0.0,6,all_feeds,observed_source,unclassified,source-schemas/information_service.json
information_service,object.ClassificationCategorie.ThesCode,object,,ClassificationCategorie.ThesCode,Edm.String,True,True,5,5,0,100.0,1,feed_specific,observed_source,unclassified,source-schemas/information_service.json
information_service,object.ClassificationCategorie.ThesID,object,,ClassificationCategorie.ThesID,Edm.Guid,True,True,5,5,0,100.0,1,feed_specific,observed_source,unclassified,source-schemas/information_service.json
information_service,object.ClassificationCategorie.ThesLibelle,object,,ClassificationCategorie.ThesLibelle,Edm.String,True,True,5,5,0,100.0,1,feed_specific,observed_source,unclassified,source-schemas/information_service.json
information_service,object.ClassificationCategorie.ThesOrdre,object,,ClassificationCategorie.ThesOrdre,Edm.Int32,True,True,5,5,0,100.0,1,feed_specific,observed_source,unclassified,source-schemas/information_service.json
information_service,object.ClassificationCategorie.ThesPicto,object,,ClassificationCategorie.ThesPicto,Edm.String,True,True,5,0,5,0.0,1,feed_specific,observed_source,unclassified,source-schemas/information_service.json
information_service,object.ClassificationType.ThesCode,object,,ClassificationType.ThesCode,Edm.String,True,True,5,5,0,100.0,6,all_feeds,observed_source,unclassified,source-schemas/information_service.json
information_service,object.ClassificationType.ThesID,object,,ClassificationType.ThesID,Edm.Guid,True,True,5,5,0,100.0,6,all_feeds,observed_source,unclassified,source-schemas/information_service.json
information_service,object.ClassificationType.ThesLibelle,object,,ClassificationType.ThesLibelle,Edm.String,True,True,5,5,0,100.0,6,all_feeds,observed_source,unclassified,source-schemas/information_service.json
information_service,object.ClassificationType.ThesOrdre,object,,ClassificationType.ThesOrdre,Edm.Int32,True,True,5,5,0,100.0,6,all_feeds,observed_source,unclassified,source-schemas/information_service.json
information_service,object.ClassificationType.ThesPicto,object,,ClassificationType.ThesPicto,Edm.String,True,True,5,0,5,0.0,6,all_feeds,observed_source,unclassified,source-schemas/information_service.json
information_service,object.CodeINSEE,object,,CodeINSEE,Edm.String,True,True,5,5,0,100.0,6,all_feeds,observed_source,unclassified,source-schemas/information_service.json
information_service,object.CodePostal,object,,CodePostal,Edm.String,True,True,5,5,0,100.0,6,all_feeds,observed_source,unclassified,source-schemas/information_service.json
information_service,object.Commune,object,,Commune,Edm.String,True,True,5,5,0,100.0,6,all_feeds,observed_source,unclassified,source-schemas/information_service.json
information_service,object.GmapLatitude,object,,GmapLatitude,Edm.String,True,True,5,5,0,100.0,6,all_feeds,observed_source,unclassified,source-schemas/information_service.json
information_service,object.GmapLongitude,object,,GmapLongitude,Edm.String,True,True,5,5,0,100.0,6,all_feeds,observed_source,unclassified,source-schemas/information_service.json
information_service,object.IdentifiantSoubik,object,,IdentifiantSoubik,Edm.String,True,True,5,5,0,100.0,6,all_feeds,observed_source,unclassified,source-schemas/information_service.json
information_service,object.Lieudit,object,,Lieudit,TourInSoft.V5.Syndication.Syndication_FSINFORMATIONSERVICETOURISTIQUEOTISud_D905048B2AB54600A93495C912DD8CB4.ListeComplexType,False,True,4,0,4,0.0,6,all_feeds,observed_source,unclassified,source-schemas/information_service.json
information_service,object.Lieudit.ThesCode,object,,Lieudit.ThesCode,Edm.String,True,True,1,1,0,100.0,6,all_feeds,observed_source,unclassified,source-schemas/information_service.json
information_service,object.Lieudit.ThesID,object,,Lieudit.ThesID,Edm.Guid,True,True,1,1,0,100.0,6,all_feeds,observed_source,unclassified,source-schemas/information_service.json
information_service,object.Lieudit.ThesLibelle,object,,Lieudit.ThesLibelle,Edm.String,True,True,1,1,0,100.0,6,all_feeds,observed_source,unclassified,source-schemas/information_service.json
information_service,object.Lieudit.ThesOrdre,object,,Lieudit.ThesOrdre,Edm.Int32,True,True,1,1,0,100.0,6,all_feeds,observed_source,unclassified,source-schemas/information_service.json
information_service,object.Lieudit.ThesPicto,object,,Lieudit.ThesPicto,Edm.String,True,True,1,0,1,0.0,6,all_feeds,observed_source,unclassified,source-schemas/information_service.json
information_service,object.Nometablissement,object,,Nometablissement,Edm.String,True,True,5,5,0,100.0,6,all_feeds,observed_source,unclassified,source-schemas/information_service.json
information_service,object.ObjectTypeFix,object,,ObjectTypeFix,Edm.String,True,True,5,5,0,100.0,6,all_feeds,observed_source,unclassified,source-schemas/information_service.json
information_service,object.ObjectTypeName,object,,ObjectTypeName,Edm.String,True,True,5,5,0,100.0,6,all_feeds,observed_source,unclassified,source-schemas/information_service.json
information_service,object.Published,object,,Published,Edm.DateTime,True,True,5,5,0,100.0,6,all_feeds,observed_source,unclassified,source-schemas/information_service.json
information_service,object.RaisonSociale,object,,RaisonSociale,Edm.String,True,True,5,1,4,20.0,6,all_feeds,observed_source,unclassified,source-schemas/information_service.json
information_service,object.SIRET,object,,SIRET,Edm.String,True,True,5,5,0,100.0,6,all_feeds,observed_source,unclassified,source-schemas/information_service.json
information_service,object.SyndicObjectID,object,,SyndicObjectID,Edm.String,True,True,5,5,0,100.0,6,all_feeds,observed_source,unclassified,source-schemas/information_service.json
information_service,object.SyndicObjectName,object,,SyndicObjectName,Edm.String,True,True,5,5,0,100.0,6,all_feeds,observed_source,unclassified,source-schemas/information_service.json
information_service,object.SyndicObjectOrder,object,,SyndicObjectOrder,Edm.Int64,True,True,5,5,0,100.0,6,all_feeds,observed_source,unclassified,source-schemas/information_service.json
information_service,object.SyndicStructureId,object,,SyndicStructureId,Edm.Guid,True,True,5,5,0,100.0,6,all_feeds,observed_source,unclassified,source-schemas/information_service.json
information_service,object.TIS_TRACKING_LISTING_OFFRE,object,,TIS_TRACKING_LISTING_OFFRE,Edm.String,True,True,5,5,0,100.0,6,all_feeds,observed_source,unclassified,source-schemas/information_service.json
information_service,object.TIS_TRACKING_OFFRE,object,,TIS_TRACKING_OFFRE,Edm.String,True,True,5,5,0,100.0,6,all_feeds,observed_source,unclassified,source-schemas/information_service.json
information_service,object.Updated,object,,Updated,Edm.DateTime,True,True,5,5,0,100.0,6,all_feeds,observed_source,unclassified,source-schemas/information_service.json
information_service,Chaines.Groupe,relation,Chaines,Groupe,TourInSoft.V5.Syndication.Syndication_FSINFORMATIONSERVICETOURISTIQUEOTISud_D905048B2AB54600A93495C912DD8CB4.ListeComplexType,False,True,1,0,1,0.0,5,shared,observed_source,unclassified,source-schemas/information_service.json
information_service,Chaines.Groupe.ThesCode,relation,Chaines,Groupe.ThesCode,Edm.String,True,False,0,0,0,0,5,shared,declared_unobserved,unclassified,source-schemas/information_service.json
information_service,Chaines.Groupe.ThesID,relation,Chaines,Groupe.ThesID,Edm.Guid,True,False,0,0,0,0,5,shared,declared_unobserved,unclassified,source-schemas/information_service.json
information_service,Chaines.Groupe.ThesLibelle,relation,Chaines,Groupe.ThesLibelle,Edm.String,True,False,0,0,0,0,5,shared,declared_unobserved,unclassified,source-schemas/information_service.json
information_service,Chaines.Groupe.ThesOrdre,relation,Chaines,Groupe.ThesOrdre,Edm.Int32,True,False,0,0,0,0,5,shared,declared_unobserved,unclassified,source-schemas/information_service.json
information_service,Chaines.Groupe.ThesPicto,relation,Chaines,Groupe.ThesPicto,Edm.String,True,False,0,0,0,0,5,shared,declared_unobserved,unclassified,source-schemas/information_service.json
information_service,Chaines.ID,relation,Chaines,ID,Edm.Int64,True,True,1,1,0,100.0,5,shared,observed_source,unclassified,source-schemas/information_service.json
information_service,Chaines.Ordre,relation,Chaines,Ordre,Edm.Int64,True,True,1,1,0,100.0,5,shared,observed_source,unclassified,source-schemas/information_service.json
information_service,Chaines.Reseaux,relation,Chaines,Reseaux,TourInSoft.V5.Syndication.Syndication_FSINFORMATIONSERVICETOURISTIQUEOTISud_D905048B2AB54600A93495C912DD8CB4.ListeComplexType,False,True,1,0,1,0.0,5,shared,observed_source,unclassified,source-schemas/information_service.json
information_service,Chaines.Reseaux.ThesCode,relation,Chaines,Reseaux.ThesCode,Edm.String,True,False,0,0,0,0,5,shared,declared_unobserved,unclassified,source-schemas/information_service.json
information_service,Chaines.Reseaux.ThesID,relation,Chaines,Reseaux.ThesID,Edm.Guid,True,False,0,0,0,0,5,shared,declared_unobserved,unclassified,source-schemas/information_service.json
information_service,Chaines.Reseaux.ThesLibelle,relation,Chaines,Reseaux.ThesLibelle,Edm.String,True,False,0,0,0,0,5,shared,declared_unobserved,unclassified,source-schemas/information_service.json
information_service,Chaines.Reseaux.ThesOrdre,relation,Chaines,Reseaux.ThesOrdre,Edm.Int32,True,False,0,0,0,0,5,shared,declared_unobserved,unclassified,source-schemas/information_service.json
information_service,Chaines.Reseaux.ThesPicto,relation,Chaines,Reseaux.ThesPicto,Edm.String,True,False,0,0,0,0,5,shared,declared_unobserved,unclassified,source-schemas/information_service.json
information_service,Chaines.SyndicObjectId,relation,Chaines,SyndicObjectId,Edm.String,True,True,1,1,0,100.0,5,shared,observed_source,unclassified,source-schemas/information_service.json
information_service,ClassificationSousCategorieInfoServs.ID,relation,ClassificationSousCategorieInfoServs,ID,Edm.Int64,True,True,4,4,0,100.0,1,feed_specific,observed_source,unclassified,source-schemas/information_service.json
information_service,ClassificationSousCategorieInfoServs.Ordre,relation,ClassificationSousCategorieInfoServs,Ordre,Edm.Int64,True,True,4,4,0,100.0,1,feed_specific,observed_source,unclassified,source-schemas/information_service.json
information_service,ClassificationSousCategorieInfoServs.SyndicObjectId,relation,ClassificationSousCategorieInfoServs,SyndicObjectId,Edm.String,True,True,4,4,0,100.0,1,feed_specific,observed_source,unclassified,source-schemas/information_service.json
information_service,ClassificationSousCategorieInfoServs.ThesCode,relation,ClassificationSousCategorieInfoServs,ThesCode,Edm.String,True,True,4,4,0,100.0,1,feed_specific,observed_source,unclassified,source-schemas/information_service.json
information_service,ClassificationSousCategorieInfoServs.ThesID,relation,ClassificationSousCategorieInfoServs,ThesID,Edm.Guid,True,True,4,4,0,100.0,1,feed_specific,observed_source,unclassified,source-schemas/information_service.json
information_service,ClassificationSousCategorieInfoServs.ThesLibelle,relation,ClassificationSousCategorieInfoServs,ThesLibelle,Edm.String,True,True,4,4,0,100.0,1,feed_specific,observed_source,unclassified,source-schemas/information_service.json
information_service,ClassificationSousCategorieInfoServs.ThesOrdre,relation,ClassificationSousCategorieInfoServs,ThesOrdre,Edm.Int64,True,True,4,4,0,100.0,1,feed_specific,observed_source,unclassified,source-schemas/information_service.json
information_service,ClassificationSousCategorieInfoServs.ThesPicto,relation,ClassificationSousCategorieInfoServs,ThesPicto,Edm.String,True,True,4,0,4,0.0,1,feed_specific,observed_source,unclassified,source-schemas/information_service.json
information_service,ClassificationSousCategorieOrgs.ID,relation,ClassificationSousCategorieOrgs,ID,Edm.Int64,True,True,1,1,0,100.0,1,feed_specific,observed_source,unclassified,source-schemas/information_service.json
information_service,ClassificationSousCategorieOrgs.Ordre,relation,ClassificationSousCategorieOrgs,Ordre,Edm.Int64,True,True,1,1,0,100.0,1,feed_specific,observed_source,unclassified,source-schemas/information_service.json
information_service,ClassificationSousCategorieOrgs.SyndicObjectId,relation,ClassificationSousCategorieOrgs,SyndicObjectId,Edm.String,True,True,1,1,0,100.0,1,feed_specific,observed_source,unclassified,source-schemas/information_service.json
information_service,ClassificationSousCategorieOrgs.ThesCode,relation,ClassificationSousCategorieOrgs,ThesCode,Edm.String,True,True,1,1,0,100.0,1,feed_specific,observed_source,unclassified,source-schemas/information_service.json
information_service,ClassificationSousCategorieOrgs.ThesID,relation,ClassificationSousCategorieOrgs,ThesID,Edm.Guid,True,True,1,1,0,100.0,1,feed_specific,observed_source,unclassified,source-schemas/information_service.json
information_service,ClassificationSousCategorieOrgs.ThesLibelle,relation,ClassificationSousCategorieOrgs,ThesLibelle,Edm.String,True,True,1,1,0,100.0,1,feed_specific,observed_source,unclassified,source-schemas/information_service.json
information_service,ClassificationSousCategorieOrgs.ThesOrdre,relation,ClassificationSousCategorieOrgs,ThesOrdre,Edm.Int64,True,True,1,1,0,100.0,1,feed_specific,observed_source,unclassified,source-schemas/information_service.json
information_service,ClassificationSousCategorieOrgs.ThesPicto,relation,ClassificationSousCategorieOrgs,ThesPicto,Edm.String,True,True,1,0,1,0.0,1,feed_specific,observed_source,unclassified,source-schemas/information_service.json
information_service,ClassificationSousCategorieTourAffs.ID,relation,ClassificationSousCategorieTourAffs,ID,Edm.Int64,True,False,0,0,0,0,1,feed_specific,declared_unobserved,unclassified,source-schemas/information_service.json
information_service,ClassificationSousCategorieTourAffs.Ordre,relation,ClassificationSousCategorieTourAffs,Ordre,Edm.Int64,True,False,0,0,0,0,1,feed_specific,declared_unobserved,unclassified,source-schemas/information_service.json
information_service,ClassificationSousCategorieTourAffs.SyndicObjectId,relation,ClassificationSousCategorieTourAffs,SyndicObjectId,Edm.String,True,False,0,0,0,0,1,feed_specific,declared_unobserved,unclassified,source-schemas/information_service.json
information_service,ClassificationSousCategorieTourAffs.ThesCode,relation,ClassificationSousCategorieTourAffs,ThesCode,Edm.String,True,False,0,0,0,0,1,feed_specific,declared_unobserved,unclassified,source-schemas/information_service.json
information_service,ClassificationSousCategorieTourAffs.ThesID,relation,ClassificationSousCategorieTourAffs,ThesID,Edm.Guid,True,False,0,0,0,0,1,feed_specific,declared_unobserved,unclassified,source-schemas/information_service.json
information_service,ClassificationSousCategorieTourAffs.ThesLibelle,relation,ClassificationSousCategorieTourAffs,ThesLibelle,Edm.String,True,False,0,0,0,0,1,feed_specific,declared_unobserved,unclassified,source-schemas/information_service.json
information_service,ClassificationSousCategorieTourAffs.ThesOrdre,relation,ClassificationSousCategorieTourAffs,ThesOrdre,Edm.Int32,True,False,0,0,0,0,1,feed_specific,declared_unobserved,unclassified,source-schemas/information_service.json
information_service,ClassificationSousCategorieTourAffs.ThesPicto,relation,ClassificationSousCategorieTourAffs,ThesPicto,Edm.String,True,False,0,0,0,0,1,feed_specific,declared_unobserved,unclassified,source-schemas/information_service.json
information_service,Descriptifaccess.Descriptifduplandacces,relation,Descriptifaccess,Descriptifduplandacces,Edm.String,True,True,5,3,2,60.0,5,shared,observed_source,unclassified,source-schemas/information_service.json
information_service,Descriptifaccess.ID,relation,Descriptifaccess,ID,Edm.Int64,True,True,5,5,0,100.0,5,shared,observed_source,unclassified,source-schemas/information_service.json
information_service,Descriptifaccess.Ordre,relation,Descriptifaccess,Ordre,Edm.Int64,True,True,5,5,0,100.0,5,shared,observed_source,unclassified,source-schemas/information_service.json
information_service,Descriptifaccess.SyndicObjectId,relation,Descriptifaccess,SyndicObjectId,Edm.String,True,True,5,5,0,100.0,5,shared,observed_source,unclassified,source-schemas/information_service.json
information_service,Descriptifss.Accroche,relation,Descriptifss,Accroche,Edm.String,True,True,5,5,0,100.0,6,all_feeds,observed_source,unclassified,source-schemas/information_service.json
information_service,Descriptifss.Descriptioncommerciale,relation,Descriptifss,Descriptioncommerciale,Edm.String,True,True,5,5,0,100.0,6,all_feeds,observed_source,unclassified,source-schemas/information_service.json
information_service,Descriptifss.ID,relation,Descriptifss,ID,Edm.Int64,True,True,5,5,0,100.0,6,all_feeds,observed_source,unclassified,source-schemas/information_service.json
information_service,Descriptifss.Ordre,relation,Descriptifss,Ordre,Edm.Int64,True,True,5,5,0,100.0,6,all_feeds,observed_source,unclassified,source-schemas/information_service.json
information_service,Descriptifss.SyndicObjectId,relation,Descriptifss,SyndicObjectId,Edm.String,True,True,5,5,0,100.0,6,all_feeds,observed_source,unclassified,source-schemas/information_service.json
information_service,Fichiers.DocumentFichier.Credit,relation,Fichiers,DocumentFichier.Credit,Edm.String,True,False,0,0,0,0,6,all_feeds,declared_unobserved,unclassified,source-schemas/information_service.json
information_service,Fichiers.DocumentFichier.MediaID,relation,Fichiers,DocumentFichier.MediaID,Edm.Guid,True,False,0,0,0,0,6,all_feeds,declared_unobserved,unclassified,source-schemas/information_service.json
information_service,Fichiers.DocumentFichier.Titre,relation,Fichiers,DocumentFichier.Titre,Edm.String,True,False,0,0,0,0,6,all_feeds,declared_unobserved,unclassified,source-schemas/information_service.json
information_service,Fichiers.DocumentFichier.Url,relation,Fichiers,DocumentFichier.Url,Edm.String,True,False,0,0,0,0,6,all_feeds,declared_unobserved,unclassified,source-schemas/information_service.json
information_service,Fichiers.ID,relation,Fichiers,ID,Edm.Int64,True,False,0,0,0,0,6,all_feeds,declared_unobserved,unclassified,source-schemas/information_service.json
information_service,Fichiers.Ordre,relation,Fichiers,Ordre,Edm.Int64,True,False,0,0,0,0,6,all_feeds,declared_unobserved,unclassified,source-schemas/information_service.json
information_service,Fichiers.SyndicObjectId,relation,Fichiers,SyndicObjectId,Edm.String,True,False,0,0,0,0,6,all_feeds,declared_unobserved,unclassified,source-schemas/information_service.json
information_service,Handicaps.ID,relation,Handicaps,ID,Edm.Int64,True,False,0,0,0,0,6,all_feeds,declared_unobserved,unclassified,source-schemas/information_service.json
information_service,Handicaps.Ordre,relation,Handicaps,Ordre,Edm.Int64,True,False,0,0,0,0,6,all_feeds,declared_unobserved,unclassified,source-schemas/information_service.json
information_service,Handicaps.SyndicObjectId,relation,Handicaps,SyndicObjectId,Edm.String,True,False,0,0,0,0,6,all_feeds,declared_unobserved,unclassified,source-schemas/information_service.json
information_service,Handicaps.ThesCode,relation,Handicaps,ThesCode,Edm.String,True,False,0,0,0,0,6,all_feeds,declared_unobserved,unclassified,source-schemas/information_service.json
information_service,Handicaps.ThesID,relation,Handicaps,ThesID,Edm.Guid,True,False,0,0,0,0,6,all_feeds,declared_unobserved,unclassified,source-schemas/information_service.json
information_service,Handicaps.ThesLibelle,relation,Handicaps,ThesLibelle,Edm.String,True,False,0,0,0,0,6,all_feeds,declared_unobserved,unclassified,source-schemas/information_service.json
information_service,Handicaps.ThesOrdre,relation,Handicaps,ThesOrdre,Edm.Int32,True,False,0,0,0,0,6,all_feeds,declared_unobserved,unclassified,source-schemas/information_service.json
information_service,Handicaps.ThesPicto,relation,Handicaps,ThesPicto,Edm.String,True,False,0,0,0,0,6,all_feeds,declared_unobserved,unclassified,source-schemas/information_service.json
information_service,Labels.ID,relation,Labels,ID,Edm.Int64,True,True,4,4,0,100.0,6,all_feeds,observed_source,unclassified,source-schemas/information_service.json
information_service,Labels.Ordre,relation,Labels,Ordre,Edm.Int64,True,True,4,4,0,100.0,6,all_feeds,observed_source,unclassified,source-schemas/information_service.json
information_service,Labels.SyndicObjectId,relation,Labels,SyndicObjectId,Edm.String,True,True,4,4,0,100.0,6,all_feeds,observed_source,unclassified,source-schemas/information_service.json
information_service,Labels.ThesCode,relation,Labels,ThesCode,Edm.String,True,True,4,4,0,100.0,4,shared,observed_source,unclassified,source-schemas/information_service.json
information_service,Labels.ThesID,relation,Labels,ThesID,Edm.Guid,True,True,4,4,0,100.0,4,shared,observed_source,unclassified,source-schemas/information_service.json
information_service,Labels.ThesLibelle,relation,Labels,ThesLibelle,Edm.String,True,True,4,4,0,100.0,4,shared,observed_source,unclassified,source-schemas/information_service.json
information_service,Labels.ThesOrdre,relation,Labels,ThesOrdre,Edm.Int64,True,True,4,4,0,100.0,4,shared,observed_source,unclassified,source-schemas/information_service.json
information_service,Labels.ThesPicto,relation,Labels,ThesPicto,Edm.String,True,True,4,0,4,0.0,4,shared,observed_source,unclassified,source-schemas/information_service.json
information_service,LanguesParleess.ID,relation,LanguesParleess,ID,Edm.Int64,True,True,13,13,0,100.0,6,all_feeds,observed_source,unclassified,source-schemas/information_service.json
information_service,LanguesParleess.Ordre,relation,LanguesParleess,Ordre,Edm.Int64,True,True,13,13,0,100.0,6,all_feeds,observed_source,unclassified,source-schemas/information_service.json
information_service,LanguesParleess.SyndicObjectId,relation,LanguesParleess,SyndicObjectId,Edm.String,True,True,13,13,0,100.0,6,all_feeds,observed_source,unclassified,source-schemas/information_service.json
information_service,LanguesParleess.ThesCode,relation,LanguesParleess,ThesCode,Edm.String,True,True,13,13,0,100.0,6,all_feeds,observed_source,unclassified,source-schemas/information_service.json
information_service,LanguesParleess.ThesID,relation,LanguesParleess,ThesID,Edm.Guid,True,True,13,13,0,100.0,6,all_feeds,observed_source,unclassified,source-schemas/information_service.json
information_service,LanguesParleess.ThesLibelle,relation,LanguesParleess,ThesLibelle,Edm.String,True,True,13,13,0,100.0,6,all_feeds,observed_source,unclassified,source-schemas/information_service.json
information_service,LanguesParleess.ThesOrdre,relation,LanguesParleess,ThesOrdre,Edm.Int64,True,True,13,13,0,100.0,6,all_feeds,observed_source,unclassified,source-schemas/information_service.json
information_service,LanguesParleess.ThesPicto,relation,LanguesParleess,ThesPicto,Edm.String,True,True,13,0,13,0.0,6,all_feeds,observed_source,unclassified,source-schemas/information_service.json
information_service,Localisations.ID,relation,Localisations,ID,Edm.Int64,True,True,4,4,0,100.0,5,shared,observed_source,unclassified,source-schemas/information_service.json
information_service,Localisations.Ordre,relation,Localisations,Ordre,Edm.Int64,True,True,4,4,0,100.0,5,shared,observed_source,unclassified,source-schemas/information_service.json
information_service,Localisations.SyndicObjectId,relation,Localisations,SyndicObjectId,Edm.String,True,True,4,4,0,100.0,5,shared,observed_source,unclassified,source-schemas/information_service.json
information_service,Localisations.ThesCode,relation,Localisations,ThesCode,Edm.String,True,True,4,4,0,100.0,5,shared,observed_source,unclassified,source-schemas/information_service.json
information_service,Localisations.ThesID,relation,Localisations,ThesID,Edm.Guid,True,True,4,4,0,100.0,5,shared,observed_source,unclassified,source-schemas/information_service.json
information_service,Localisations.ThesLibelle,relation,Localisations,ThesLibelle,Edm.String,True,True,4,4,0,100.0,5,shared,observed_source,unclassified,source-schemas/information_service.json
information_service,Localisations.ThesOrdre,relation,Localisations,ThesOrdre,Edm.Int64,True,True,4,4,0,100.0,5,shared,observed_source,unclassified,source-schemas/information_service.json
information_service,Localisations.ThesPicto,relation,Localisations,ThesPicto,Edm.String,True,True,4,0,4,0.0,5,shared,observed_source,unclassified,source-schemas/information_service.json
information_service,Marques.ID,relation,Marques,ID,Edm.Int64,True,True,5,5,0,100.0,5,shared,observed_source,unclassified,source-schemas/information_service.json
information_service,Marques.Ordre,relation,Marques,Ordre,Edm.Int64,True,True,5,5,0,100.0,5,shared,observed_source,unclassified,source-schemas/information_service.json
information_service,Marques.SyndicObjectId,relation,Marques,SyndicObjectId,Edm.String,True,True,5,5,0,100.0,5,shared,observed_source,unclassified,source-schemas/information_service.json
information_service,ModesPaiements.ID,relation,ModesPaiements,ID,Edm.Int64,True,False,0,0,0,0,6,all_feeds,declared_unobserved,unclassified,source-schemas/information_service.json
information_service,ModesPaiements.Ordre,relation,ModesPaiements,Ordre,Edm.Int64,True,False,0,0,0,0,6,all_feeds,declared_unobserved,unclassified,source-schemas/information_service.json
information_service,ModesPaiements.SyndicObjectId,relation,ModesPaiements,SyndicObjectId,Edm.String,True,False,0,0,0,0,6,all_feeds,declared_unobserved,unclassified,source-schemas/information_service.json
information_service,ModesPaiements.ThesCode,relation,ModesPaiements,ThesCode,Edm.String,True,False,0,0,0,0,6,all_feeds,declared_unobserved,unclassified,source-schemas/information_service.json
information_service,ModesPaiements.ThesID,relation,ModesPaiements,ThesID,Edm.Guid,True,False,0,0,0,0,6,all_feeds,declared_unobserved,unclassified,source-schemas/information_service.json
information_service,ModesPaiements.ThesLibelle,relation,ModesPaiements,ThesLibelle,Edm.String,True,False,0,0,0,0,6,all_feeds,declared_unobserved,unclassified,source-schemas/information_service.json
information_service,ModesPaiements.ThesOrdre,relation,ModesPaiements,ThesOrdre,Edm.Int32,True,False,0,0,0,0,6,all_feeds,declared_unobserved,unclassified,source-schemas/information_service.json
information_service,ModesPaiements.ThesPicto,relation,ModesPaiements,ThesPicto,Edm.String,True,False,0,0,0,0,6,all_feeds,declared_unobserved,unclassified,source-schemas/information_service.json
information_service,Moyencommunications.Complementdinformations,relation,Moyencommunications,Complementdinformations,Edm.String,True,True,17,0,17,0.0,6,all_feeds,observed_source,unclassified,source-schemas/information_service.json
information_service,Moyencommunications.Coordonnees,relation,Moyencommunications,Coordonnees,Edm.String,True,True,17,17,0,100.0,6,all_feeds,observed_source,unclassified,source-schemas/information_service.json
information_service,Moyencommunications.ID,relation,Moyencommunications,ID,Edm.Int64,True,True,17,17,0,100.0,6,all_feeds,observed_source,unclassified,source-schemas/information_service.json
information_service,Moyencommunications.Moyendecommunication,relation,Moyencommunications,Moyendecommunication,TourInSoft.V5.Syndication.Syndication_FSINFORMATIONSERVICETOURISTIQUEOTISud_D905048B2AB54600A93495C912DD8CB4.ListeComplexType,False,True,4,0,4,0.0,5,shared,observed_source,unclassified,source-schemas/information_service.json
information_service,Moyencommunications.Moyendecommunication.ThesCode,relation,Moyencommunications,Moyendecommunication.ThesCode,Edm.String,True,True,13,13,0,100.0,6,all_feeds,observed_source,unclassified,source-schemas/information_service.json
information_service,Moyencommunications.Moyendecommunication.ThesID,relation,Moyencommunications,Moyendecommunication.ThesID,Edm.Guid,True,True,13,13,0,100.0,6,all_feeds,observed_source,unclassified,source-schemas/information_service.json
information_service,Moyencommunications.Moyendecommunication.ThesLibelle,relation,Moyencommunications,Moyendecommunication.ThesLibelle,Edm.String,True,True,13,13,0,100.0,6,all_feeds,observed_source,unclassified,source-schemas/information_service.json
information_service,Moyencommunications.Moyendecommunication.ThesOrdre,relation,Moyencommunications,Moyendecommunication.ThesOrdre,Edm.Int32,True,True,13,13,0,100.0,6,all_feeds,observed_source,unclassified,source-schemas/information_service.json
information_service,Moyencommunications.Moyendecommunication.ThesPicto,relation,Moyencommunications,Moyendecommunication.ThesPicto,Edm.String,True,True,13,0,13,0.0,6,all_feeds,observed_source,unclassified,source-schemas/information_service.json
information_service,Moyencommunications.Ordre,relation,Moyencommunications,Ordre,Edm.Int64,True,True,17,17,0,100.0,6,all_feeds,observed_source,unclassified,source-schemas/information_service.json
information_service,Moyencommunications.SyndicObjectId,relation,Moyencommunications,SyndicObjectId,Edm.String,True,True,17,17,0,100.0,6,all_feeds,observed_source,unclassified,source-schemas/information_service.json
information_service,Moyencommunications.Typedecoordonnees.ThesCode,relation,Moyencommunications,Typedecoordonnees.ThesCode,Edm.String,True,True,17,17,0,100.0,6,all_feeds,observed_source,unclassified,source-schemas/information_service.json
information_service,Moyencommunications.Typedecoordonnees.ThesID,relation,Moyencommunications,Typedecoordonnees.ThesID,Edm.Guid,True,True,17,17,0,100.0,6,all_feeds,observed_source,unclassified,source-schemas/information_service.json
information_service,Moyencommunications.Typedecoordonnees.ThesLibelle,relation,Moyencommunications,Typedecoordonnees.ThesLibelle,Edm.String,True,True,17,17,0,100.0,6,all_feeds,observed_source,unclassified,source-schemas/information_service.json
information_service,Moyencommunications.Typedecoordonnees.ThesOrdre,relation,Moyencommunications,Typedecoordonnees.ThesOrdre,Edm.Int32,True,True,17,17,0,100.0,6,all_feeds,observed_source,unclassified,source-schemas/information_service.json
information_service,Moyencommunications.Typedecoordonnees.ThesPicto,relation,Moyencommunications,Typedecoordonnees.ThesPicto,Edm.String,True,True,17,0,17,0.0,6,all_feeds,observed_source,unclassified,source-schemas/information_service.json
information_service,PeriodeOuvertures.Datedebut,relation,PeriodeOuvertures,Datedebut,Edm.DateTime,True,False,0,0,0,0,6,all_feeds,declared_unobserved,unclassified,source-schemas/information_service.json
information_service,PeriodeOuvertures.Datefin,relation,PeriodeOuvertures,Datefin,Edm.DateTime,True,False,0,0,0,0,6,all_feeds,declared_unobserved,unclassified,source-schemas/information_service.json
information_service,PeriodeOuvertures.dimancheheuredebut1,relation,PeriodeOuvertures,dimancheheuredebut1,Edm.Time,True,False,0,0,0,0,6,all_feeds,declared_unobserved,unclassified,source-schemas/information_service.json
information_service,PeriodeOuvertures.dimancheheuredebut2,relation,PeriodeOuvertures,dimancheheuredebut2,Edm.Time,True,False,0,0,0,0,6,all_feeds,declared_unobserved,unclassified,source-schemas/information_service.json
information_service,PeriodeOuvertures.dimancheheurefin1,relation,PeriodeOuvertures,dimancheheurefin1,Edm.Time,True,False,0,0,0,0,6,all_feeds,declared_unobserved,unclassified,source-schemas/information_service.json
information_service,PeriodeOuvertures.dimancheheurefin2,relation,PeriodeOuvertures,dimancheheurefin2,Edm.Time,True,False,0,0,0,0,6,all_feeds,declared_unobserved,unclassified,source-schemas/information_service.json
information_service,PeriodeOuvertures.heuredebut1,relation,PeriodeOuvertures,heuredebut1,Edm.Time,True,False,0,0,0,0,6,all_feeds,declared_unobserved,unclassified,source-schemas/information_service.json
information_service,PeriodeOuvertures.heuredebut2,relation,PeriodeOuvertures,heuredebut2,Edm.Time,True,False,0,0,0,0,6,all_feeds,declared_unobserved,unclassified,source-schemas/information_service.json
information_service,PeriodeOuvertures.heurefin1,relation,PeriodeOuvertures,heurefin1,Edm.Time,True,False,0,0,0,0,6,all_feeds,declared_unobserved,unclassified,source-schemas/information_service.json
information_service,PeriodeOuvertures.heurefin2,relation,PeriodeOuvertures,heurefin2,Edm.Time,True,False,0,0,0,0,6,all_feeds,declared_unobserved,unclassified,source-schemas/information_service.json
information_service,PeriodeOuvertures.ID,relation,PeriodeOuvertures,ID,Edm.Int64,True,False,0,0,0,0,6,all_feeds,declared_unobserved,unclassified,source-schemas/information_service.json
information_service,PeriodeOuvertures.jeudiheuredebut1,relation,PeriodeOuvertures,jeudiheuredebut1,Edm.Time,True,False,0,0,0,0,6,all_feeds,declared_unobserved,unclassified,source-schemas/information_service.json
information_service,PeriodeOuvertures.jeudiheuredebut2,relation,PeriodeOuvertures,jeudiheuredebut2,Edm.Time,True,False,0,0,0,0,6,all_feeds,declared_unobserved,unclassified,source-schemas/information_service.json
information_service,PeriodeOuvertures.jeudiheurefin1,relation,PeriodeOuvertures,jeudiheurefin1,Edm.Time,True,False,0,0,0,0,6,all_feeds,declared_unobserved,unclassified,source-schemas/information_service.json
information_service,PeriodeOuvertures.jeudiheurefin2,relation,PeriodeOuvertures,jeudiheurefin2,Edm.Time,True,False,0,0,0,0,6,all_feeds,declared_unobserved,unclassified,source-schemas/information_service.json
information_service,PeriodeOuvertures.lundiheuredebut1,relation,PeriodeOuvertures,lundiheuredebut1,Edm.Time,True,False,0,0,0,0,6,all_feeds,declared_unobserved,unclassified,source-schemas/information_service.json
information_service,PeriodeOuvertures.lundiheuredebut2,relation,PeriodeOuvertures,lundiheuredebut2,Edm.Time,True,False,0,0,0,0,6,all_feeds,declared_unobserved,unclassified,source-schemas/information_service.json
information_service,PeriodeOuvertures.lundiheurefin1,relation,PeriodeOuvertures,lundiheurefin1,Edm.Time,True,False,0,0,0,0,6,all_feeds,declared_unobserved,unclassified,source-schemas/information_service.json
information_service,PeriodeOuvertures.lundiheurefin2,relation,PeriodeOuvertures,lundiheurefin2,Edm.Time,True,False,0,0,0,0,6,all_feeds,declared_unobserved,unclassified,source-schemas/information_service.json
information_service,PeriodeOuvertures.mardiheuredebut1,relation,PeriodeOuvertures,mardiheuredebut1,Edm.Time,True,False,0,0,0,0,6,all_feeds,declared_unobserved,unclassified,source-schemas/information_service.json
information_service,PeriodeOuvertures.mardiheuredebut2,relation,PeriodeOuvertures,mardiheuredebut2,Edm.Time,True,False,0,0,0,0,6,all_feeds,declared_unobserved,unclassified,source-schemas/information_service.json
information_service,PeriodeOuvertures.mardiheurefin1,relation,PeriodeOuvertures,mardiheurefin1,Edm.Time,True,False,0,0,0,0,6,all_feeds,declared_unobserved,unclassified,source-schemas/information_service.json
information_service,PeriodeOuvertures.mardiheurefin2,relation,PeriodeOuvertures,mardiheurefin2,Edm.Time,True,False,0,0,0,0,6,all_feeds,declared_unobserved,unclassified,source-schemas/information_service.json
information_service,PeriodeOuvertures.mercrediheuredebut1,relation,PeriodeOuvertures,mercrediheuredebut1,Edm.Time,True,False,0,0,0,0,6,all_feeds,declared_unobserved,unclassified,source-schemas/information_service.json
information_service,PeriodeOuvertures.mercrediheuredebut2,relation,PeriodeOuvertures,mercrediheuredebut2,Edm.Time,True,False,0,0,0,0,6,all_feeds,declared_unobserved,unclassified,source-schemas/information_service.json
information_service,PeriodeOuvertures.mercrediheurefin1,relation,PeriodeOuvertures,mercrediheurefin1,Edm.Time,True,False,0,0,0,0,6,all_feeds,declared_unobserved,unclassified,source-schemas/information_service.json
information_service,PeriodeOuvertures.mercrediheurefin2,relation,PeriodeOuvertures,mercrediheurefin2,Edm.Time,True,False,0,0,0,0,6,all_feeds,declared_unobserved,unclassified,source-schemas/information_service.json
information_service,PeriodeOuvertures.Ordre,relation,PeriodeOuvertures,Ordre,Edm.Int64,True,False,0,0,0,0,6,all_feeds,declared_unobserved,unclassified,source-schemas/information_service.json
information_service,PeriodeOuvertures.Precisionssurlesfermetures,relation,PeriodeOuvertures,Precisionssurlesfermetures,Edm.String,True,False,0,0,0,0,6,all_feeds,declared_unobserved,unclassified,source-schemas/information_service.json
information_service,PeriodeOuvertures.Precisionssurlesouvertures,relation,PeriodeOuvertures,Precisionssurlesouvertures,Edm.String,True,False,0,0,0,0,6,all_feeds,declared_unobserved,unclassified,source-schemas/information_service.json
information_service,PeriodeOuvertures.samediheuredebut1,relation,PeriodeOuvertures,samediheuredebut1,Edm.Time,True,False,0,0,0,0,6,all_feeds,declared_unobserved,unclassified,source-schemas/information_service.json
information_service,PeriodeOuvertures.samediheuredebut2,relation,PeriodeOuvertures,samediheuredebut2,Edm.Time,True,False,0,0,0,0,6,all_feeds,declared_unobserved,unclassified,source-schemas/information_service.json
information_service,PeriodeOuvertures.samediheurefin1,relation,PeriodeOuvertures,samediheurefin1,Edm.Time,True,False,0,0,0,0,6,all_feeds,declared_unobserved,unclassified,source-schemas/information_service.json
information_service,PeriodeOuvertures.samediheurefin2,relation,PeriodeOuvertures,samediheurefin2,Edm.Time,True,False,0,0,0,0,6,all_feeds,declared_unobserved,unclassified,source-schemas/information_service.json
information_service,PeriodeOuvertures.SyndicObjectId,relation,PeriodeOuvertures,SyndicObjectId,Edm.String,True,False,0,0,0,0,6,all_feeds,declared_unobserved,unclassified,source-schemas/information_service.json
information_service,PeriodeOuvertures.vendrediheuredebut1,relation,PeriodeOuvertures,vendrediheuredebut1,Edm.Time,True,False,0,0,0,0,6,all_feeds,declared_unobserved,unclassified,source-schemas/information_service.json
information_service,PeriodeOuvertures.vendrediheuredebut2,relation,PeriodeOuvertures,vendrediheuredebut2,Edm.Time,True,False,0,0,0,0,6,all_feeds,declared_unobserved,unclassified,source-schemas/information_service.json
information_service,PeriodeOuvertures.vendrediheurefin1,relation,PeriodeOuvertures,vendrediheurefin1,Edm.Time,True,False,0,0,0,0,6,all_feeds,declared_unobserved,unclassified,source-schemas/information_service.json
information_service,PeriodeOuvertures.vendrediheurefin2,relation,PeriodeOuvertures,vendrediheurefin2,Edm.Time,True,False,0,0,0,0,6,all_feeds,declared_unobserved,unclassified,source-schemas/information_service.json
information_service,Photos.Datedefindutilisation,relation,Photos,Datedefindutilisation,Edm.DateTime,True,True,20,0,20,0.0,6,all_feeds,observed_source,unclassified,source-schemas/information_service.json
information_service,Photos.ID,relation,Photos,ID,Edm.Int64,True,True,20,20,0,100.0,6,all_feeds,observed_source,unclassified,source-schemas/information_service.json
information_service,Photos.Licencecreativecommons,relation,Photos,Licencecreativecommons,Edm.Boolean,True,True,20,0,20,0.0,6,all_feeds,observed_source,unclassified,source-schemas/information_service.json
information_service,Photos.Ordre,relation,Photos,Ordre,Edm.Int64,True,True,20,20,0,100.0,6,all_feeds,observed_source,unclassified,source-schemas/information_service.json
information_service,Photos.Photo.Credit,relation,Photos,Photo.Credit,Edm.String,True,True,20,20,0,100.0,6,all_feeds,observed_source,unclassified,source-schemas/information_service.json
information_service,Photos.Photo.MediaID,relation,Photos,Photo.MediaID,Edm.Guid,True,True,20,20,0,100.0,6,all_feeds,observed_source,unclassified,source-schemas/information_service.json
information_service,Photos.Photo.Titre,relation,Photos,Photo.Titre,Edm.String,True,True,20,20,0,100.0,6,all_feeds,observed_source,unclassified,source-schemas/information_service.json
information_service,Photos.Photo.Url,relation,Photos,Photo.Url,Edm.String,True,True,20,20,0,100.0,6,all_feeds,observed_source,unclassified,source-schemas/information_service.json
information_service,Photos.SyndicObjectId,relation,Photos,SyndicObjectId,Edm.String,True,True,20,20,0,100.0,6,all_feeds,observed_source,unclassified,source-schemas/information_service.json
information_service,PrestationProximites.ID,relation,PrestationProximites,ID,Edm.Int64,True,True,15,15,0,100.0,6,all_feeds,observed_source,unclassified,source-schemas/information_service.json
information_service,PrestationProximites.Ordre,relation,PrestationProximites,Ordre,Edm.Int64,True,True,15,15,0,100.0,6,all_feeds,observed_source,unclassified,source-schemas/information_service.json
information_service,PrestationProximites.SyndicObjectId,relation,PrestationProximites,SyndicObjectId,Edm.String,True,True,15,15,0,100.0,6,all_feeds,observed_source,unclassified,source-schemas/information_service.json
information_service,PrestationProximites.ThesCode,relation,PrestationProximites,ThesCode,Edm.String,True,True,15,15,0,100.0,6,all_feeds,observed_source,unclassified,source-schemas/information_service.json
information_service,PrestationProximites.ThesID,relation,PrestationProximites,ThesID,Edm.Guid,True,True,15,15,0,100.0,6,all_feeds,observed_source,unclassified,source-schemas/information_service.json
information_service,PrestationProximites.ThesLibelle,relation,PrestationProximites,ThesLibelle,Edm.String,True,True,15,15,0,100.0,6,all_feeds,observed_source,unclassified,source-schemas/information_service.json
information_service,PrestationProximites.ThesOrdre,relation,PrestationProximites,ThesOrdre,Edm.Int64,True,True,15,15,0,100.0,6,all_feeds,observed_source,unclassified,source-schemas/information_service.json
information_service,PrestationProximites.ThesPicto,relation,PrestationProximites,ThesPicto,Edm.String,True,True,15,0,15,0.0,6,all_feeds,observed_source,unclassified,source-schemas/information_service.json
information_service,PrestationsActivites.ID,relation,PrestationsActivites,ID,Edm.Int64,True,False,0,0,0,0,5,shared,declared_unobserved,unclassified,source-schemas/information_service.json
information_service,PrestationsActivites.Ordre,relation,PrestationsActivites,Ordre,Edm.Int64,True,False,0,0,0,0,5,shared,declared_unobserved,unclassified,source-schemas/information_service.json
information_service,PrestationsActivites.SyndicObjectId,relation,PrestationsActivites,SyndicObjectId,Edm.String,True,False,0,0,0,0,5,shared,declared_unobserved,unclassified,source-schemas/information_service.json
information_service,PrestationsActivites.ThesCode,relation,PrestationsActivites,ThesCode,Edm.String,True,False,0,0,0,0,5,shared,declared_unobserved,unclassified,source-schemas/information_service.json
information_service,PrestationsActivites.ThesID,relation,PrestationsActivites,ThesID,Edm.Guid,True,False,0,0,0,0,5,shared,declared_unobserved,unclassified,source-schemas/information_service.json
information_service,PrestationsActivites.ThesLibelle,relation,PrestationsActivites,ThesLibelle,Edm.String,True,False,0,0,0,0,5,shared,declared_unobserved,unclassified,source-schemas/information_service.json
information_service,PrestationsActivites.ThesOrdre,relation,PrestationsActivites,ThesOrdre,Edm.Int32,True,False,0,0,0,0,5,shared,declared_unobserved,unclassified,source-schemas/information_service.json
information_service,PrestationsActivites.ThesPicto,relation,PrestationsActivites,ThesPicto,Edm.String,True,False,0,0,0,0,5,shared,declared_unobserved,unclassified,source-schemas/information_service.json
information_service,PrestationsEquipementss.ID,relation,PrestationsEquipementss,ID,Edm.Int64,True,True,3,3,0,100.0,6,all_feeds,observed_source,unclassified,source-schemas/information_service.json
information_service,PrestationsEquipementss.Ordre,relation,PrestationsEquipementss,Ordre,Edm.Int64,True,True,3,3,0,100.0,6,all_feeds,observed_source,unclassified,source-schemas/information_service.json
information_service,PrestationsEquipementss.SyndicObjectId,relation,PrestationsEquipementss,SyndicObjectId,Edm.String,True,True,3,3,0,100.0,6,all_feeds,observed_source,unclassified,source-schemas/information_service.json
information_service,PrestationsEquipementss.ThesCode,relation,PrestationsEquipementss,ThesCode,Edm.String,True,True,3,3,0,100.0,6,all_feeds,observed_source,unclassified,source-schemas/information_service.json
information_service,PrestationsEquipementss.ThesID,relation,PrestationsEquipementss,ThesID,Edm.Guid,True,True,3,3,0,100.0,6,all_feeds,observed_source,unclassified,source-schemas/information_service.json
information_service,PrestationsEquipementss.ThesLibelle,relation,PrestationsEquipementss,ThesLibelle,Edm.String,True,True,3,3,0,100.0,6,all_feeds,observed_source,unclassified,source-schemas/information_service.json
information_service,PrestationsEquipementss.ThesOrdre,relation,PrestationsEquipementss,ThesOrdre,Edm.Int64,True,True,3,3,0,100.0,6,all_feeds,observed_source,unclassified,source-schemas/information_service.json
information_service,PrestationsEquipementss.ThesPicto,relation,PrestationsEquipementss,ThesPicto,Edm.String,True,True,3,0,3,0.0,6,all_feeds,observed_source,unclassified,source-schemas/information_service.json
information_service,Structure.Address1,relation,Structure,Address1,Edm.String,True,True,5,5,0,100.0,6,all_feeds,observed_source,unclassified,source-schemas/information_service.json
information_service,Structure.Address2,relation,Structure,Address2,Edm.String,True,True,5,0,5,0.0,6,all_feeds,observed_source,unclassified,source-schemas/information_service.json
information_service,Structure.Address3,relation,Structure,Address3,Edm.String,True,True,5,0,5,0.0,6,all_feeds,observed_source,unclassified,source-schemas/information_service.json
information_service,Structure.City,relation,Structure,City,Edm.String,True,True,5,5,0,100.0,6,all_feeds,observed_source,unclassified,source-schemas/information_service.json
information_service,Structure.Country,relation,Structure,Country,Edm.String,True,True,5,0,5,0.0,6,all_feeds,observed_source,unclassified,source-schemas/information_service.json
information_service,Structure.Email,relation,Structure,Email,Edm.String,True,True,5,5,0,100.0,6,all_feeds,observed_source,unclassified,source-schemas/information_service.json
information_service,Structure.EmailName,relation,Structure,EmailName,Edm.String,True,True,5,0,5,0.0,6,all_feeds,observed_source,unclassified,source-schemas/information_service.json
information_service,Structure.Name,relation,Structure,Name,Edm.String,True,True,5,5,0,100.0,6,all_feeds,observed_source,unclassified,source-schemas/information_service.json
information_service,Structure.Phone,relation,Structure,Phone,Edm.String,True,True,5,0,5,0.0,6,all_feeds,observed_source,unclassified,source-schemas/information_service.json
information_service,Structure.Postcode,relation,Structure,Postcode,Edm.String,True,True,5,5,0,100.0,6,all_feeds,observed_source,unclassified,source-schemas/information_service.json
information_service,Structure.SyndicStructureId,relation,Structure,SyndicStructureId,Edm.Guid,True,True,5,5,0,100.0,6,all_feeds,observed_source,unclassified,source-schemas/information_service.json
information_service,Structure.Url,relation,Structure,Url,Edm.String,True,True,5,0,5,0.0,6,all_feeds,observed_source,unclassified,source-schemas/information_service.json
information_service,Thematiques.ID,relation,Thematiques,ID,Edm.Int64,True,True,3,3,0,100.0,6,all_feeds,observed_source,unclassified,source-schemas/information_service.json
information_service,Thematiques.Ordre,relation,Thematiques,Ordre,Edm.Int64,True,True,3,3,0,100.0,6,all_feeds,observed_source,unclassified,source-schemas/information_service.json
information_service,Thematiques.SyndicObjectId,relation,Thematiques,SyndicObjectId,Edm.String,True,True,3,3,0,100.0,6,all_feeds,observed_source,unclassified,source-schemas/information_service.json
information_service,Thematiques.ThesCode,relation,Thematiques,ThesCode,Edm.String,True,True,3,3,0,100.0,6,all_feeds,observed_source,unclassified,source-schemas/information_service.json
information_service,Thematiques.ThesID,relation,Thematiques,ThesID,Edm.Guid,True,True,3,3,0,100.0,6,all_feeds,observed_source,unclassified,source-schemas/information_service.json
information_service,Thematiques.ThesLibelle,relation,Thematiques,ThesLibelle,Edm.String,True,True,3,3,0,100.0,6,all_feeds,observed_source,unclassified,source-schemas/information_service.json
information_service,Thematiques.ThesOrdre,relation,Thematiques,ThesOrdre,Edm.Int64,True,True,3,3,0,100.0,6,all_feeds,observed_source,unclassified,source-schemas/information_service.json
information_service,Thematiques.ThesPicto,relation,Thematiques,ThesPicto,Edm.String,True,True,3,0,3,0.0,6,all_feeds,observed_source,unclassified,source-schemas/information_service.json
information_service,TisTracking.CodeOffre,relation,TisTracking,CodeOffre,Edm.String,True,True,5,5,0,100.0,6,all_feeds,observed_source,unclassified,source-schemas/information_service.json
information_service,TisTracking.CodeStructure,relation,TisTracking,CodeStructure,Edm.String,True,True,5,5,0,100.0,6,all_feeds,observed_source,unclassified,source-schemas/information_service.json
information_service,TisTracking.CodeSyndication,relation,TisTracking,CodeSyndication,Edm.String,True,True,5,5,0,100.0,6,all_feeds,observed_source,unclassified,source-schemas/information_service.json
information_service,TisTracking.SyndicObjectId,relation,TisTracking,SyndicObjectId,Edm.String,True,True,5,5,0,100.0,6,all_feeds,observed_source,unclassified,source-schemas/information_service.json
information_service,Typeequipements.ID,relation,Typeequipements,ID,Edm.Int64,True,True,5,5,0,100.0,4,shared,observed_source,unclassified,source-schemas/information_service.json
information_service,Typeequipements.Ordre,relation,Typeequipements,Ordre,Edm.Int64,True,True,5,5,0,100.0,4,shared,observed_source,unclassified,source-schemas/information_service.json
information_service,Typeequipements.SyndicObjectId,relation,Typeequipements,SyndicObjectId,Edm.String,True,True,5,5,0,100.0,4,shared,observed_source,unclassified,source-schemas/information_service.json
information_service,Typeequipements.Typedactivite.ThesCode,relation,Typeequipements,Typedactivite.ThesCode,Edm.String,True,True,5,5,0,100.0,4,shared,observed_source,unclassified,source-schemas/information_service.json
information_service,Typeequipements.Typedactivite.ThesID,relation,Typeequipements,Typedactivite.ThesID,Edm.Guid,True,True,5,5,0,100.0,4,shared,observed_source,unclassified,source-schemas/information_service.json
information_service,Typeequipements.Typedactivite.ThesLibelle,relation,Typeequipements,Typedactivite.ThesLibelle,Edm.String,True,True,5,5,0,100.0,4,shared,observed_source,unclassified,source-schemas/information_service.json
information_service,Typeequipements.Typedactivite.ThesOrdre,relation,Typeequipements,Typedactivite.ThesOrdre,Edm.Int32,True,True,5,5,0,100.0,4,shared,observed_source,unclassified,source-schemas/information_service.json
information_service,Typeequipements.Typedactivite.ThesPicto,relation,Typeequipements,Typedactivite.ThesPicto,Edm.String,True,True,5,0,5,0.0,4,shared,observed_source,unclassified,source-schemas/information_service.json
information_service,Videos.ID,relation,Videos,ID,Edm.Int64,True,False,0,0,0,0,6,all_feeds,declared_unobserved,unclassified,source-schemas/information_service.json
information_service,Videos.IntegrerlavideosursonsitecopiercollerdeObjetouembedYoutubeouDailymotion,relation,Videos,IntegrerlavideosursonsitecopiercollerdeObjetouembedYoutubeouDailymotion,Edm.String,True,False,0,0,0,0,6,all_feeds,declared_unobserved,unclassified,source-schemas/information_service.json
information_service,Videos.Licencecreativecommons,relation,Videos,Licencecreativecommons,Edm.Boolean,True,False,0,0,0,0,6,all_feeds,declared_unobserved,unclassified,source-schemas/information_service.json
information_service,Videos.Ordre,relation,Videos,Ordre,Edm.Int64,True,False,0,0,0,0,6,all_feeds,declared_unobserved,unclassified,source-schemas/information_service.json
information_service,Videos.SyndicObjectId,relation,Videos,SyndicObjectId,Edm.String,True,False,0,0,0,0,6,all_feeds,declared_unobserved,unclassified,source-schemas/information_service.json
information_service,Videos.URLvideo,relation,Videos,URLvideo,Edm.String,True,False,0,0,0,0,6,all_feeds,declared_unobserved,unclassified,source-schemas/information_service.json
loisir_plein_air,object.AccueilPMR,object,,AccueilPMR,Edm.Boolean,True,True,28,28,0,100.0,4,shared,observed_source,unclassified,source-schemas/loisir_plein_air.json
loisir_plein_air,object.Adresse1,object,,Adresse1,Edm.String,True,True,28,28,0,100.0,6,all_feeds,observed_source,unclassified,source-schemas/loisir_plein_air.json
loisir_plein_air,object.Adresse2,object,,Adresse2,Edm.String,True,True,28,1,27,3.6,6,all_feeds,observed_source,unclassified,source-schemas/loisir_plein_air.json
loisir_plein_air,object.Adresse3,object,,Adresse3,Edm.String,True,True,28,0,28,0.0,6,all_feeds,observed_source,unclassified,source-schemas/loisir_plein_air.json
loisir_plein_air,object.Bureau.ThesCode,object,,Bureau.ThesCode,Edm.String,True,True,28,28,0,100.0,6,all_feeds,observed_source,unclassified,source-schemas/loisir_plein_air.json
loisir_plein_air,object.Bureau.ThesID,object,,Bureau.ThesID,Edm.Guid,True,True,28,28,0,100.0,6,all_feeds,observed_source,unclassified,source-schemas/loisir_plein_air.json
loisir_plein_air,object.Bureau.ThesLibelle,object,,Bureau.ThesLibelle,Edm.String,True,True,28,28,0,100.0,6,all_feeds,observed_source,unclassified,source-schemas/loisir_plein_air.json
loisir_plein_air,object.Bureau.ThesOrdre,object,,Bureau.ThesOrdre,Edm.Int32,True,True,28,28,0,100.0,6,all_feeds,observed_source,unclassified,source-schemas/loisir_plein_air.json
loisir_plein_air,object.Bureau.ThesPicto,object,,Bureau.ThesPicto,Edm.String,True,True,28,0,28,0.0,6,all_feeds,observed_source,unclassified,source-schemas/loisir_plein_air.json
loisir_plein_air,object.ClassificationType,object,,ClassificationType,TourInSoft.V5.Syndication.Syndication_FSLOISIRPLEINAIROTISud_31DBCC3F13FB4F7F83F097C9AA2C5DC1.ListeComplexType,False,True,1,0,1,0.0,2,shared,observed_source,unclassified,source-schemas/loisir_plein_air.json
loisir_plein_air,object.ClassificationType.ThesCode,object,,ClassificationType.ThesCode,Edm.String,True,True,27,27,0,100.0,6,all_feeds,observed_source,unclassified,source-schemas/loisir_plein_air.json
loisir_plein_air,object.ClassificationType.ThesID,object,,ClassificationType.ThesID,Edm.Guid,True,True,27,27,0,100.0,6,all_feeds,observed_source,unclassified,source-schemas/loisir_plein_air.json
loisir_plein_air,object.ClassificationType.ThesLibelle,object,,ClassificationType.ThesLibelle,Edm.String,True,True,27,27,0,100.0,6,all_feeds,observed_source,unclassified,source-schemas/loisir_plein_air.json
loisir_plein_air,object.ClassificationType.ThesOrdre,object,,ClassificationType.ThesOrdre,Edm.Int32,True,True,27,27,0,100.0,6,all_feeds,observed_source,unclassified,source-schemas/loisir_plein_air.json
loisir_plein_air,object.ClassificationType.ThesPicto,object,,ClassificationType.ThesPicto,Edm.String,True,True,27,0,27,0.0,6,all_feeds,observed_source,unclassified,source-schemas/loisir_plein_air.json
loisir_plein_air,object.CodeINSEE,object,,CodeINSEE,Edm.String,True,True,28,28,0,100.0,6,all_feeds,observed_source,unclassified,source-schemas/loisir_plein_air.json
loisir_plein_air,object.CodePostal,object,,CodePostal,Edm.String,True,True,28,28,0,100.0,6,all_feeds,observed_source,unclassified,source-schemas/loisir_plein_air.json
loisir_plein_air,object.Commune,object,,Commune,Edm.String,True,True,28,28,0,100.0,6,all_feeds,observed_source,unclassified,source-schemas/loisir_plein_air.json
loisir_plein_air,object.GmapLatitude,object,,GmapLatitude,Edm.String,True,True,28,27,1,96.4,6,all_feeds,observed_source,unclassified,source-schemas/loisir_plein_air.json
loisir_plein_air,object.GmapLongitude,object,,GmapLongitude,Edm.String,True,True,28,27,1,96.4,6,all_feeds,observed_source,unclassified,source-schemas/loisir_plein_air.json
loisir_plein_air,object.IdentifiantSoubik,object,,IdentifiantSoubik,Edm.String,True,True,28,27,1,96.4,6,all_feeds,observed_source,unclassified,source-schemas/loisir_plein_air.json
loisir_plein_air,object.Lieudit,object,,Lieudit,TourInSoft.V5.Syndication.Syndication_FSLOISIRPLEINAIROTISud_31DBCC3F13FB4F7F83F097C9AA2C5DC1.ListeComplexType,False,True,21,0,21,0.0,6,all_feeds,observed_source,unclassified,source-schemas/loisir_plein_air.json
loisir_plein_air,object.Lieudit.ThesCode,object,,Lieudit.ThesCode,Edm.String,True,True,7,7,0,100.0,6,all_feeds,observed_source,unclassified,source-schemas/loisir_plein_air.json
loisir_plein_air,object.Lieudit.ThesID,object,,Lieudit.ThesID,Edm.Guid,True,True,7,7,0,100.0,6,all_feeds,observed_source,unclassified,source-schemas/loisir_plein_air.json
loisir_plein_air,object.Lieudit.ThesLibelle,object,,Lieudit.ThesLibelle,Edm.String,True,True,7,7,0,100.0,6,all_feeds,observed_source,unclassified,source-schemas/loisir_plein_air.json
loisir_plein_air,object.Lieudit.ThesOrdre,object,,Lieudit.ThesOrdre,Edm.Int32,True,True,7,7,0,100.0,6,all_feeds,observed_source,unclassified,source-schemas/loisir_plein_air.json
loisir_plein_air,object.Lieudit.ThesPicto,object,,Lieudit.ThesPicto,Edm.String,True,True,7,0,7,0.0,6,all_feeds,observed_source,unclassified,source-schemas/loisir_plein_air.json
loisir_plein_air,object.Nometablissement,object,,Nometablissement,Edm.String,True,True,28,28,0,100.0,6,all_feeds,observed_source,unclassified,source-schemas/loisir_plein_air.json
loisir_plein_air,object.ObjectTypeFix,object,,ObjectTypeFix,Edm.String,True,True,28,28,0,100.0,6,all_feeds,observed_source,unclassified,source-schemas/loisir_plein_air.json
loisir_plein_air,object.ObjectTypeName,object,,ObjectTypeName,Edm.String,True,True,28,28,0,100.0,6,all_feeds,observed_source,unclassified,source-schemas/loisir_plein_air.json
loisir_plein_air,object.Published,object,,Published,Edm.DateTime,True,True,28,28,0,100.0,6,all_feeds,observed_source,unclassified,source-schemas/loisir_plein_air.json
loisir_plein_air,object.RaisonSociale,object,,RaisonSociale,Edm.String,True,True,28,17,11,60.7,6,all_feeds,observed_source,unclassified,source-schemas/loisir_plein_air.json
loisir_plein_air,object.SIRET,object,,SIRET,Edm.String,True,True,28,27,1,96.4,6,all_feeds,observed_source,unclassified,source-schemas/loisir_plein_air.json
loisir_plein_air,object.Surreservation,object,,Surreservation,Edm.Boolean,True,True,28,0,28,0.0,3,shared,observed_source,unclassified,source-schemas/loisir_plein_air.json
loisir_plein_air,object.SyndicObjectID,object,,SyndicObjectID,Edm.String,True,True,28,28,0,100.0,6,all_feeds,observed_source,unclassified,source-schemas/loisir_plein_air.json
loisir_plein_air,object.SyndicObjectName,object,,SyndicObjectName,Edm.String,True,True,28,28,0,100.0,6,all_feeds,observed_source,unclassified,source-schemas/loisir_plein_air.json
loisir_plein_air,object.SyndicObjectOrder,object,,SyndicObjectOrder,Edm.Int64,True,True,28,28,0,100.0,6,all_feeds,observed_source,unclassified,source-schemas/loisir_plein_air.json
loisir_plein_air,object.SyndicStructureId,object,,SyndicStructureId,Edm.Guid,True,True,28,28,0,100.0,6,all_feeds,observed_source,unclassified,source-schemas/loisir_plein_air.json
loisir_plein_air,object.TIS_TRACKING_LISTING_OFFRE,object,,TIS_TRACKING_LISTING_OFFRE,Edm.String,True,True,28,28,0,100.0,6,all_feeds,observed_source,unclassified,source-schemas/loisir_plein_air.json
loisir_plein_air,object.TIS_TRACKING_OFFRE,object,,TIS_TRACKING_OFFRE,Edm.String,True,True,28,28,0,100.0,6,all_feeds,observed_source,unclassified,source-schemas/loisir_plein_air.json
loisir_plein_air,object.Updated,object,,Updated,Edm.DateTime,True,True,28,28,0,100.0,6,all_feeds,observed_source,unclassified,source-schemas/loisir_plein_air.json
loisir_plein_air,Capacites.Capacite,relation,Capacites,Capacite,Edm.Double,True,True,12,10,2,83.3,2,shared,observed_source,unclassified,source-schemas/loisir_plein_air.json
loisir_plein_air,Capacites.ID,relation,Capacites,ID,Edm.Int64,True,True,12,12,0,100.0,4,shared,observed_source,unclassified,source-schemas/loisir_plein_air.json
loisir_plein_air,Capacites.Ordre,relation,Capacites,Ordre,Edm.Int64,True,True,12,12,0,100.0,4,shared,observed_source,unclassified,source-schemas/loisir_plein_air.json
loisir_plein_air,Capacites.SyndicObjectId,relation,Capacites,SyndicObjectId,Edm.String,True,True,12,12,0,100.0,4,shared,observed_source,unclassified,source-schemas/loisir_plein_air.json
loisir_plein_air,Chaines.Groupe,relation,Chaines,Groupe,TourInSoft.V5.Syndication.Syndication_FSLOISIRPLEINAIROTISud_31DBCC3F13FB4F7F83F097C9AA2C5DC1.ListeComplexType,False,True,3,0,3,0.0,5,shared,observed_source,unclassified,source-schemas/loisir_plein_air.json
loisir_plein_air,Chaines.Groupe.ThesCode,relation,Chaines,Groupe.ThesCode,Edm.String,True,False,0,0,0,0,5,shared,declared_unobserved,unclassified,source-schemas/loisir_plein_air.json
loisir_plein_air,Chaines.Groupe.ThesID,relation,Chaines,Groupe.ThesID,Edm.Guid,True,False,0,0,0,0,5,shared,declared_unobserved,unclassified,source-schemas/loisir_plein_air.json
loisir_plein_air,Chaines.Groupe.ThesLibelle,relation,Chaines,Groupe.ThesLibelle,Edm.String,True,False,0,0,0,0,5,shared,declared_unobserved,unclassified,source-schemas/loisir_plein_air.json
loisir_plein_air,Chaines.Groupe.ThesOrdre,relation,Chaines,Groupe.ThesOrdre,Edm.Int32,True,False,0,0,0,0,5,shared,declared_unobserved,unclassified,source-schemas/loisir_plein_air.json
loisir_plein_air,Chaines.Groupe.ThesPicto,relation,Chaines,Groupe.ThesPicto,Edm.String,True,False,0,0,0,0,5,shared,declared_unobserved,unclassified,source-schemas/loisir_plein_air.json
loisir_plein_air,Chaines.ID,relation,Chaines,ID,Edm.Int64,True,True,3,3,0,100.0,5,shared,observed_source,unclassified,source-schemas/loisir_plein_air.json
loisir_plein_air,Chaines.Ordre,relation,Chaines,Ordre,Edm.Int64,True,True,3,3,0,100.0,5,shared,observed_source,unclassified,source-schemas/loisir_plein_air.json
loisir_plein_air,Chaines.Reseaux,relation,Chaines,Reseaux,TourInSoft.V5.Syndication.Syndication_FSLOISIRPLEINAIROTISud_31DBCC3F13FB4F7F83F097C9AA2C5DC1.ListeComplexType,False,True,3,0,3,0.0,5,shared,observed_source,unclassified,source-schemas/loisir_plein_air.json
loisir_plein_air,Chaines.Reseaux.ThesCode,relation,Chaines,Reseaux.ThesCode,Edm.String,True,False,0,0,0,0,5,shared,declared_unobserved,unclassified,source-schemas/loisir_plein_air.json
loisir_plein_air,Chaines.Reseaux.ThesID,relation,Chaines,Reseaux.ThesID,Edm.Guid,True,False,0,0,0,0,5,shared,declared_unobserved,unclassified,source-schemas/loisir_plein_air.json
loisir_plein_air,Chaines.Reseaux.ThesLibelle,relation,Chaines,Reseaux.ThesLibelle,Edm.String,True,False,0,0,0,0,5,shared,declared_unobserved,unclassified,source-schemas/loisir_plein_air.json
loisir_plein_air,Chaines.Reseaux.ThesOrdre,relation,Chaines,Reseaux.ThesOrdre,Edm.Int32,True,False,0,0,0,0,5,shared,declared_unobserved,unclassified,source-schemas/loisir_plein_air.json
loisir_plein_air,Chaines.Reseaux.ThesPicto,relation,Chaines,Reseaux.ThesPicto,Edm.String,True,False,0,0,0,0,5,shared,declared_unobserved,unclassified,source-schemas/loisir_plein_air.json
loisir_plein_air,Chaines.SyndicObjectId,relation,Chaines,SyndicObjectId,Edm.String,True,True,3,3,0,100.0,5,shared,observed_source,unclassified,source-schemas/loisir_plein_air.json
loisir_plein_air,ClassificationCategoriess.ID,relation,ClassificationCategoriess,ID,Edm.Int64,True,True,34,34,0,100.0,1,feed_specific,observed_source,unclassified,source-schemas/loisir_plein_air.json
loisir_plein_air,ClassificationCategoriess.Ordre,relation,ClassificationCategoriess,Ordre,Edm.Int64,True,True,34,34,0,100.0,1,feed_specific,observed_source,unclassified,source-schemas/loisir_plein_air.json
loisir_plein_air,ClassificationCategoriess.SyndicObjectId,relation,ClassificationCategoriess,SyndicObjectId,Edm.String,True,True,34,34,0,100.0,1,feed_specific,observed_source,unclassified,source-schemas/loisir_plein_air.json
loisir_plein_air,ClassificationCategoriess.ThesCode,relation,ClassificationCategoriess,ThesCode,Edm.String,True,True,34,34,0,100.0,1,feed_specific,observed_source,unclassified,source-schemas/loisir_plein_air.json
loisir_plein_air,ClassificationCategoriess.ThesID,relation,ClassificationCategoriess,ThesID,Edm.Guid,True,True,34,34,0,100.0,1,feed_specific,observed_source,unclassified,source-schemas/loisir_plein_air.json
loisir_plein_air,ClassificationCategoriess.ThesLibelle,relation,ClassificationCategoriess,ThesLibelle,Edm.String,True,True,34,34,0,100.0,1,feed_specific,observed_source,unclassified,source-schemas/loisir_plein_air.json
loisir_plein_air,ClassificationCategoriess.ThesOrdre,relation,ClassificationCategoriess,ThesOrdre,Edm.Int64,True,True,34,34,0,100.0,1,feed_specific,observed_source,unclassified,source-schemas/loisir_plein_air.json
loisir_plein_air,ClassificationCategoriess.ThesPicto,relation,ClassificationCategoriess,ThesPicto,Edm.String,True,True,34,0,34,0.0,1,feed_specific,observed_source,unclassified,source-schemas/loisir_plein_air.json
loisir_plein_air,ClassificationCategoriesSousCategorieAdrenalines.ID,relation,ClassificationCategoriesSousCategorieAdrenalines,ID,Edm.Int64,True,True,12,12,0,100.0,1,feed_specific,observed_source,unclassified,source-schemas/loisir_plein_air.json
loisir_plein_air,ClassificationCategoriesSousCategorieAdrenalines.Ordre,relation,ClassificationCategoriesSousCategorieAdrenalines,Ordre,Edm.Int64,True,True,12,12,0,100.0,1,feed_specific,observed_source,unclassified,source-schemas/loisir_plein_air.json
loisir_plein_air,ClassificationCategoriesSousCategorieAdrenalines.SyndicObjectId,relation,ClassificationCategoriesSousCategorieAdrenalines,SyndicObjectId,Edm.String,True,True,12,12,0,100.0,1,feed_specific,observed_source,unclassified,source-schemas/loisir_plein_air.json
loisir_plein_air,ClassificationCategoriesSousCategorieAdrenalines.ThesCode,relation,ClassificationCategoriesSousCategorieAdrenalines,ThesCode,Edm.String,True,True,12,12,0,100.0,1,feed_specific,observed_source,unclassified,source-schemas/loisir_plein_air.json
loisir_plein_air,ClassificationCategoriesSousCategorieAdrenalines.ThesID,relation,ClassificationCategoriesSousCategorieAdrenalines,ThesID,Edm.Guid,True,True,12,12,0,100.0,1,feed_specific,observed_source,unclassified,source-schemas/loisir_plein_air.json
loisir_plein_air,ClassificationCategoriesSousCategorieAdrenalines.ThesLibelle,relation,ClassificationCategoriesSousCategorieAdrenalines,ThesLibelle,Edm.String,True,True,12,12,0,100.0,1,feed_specific,observed_source,unclassified,source-schemas/loisir_plein_air.json
loisir_plein_air,ClassificationCategoriesSousCategorieAdrenalines.ThesOrdre,relation,ClassificationCategoriesSousCategorieAdrenalines,ThesOrdre,Edm.Int64,True,True,12,12,0,100.0,1,feed_specific,observed_source,unclassified,source-schemas/loisir_plein_air.json
loisir_plein_air,ClassificationCategoriesSousCategorieAdrenalines.ThesPicto,relation,ClassificationCategoriesSousCategorieAdrenalines,ThesPicto,Edm.String,True,True,12,0,12,0.0,1,feed_specific,observed_source,unclassified,source-schemas/loisir_plein_air.json
loisir_plein_air,ClassificationCategoriesSousCategorieAeronautiques.ID,relation,ClassificationCategoriesSousCategorieAeronautiques,ID,Edm.Int64,True,False,0,0,0,0,1,feed_specific,declared_unobserved,unclassified,source-schemas/loisir_plein_air.json
loisir_plein_air,ClassificationCategoriesSousCategorieAeronautiques.Ordre,relation,ClassificationCategoriesSousCategorieAeronautiques,Ordre,Edm.Int64,True,False,0,0,0,0,1,feed_specific,declared_unobserved,unclassified,source-schemas/loisir_plein_air.json
loisir_plein_air,ClassificationCategoriesSousCategorieAeronautiques.SyndicObjectId,relation,ClassificationCategoriesSousCategorieAeronautiques,SyndicObjectId,Edm.String,True,False,0,0,0,0,1,feed_specific,declared_unobserved,unclassified,source-schemas/loisir_plein_air.json
loisir_plein_air,ClassificationCategoriesSousCategorieAeronautiques.ThesCode,relation,ClassificationCategoriesSousCategorieAeronautiques,ThesCode,Edm.String,True,False,0,0,0,0,1,feed_specific,declared_unobserved,unclassified,source-schemas/loisir_plein_air.json
loisir_plein_air,ClassificationCategoriesSousCategorieAeronautiques.ThesID,relation,ClassificationCategoriesSousCategorieAeronautiques,ThesID,Edm.Guid,True,False,0,0,0,0,1,feed_specific,declared_unobserved,unclassified,source-schemas/loisir_plein_air.json
loisir_plein_air,ClassificationCategoriesSousCategorieAeronautiques.ThesLibelle,relation,ClassificationCategoriesSousCategorieAeronautiques,ThesLibelle,Edm.String,True,False,0,0,0,0,1,feed_specific,declared_unobserved,unclassified,source-schemas/loisir_plein_air.json
loisir_plein_air,ClassificationCategoriesSousCategorieAeronautiques.ThesOrdre,relation,ClassificationCategoriesSousCategorieAeronautiques,ThesOrdre,Edm.Int32,True,False,0,0,0,0,1,feed_specific,declared_unobserved,unclassified,source-schemas/loisir_plein_air.json
loisir_plein_air,ClassificationCategoriesSousCategorieAeronautiques.ThesPicto,relation,ClassificationCategoriesSousCategorieAeronautiques,ThesPicto,Edm.String,True,False,0,0,0,0,1,feed_specific,declared_unobserved,unclassified,source-schemas/loisir_plein_air.json
loisir_plein_air,ClassificationCategoriesSousCategorieAttractionss.ID,relation,ClassificationCategoriesSousCategorieAttractionss,ID,Edm.Int64,True,True,1,1,0,100.0,1,feed_specific,observed_source,unclassified,source-schemas/loisir_plein_air.json
loisir_plein_air,ClassificationCategoriesSousCategorieAttractionss.Ordre,relation,ClassificationCategoriesSousCategorieAttractionss,Ordre,Edm.Int64,True,True,1,1,0,100.0,1,feed_specific,observed_source,unclassified,source-schemas/loisir_plein_air.json
loisir_plein_air,ClassificationCategoriesSousCategorieAttractionss.SyndicObjectId,relation,ClassificationCategoriesSousCategorieAttractionss,SyndicObjectId,Edm.String,True,True,1,1,0,100.0,1,feed_specific,observed_source,unclassified,source-schemas/loisir_plein_air.json
loisir_plein_air,ClassificationCategoriesSousCategorieAttractionss.ThesCode,relation,ClassificationCategoriesSousCategorieAttractionss,ThesCode,Edm.String,True,True,1,1,0,100.0,1,feed_specific,observed_source,unclassified,source-schemas/loisir_plein_air.json
loisir_plein_air,ClassificationCategoriesSousCategorieAttractionss.ThesID,relation,ClassificationCategoriesSousCategorieAttractionss,ThesID,Edm.Guid,True,True,1,1,0,100.0,1,feed_specific,observed_source,unclassified,source-schemas/loisir_plein_air.json
loisir_plein_air,ClassificationCategoriesSousCategorieAttractionss.ThesLibelle,relation,ClassificationCategoriesSousCategorieAttractionss,ThesLibelle,Edm.String,True,True,1,1,0,100.0,1,feed_specific,observed_source,unclassified,source-schemas/loisir_plein_air.json
loisir_plein_air,ClassificationCategoriesSousCategorieAttractionss.ThesOrdre,relation,ClassificationCategoriesSousCategorieAttractionss,ThesOrdre,Edm.Int64,True,True,1,1,0,100.0,1,feed_specific,observed_source,unclassified,source-schemas/loisir_plein_air.json
loisir_plein_air,ClassificationCategoriesSousCategorieAttractionss.ThesPicto,relation,ClassificationCategoriesSousCategorieAttractionss,ThesPicto,Edm.String,True,True,1,0,1,0.0,1,feed_specific,observed_source,unclassified,source-schemas/loisir_plein_air.json
loisir_plein_air,ClassificationCategoriesSousCategorieAutress.ID,relation,ClassificationCategoriesSousCategorieAutress,ID,Edm.Int64,True,True,4,4,0,100.0,1,feed_specific,observed_source,unclassified,source-schemas/loisir_plein_air.json
loisir_plein_air,ClassificationCategoriesSousCategorieAutress.Ordre,relation,ClassificationCategoriesSousCategorieAutress,Ordre,Edm.Int64,True,True,4,4,0,100.0,1,feed_specific,observed_source,unclassified,source-schemas/loisir_plein_air.json
loisir_plein_air,ClassificationCategoriesSousCategorieAutress.SyndicObjectId,relation,ClassificationCategoriesSousCategorieAutress,SyndicObjectId,Edm.String,True,True,4,4,0,100.0,1,feed_specific,observed_source,unclassified,source-schemas/loisir_plein_air.json
loisir_plein_air,ClassificationCategoriesSousCategorieAutress.ThesCode,relation,ClassificationCategoriesSousCategorieAutress,ThesCode,Edm.String,True,True,4,4,0,100.0,1,feed_specific,observed_source,unclassified,source-schemas/loisir_plein_air.json
loisir_plein_air,ClassificationCategoriesSousCategorieAutress.ThesID,relation,ClassificationCategoriesSousCategorieAutress,ThesID,Edm.Guid,True,True,4,4,0,100.0,1,feed_specific,observed_source,unclassified,source-schemas/loisir_plein_air.json
loisir_plein_air,ClassificationCategoriesSousCategorieAutress.ThesLibelle,relation,ClassificationCategoriesSousCategorieAutress,ThesLibelle,Edm.String,True,True,4,4,0,100.0,1,feed_specific,observed_source,unclassified,source-schemas/loisir_plein_air.json
loisir_plein_air,ClassificationCategoriesSousCategorieAutress.ThesOrdre,relation,ClassificationCategoriesSousCategorieAutress,ThesOrdre,Edm.Int64,True,True,4,4,0,100.0,1,feed_specific,observed_source,unclassified,source-schemas/loisir_plein_air.json
loisir_plein_air,ClassificationCategoriesSousCategorieAutress.ThesPicto,relation,ClassificationCategoriesSousCategorieAutress,ThesPicto,Edm.String,True,True,4,0,4,0.0,1,feed_specific,observed_source,unclassified,source-schemas/loisir_plein_air.json
loisir_plein_air,ClassificationCategoriesSousCategorieExplorations.ID,relation,ClassificationCategoriesSousCategorieExplorations,ID,Edm.Int64,True,True,15,15,0,100.0,1,feed_specific,observed_source,unclassified,source-schemas/loisir_plein_air.json
loisir_plein_air,ClassificationCategoriesSousCategorieExplorations.Ordre,relation,ClassificationCategoriesSousCategorieExplorations,Ordre,Edm.Int64,True,True,15,15,0,100.0,1,feed_specific,observed_source,unclassified,source-schemas/loisir_plein_air.json
loisir_plein_air,ClassificationCategoriesSousCategorieExplorations.SyndicObjectId,relation,ClassificationCategoriesSousCategorieExplorations,SyndicObjectId,Edm.String,True,True,15,15,0,100.0,1,feed_specific,observed_source,unclassified,source-schemas/loisir_plein_air.json
loisir_plein_air,ClassificationCategoriesSousCategorieExplorations.ThesCode,relation,ClassificationCategoriesSousCategorieExplorations,ThesCode,Edm.String,True,True,15,15,0,100.0,1,feed_specific,observed_source,unclassified,source-schemas/loisir_plein_air.json
loisir_plein_air,ClassificationCategoriesSousCategorieExplorations.ThesID,relation,ClassificationCategoriesSousCategorieExplorations,ThesID,Edm.Guid,True,True,15,15,0,100.0,1,feed_specific,observed_source,unclassified,source-schemas/loisir_plein_air.json
loisir_plein_air,ClassificationCategoriesSousCategorieExplorations.ThesLibelle,relation,ClassificationCategoriesSousCategorieExplorations,ThesLibelle,Edm.String,True,True,15,15,0,100.0,1,feed_specific,observed_source,unclassified,source-schemas/loisir_plein_air.json
loisir_plein_air,ClassificationCategoriesSousCategorieExplorations.ThesOrdre,relation,ClassificationCategoriesSousCategorieExplorations,ThesOrdre,Edm.Int64,True,True,15,15,0,100.0,1,feed_specific,observed_source,unclassified,source-schemas/loisir_plein_air.json
loisir_plein_air,ClassificationCategoriesSousCategorieExplorations.ThesPicto,relation,ClassificationCategoriesSousCategorieExplorations,ThesPicto,Edm.String,True,True,15,0,15,0.0,1,feed_specific,observed_source,unclassified,source-schemas/loisir_plein_air.json
loisir_plein_air,ClassificationCategoriesSousCategorieJeuxs.ID,relation,ClassificationCategoriesSousCategorieJeuxs,ID,Edm.Int64,True,False,0,0,0,0,1,feed_specific,declared_unobserved,unclassified,source-schemas/loisir_plein_air.json
loisir_plein_air,ClassificationCategoriesSousCategorieJeuxs.Ordre,relation,ClassificationCategoriesSousCategorieJeuxs,Ordre,Edm.Int64,True,False,0,0,0,0,1,feed_specific,declared_unobserved,unclassified,source-schemas/loisir_plein_air.json
loisir_plein_air,ClassificationCategoriesSousCategorieJeuxs.SyndicObjectId,relation,ClassificationCategoriesSousCategorieJeuxs,SyndicObjectId,Edm.String,True,False,0,0,0,0,1,feed_specific,declared_unobserved,unclassified,source-schemas/loisir_plein_air.json
loisir_plein_air,ClassificationCategoriesSousCategorieJeuxs.ThesCode,relation,ClassificationCategoriesSousCategorieJeuxs,ThesCode,Edm.String,True,False,0,0,0,0,1,feed_specific,declared_unobserved,unclassified,source-schemas/loisir_plein_air.json
loisir_plein_air,ClassificationCategoriesSousCategorieJeuxs.ThesID,relation,ClassificationCategoriesSousCategorieJeuxs,ThesID,Edm.Guid,True,False,0,0,0,0,1,feed_specific,declared_unobserved,unclassified,source-schemas/loisir_plein_air.json
loisir_plein_air,ClassificationCategoriesSousCategorieJeuxs.ThesLibelle,relation,ClassificationCategoriesSousCategorieJeuxs,ThesLibelle,Edm.String,True,False,0,0,0,0,1,feed_specific,declared_unobserved,unclassified,source-schemas/loisir_plein_air.json
loisir_plein_air,ClassificationCategoriesSousCategorieJeuxs.ThesOrdre,relation,ClassificationCategoriesSousCategorieJeuxs,ThesOrdre,Edm.Int32,True,False,0,0,0,0,1,feed_specific,declared_unobserved,unclassified,source-schemas/loisir_plein_air.json
loisir_plein_air,ClassificationCategoriesSousCategorieJeuxs.ThesPicto,relation,ClassificationCategoriesSousCategorieJeuxs,ThesPicto,Edm.String,True,False,0,0,0,0,1,feed_specific,declared_unobserved,unclassified,source-schemas/loisir_plein_air.json
loisir_plein_air,ClassificationCategoriesSousCategorieLocMats.ID,relation,ClassificationCategoriesSousCategorieLocMats,ID,Edm.Int64,True,False,0,0,0,0,1,feed_specific,declared_unobserved,unclassified,source-schemas/loisir_plein_air.json
loisir_plein_air,ClassificationCategoriesSousCategorieLocMats.Ordre,relation,ClassificationCategoriesSousCategorieLocMats,Ordre,Edm.Int64,True,False,0,0,0,0,1,feed_specific,declared_unobserved,unclassified,source-schemas/loisir_plein_air.json
loisir_plein_air,ClassificationCategoriesSousCategorieLocMats.SyndicObjectId,relation,ClassificationCategoriesSousCategorieLocMats,SyndicObjectId,Edm.String,True,False,0,0,0,0,1,feed_specific,declared_unobserved,unclassified,source-schemas/loisir_plein_air.json
loisir_plein_air,ClassificationCategoriesSousCategorieLocMats.ThesCode,relation,ClassificationCategoriesSousCategorieLocMats,ThesCode,Edm.String,True,False,0,0,0,0,1,feed_specific,declared_unobserved,unclassified,source-schemas/loisir_plein_air.json
loisir_plein_air,ClassificationCategoriesSousCategorieLocMats.ThesID,relation,ClassificationCategoriesSousCategorieLocMats,ThesID,Edm.Guid,True,False,0,0,0,0,1,feed_specific,declared_unobserved,unclassified,source-schemas/loisir_plein_air.json
loisir_plein_air,ClassificationCategoriesSousCategorieLocMats.ThesLibelle,relation,ClassificationCategoriesSousCategorieLocMats,ThesLibelle,Edm.String,True,False,0,0,0,0,1,feed_specific,declared_unobserved,unclassified,source-schemas/loisir_plein_air.json
loisir_plein_air,ClassificationCategoriesSousCategorieLocMats.ThesOrdre,relation,ClassificationCategoriesSousCategorieLocMats,ThesOrdre,Edm.Int32,True,False,0,0,0,0,1,feed_specific,declared_unobserved,unclassified,source-schemas/loisir_plein_air.json
loisir_plein_air,ClassificationCategoriesSousCategorieLocMats.ThesPicto,relation,ClassificationCategoriesSousCategorieLocMats,ThesPicto,Edm.String,True,False,0,0,0,0,1,feed_specific,declared_unobserved,unclassified,source-schemas/loisir_plein_air.json
loisir_plein_air,ClassificationCategoriesSousCategorieNautiquess.ID,relation,ClassificationCategoriesSousCategorieNautiquess,ID,Edm.Int64,True,True,1,1,0,100.0,1,feed_specific,observed_source,unclassified,source-schemas/loisir_plein_air.json
loisir_plein_air,ClassificationCategoriesSousCategorieNautiquess.Ordre,relation,ClassificationCategoriesSousCategorieNautiquess,Ordre,Edm.Int64,True,True,1,1,0,100.0,1,feed_specific,observed_source,unclassified,source-schemas/loisir_plein_air.json
loisir_plein_air,ClassificationCategoriesSousCategorieNautiquess.SyndicObjectId,relation,ClassificationCategoriesSousCategorieNautiquess,SyndicObjectId,Edm.String,True,True,1,1,0,100.0,1,feed_specific,observed_source,unclassified,source-schemas/loisir_plein_air.json
loisir_plein_air,ClassificationCategoriesSousCategorieNautiquess.ThesCode,relation,ClassificationCategoriesSousCategorieNautiquess,ThesCode,Edm.String,True,True,1,1,0,100.0,1,feed_specific,observed_source,unclassified,source-schemas/loisir_plein_air.json
loisir_plein_air,ClassificationCategoriesSousCategorieNautiquess.ThesID,relation,ClassificationCategoriesSousCategorieNautiquess,ThesID,Edm.Guid,True,True,1,1,0,100.0,1,feed_specific,observed_source,unclassified,source-schemas/loisir_plein_air.json
loisir_plein_air,ClassificationCategoriesSousCategorieNautiquess.ThesLibelle,relation,ClassificationCategoriesSousCategorieNautiquess,ThesLibelle,Edm.String,True,True,1,1,0,100.0,1,feed_specific,observed_source,unclassified,source-schemas/loisir_plein_air.json
loisir_plein_air,ClassificationCategoriesSousCategorieNautiquess.ThesOrdre,relation,ClassificationCategoriesSousCategorieNautiquess,ThesOrdre,Edm.Int64,True,True,1,1,0,100.0,1,feed_specific,observed_source,unclassified,source-schemas/loisir_plein_air.json
loisir_plein_air,ClassificationCategoriesSousCategorieNautiquess.ThesPicto,relation,ClassificationCategoriesSousCategorieNautiquess,ThesPicto,Edm.String,True,True,1,0,1,0.0,1,feed_specific,observed_source,unclassified,source-schemas/loisir_plein_air.json
loisir_plein_air,ClassificationCategoriesSousCategorieVehiculeLoisirs.ID,relation,ClassificationCategoriesSousCategorieVehiculeLoisirs,ID,Edm.Int64,True,True,1,1,0,100.0,1,feed_specific,observed_source,unclassified,source-schemas/loisir_plein_air.json
loisir_plein_air,ClassificationCategoriesSousCategorieVehiculeLoisirs.Ordre,relation,ClassificationCategoriesSousCategorieVehiculeLoisirs,Ordre,Edm.Int64,True,True,1,1,0,100.0,1,feed_specific,observed_source,unclassified,source-schemas/loisir_plein_air.json
loisir_plein_air,ClassificationCategoriesSousCategorieVehiculeLoisirs.SyndicObjectId,relation,ClassificationCategoriesSousCategorieVehiculeLoisirs,SyndicObjectId,Edm.String,True,True,1,1,0,100.0,1,feed_specific,observed_source,unclassified,source-schemas/loisir_plein_air.json
loisir_plein_air,ClassificationCategoriesSousCategorieVehiculeLoisirs.ThesCode,relation,ClassificationCategoriesSousCategorieVehiculeLoisirs,ThesCode,Edm.String,True,True,1,1,0,100.0,1,feed_specific,observed_source,unclassified,source-schemas/loisir_plein_air.json
loisir_plein_air,ClassificationCategoriesSousCategorieVehiculeLoisirs.ThesID,relation,ClassificationCategoriesSousCategorieVehiculeLoisirs,ThesID,Edm.Guid,True,True,1,1,0,100.0,1,feed_specific,observed_source,unclassified,source-schemas/loisir_plein_air.json
loisir_plein_air,ClassificationCategoriesSousCategorieVehiculeLoisirs.ThesLibelle,relation,ClassificationCategoriesSousCategorieVehiculeLoisirs,ThesLibelle,Edm.String,True,True,1,1,0,100.0,1,feed_specific,observed_source,unclassified,source-schemas/loisir_plein_air.json
loisir_plein_air,ClassificationCategoriesSousCategorieVehiculeLoisirs.ThesOrdre,relation,ClassificationCategoriesSousCategorieVehiculeLoisirs,ThesOrdre,Edm.Int64,True,True,1,1,0,100.0,1,feed_specific,observed_source,unclassified,source-schemas/loisir_plein_air.json
loisir_plein_air,ClassificationCategoriesSousCategorieVehiculeLoisirs.ThesPicto,relation,ClassificationCategoriesSousCategorieVehiculeLoisirs,ThesPicto,Edm.String,True,True,1,0,1,0.0,1,feed_specific,observed_source,unclassified,source-schemas/loisir_plein_air.json
loisir_plein_air,Descriptifaccess.Descriptifduplandacces,relation,Descriptifaccess,Descriptifduplandacces,Edm.String,True,True,28,18,10,64.3,5,shared,observed_source,unclassified,source-schemas/loisir_plein_air.json
loisir_plein_air,Descriptifaccess.ID,relation,Descriptifaccess,ID,Edm.Int64,True,True,28,28,0,100.0,5,shared,observed_source,unclassified,source-schemas/loisir_plein_air.json
loisir_plein_air,Descriptifaccess.Ordre,relation,Descriptifaccess,Ordre,Edm.Int64,True,True,28,28,0,100.0,5,shared,observed_source,unclassified,source-schemas/loisir_plein_air.json
loisir_plein_air,Descriptifaccess.SyndicObjectId,relation,Descriptifaccess,SyndicObjectId,Edm.String,True,True,28,28,0,100.0,5,shared,observed_source,unclassified,source-schemas/loisir_plein_air.json
loisir_plein_air,Descriptifss.Accroche,relation,Descriptifss,Accroche,Edm.String,True,True,4,3,1,75.0,6,all_feeds,observed_source,unclassified,source-schemas/loisir_plein_air.json
loisir_plein_air,Descriptifss.Descriptioncommerciale,relation,Descriptifss,Descriptioncommerciale,Edm.String,True,True,4,4,0,100.0,6,all_feeds,observed_source,unclassified,source-schemas/loisir_plein_air.json
loisir_plein_air,Descriptifss.ID,relation,Descriptifss,ID,Edm.Int64,True,True,4,4,0,100.0,6,all_feeds,observed_source,unclassified,source-schemas/loisir_plein_air.json
loisir_plein_air,Descriptifss.Ordre,relation,Descriptifss,Ordre,Edm.Int64,True,True,4,4,0,100.0,6,all_feeds,observed_source,unclassified,source-schemas/loisir_plein_air.json
loisir_plein_air,Descriptifss.SyndicObjectId,relation,Descriptifss,SyndicObjectId,Edm.String,True,True,4,4,0,100.0,6,all_feeds,observed_source,unclassified,source-schemas/loisir_plein_air.json
loisir_plein_air,Fichiers.DocumentFichier.Credit,relation,Fichiers,DocumentFichier.Credit,Edm.String,True,False,0,0,0,0,6,all_feeds,declared_unobserved,unclassified,source-schemas/loisir_plein_air.json
loisir_plein_air,Fichiers.DocumentFichier.MediaID,relation,Fichiers,DocumentFichier.MediaID,Edm.Guid,True,False,0,0,0,0,6,all_feeds,declared_unobserved,unclassified,source-schemas/loisir_plein_air.json
loisir_plein_air,Fichiers.DocumentFichier.Titre,relation,Fichiers,DocumentFichier.Titre,Edm.String,True,False,0,0,0,0,6,all_feeds,declared_unobserved,unclassified,source-schemas/loisir_plein_air.json
loisir_plein_air,Fichiers.DocumentFichier.Url,relation,Fichiers,DocumentFichier.Url,Edm.String,True,False,0,0,0,0,6,all_feeds,declared_unobserved,unclassified,source-schemas/loisir_plein_air.json
loisir_plein_air,Fichiers.ID,relation,Fichiers,ID,Edm.Int64,True,False,0,0,0,0,6,all_feeds,declared_unobserved,unclassified,source-schemas/loisir_plein_air.json
loisir_plein_air,Fichiers.Ordre,relation,Fichiers,Ordre,Edm.Int64,True,False,0,0,0,0,6,all_feeds,declared_unobserved,unclassified,source-schemas/loisir_plein_air.json
loisir_plein_air,Fichiers.SyndicObjectId,relation,Fichiers,SyndicObjectId,Edm.String,True,False,0,0,0,0,6,all_feeds,declared_unobserved,unclassified,source-schemas/loisir_plein_air.json
loisir_plein_air,Handicaps.ID,relation,Handicaps,ID,Edm.Int64,True,False,0,0,0,0,6,all_feeds,declared_unobserved,unclassified,source-schemas/loisir_plein_air.json
loisir_plein_air,Handicaps.Ordre,relation,Handicaps,Ordre,Edm.Int64,True,False,0,0,0,0,6,all_feeds,declared_unobserved,unclassified,source-schemas/loisir_plein_air.json
loisir_plein_air,Handicaps.SyndicObjectId,relation,Handicaps,SyndicObjectId,Edm.String,True,False,0,0,0,0,6,all_feeds,declared_unobserved,unclassified,source-schemas/loisir_plein_air.json
loisir_plein_air,Handicaps.ThesCode,relation,Handicaps,ThesCode,Edm.String,True,False,0,0,0,0,6,all_feeds,declared_unobserved,unclassified,source-schemas/loisir_plein_air.json
loisir_plein_air,Handicaps.ThesID,relation,Handicaps,ThesID,Edm.Guid,True,False,0,0,0,0,6,all_feeds,declared_unobserved,unclassified,source-schemas/loisir_plein_air.json
loisir_plein_air,Handicaps.ThesLibelle,relation,Handicaps,ThesLibelle,Edm.String,True,False,0,0,0,0,6,all_feeds,declared_unobserved,unclassified,source-schemas/loisir_plein_air.json
loisir_plein_air,Handicaps.ThesOrdre,relation,Handicaps,ThesOrdre,Edm.Int32,True,False,0,0,0,0,6,all_feeds,declared_unobserved,unclassified,source-schemas/loisir_plein_air.json
loisir_plein_air,Handicaps.ThesPicto,relation,Handicaps,ThesPicto,Edm.String,True,False,0,0,0,0,6,all_feeds,declared_unobserved,unclassified,source-schemas/loisir_plein_air.json
loisir_plein_air,Labels.ID,relation,Labels,ID,Edm.Int64,True,True,14,14,0,100.0,6,all_feeds,observed_source,unclassified,source-schemas/loisir_plein_air.json
loisir_plein_air,Labels.Ordre,relation,Labels,Ordre,Edm.Int64,True,True,14,14,0,100.0,6,all_feeds,observed_source,unclassified,source-schemas/loisir_plein_air.json
loisir_plein_air,Labels.SyndicObjectId,relation,Labels,SyndicObjectId,Edm.String,True,True,14,14,0,100.0,6,all_feeds,observed_source,unclassified,source-schemas/loisir_plein_air.json
loisir_plein_air,LanguesParleess.ID,relation,LanguesParleess,ID,Edm.Int64,True,True,66,66,0,100.0,6,all_feeds,observed_source,unclassified,source-schemas/loisir_plein_air.json
loisir_plein_air,LanguesParleess.Ordre,relation,LanguesParleess,Ordre,Edm.Int64,True,True,66,66,0,100.0,6,all_feeds,observed_source,unclassified,source-schemas/loisir_plein_air.json
loisir_plein_air,LanguesParleess.SyndicObjectId,relation,LanguesParleess,SyndicObjectId,Edm.String,True,True,66,66,0,100.0,6,all_feeds,observed_source,unclassified,source-schemas/loisir_plein_air.json
loisir_plein_air,LanguesParleess.ThesCode,relation,LanguesParleess,ThesCode,Edm.String,True,True,66,66,0,100.0,6,all_feeds,observed_source,unclassified,source-schemas/loisir_plein_air.json
loisir_plein_air,LanguesParleess.ThesID,relation,LanguesParleess,ThesID,Edm.Guid,True,True,66,66,0,100.0,6,all_feeds,observed_source,unclassified,source-schemas/loisir_plein_air.json
loisir_plein_air,LanguesParleess.ThesLibelle,relation,LanguesParleess,ThesLibelle,Edm.String,True,True,66,66,0,100.0,6,all_feeds,observed_source,unclassified,source-schemas/loisir_plein_air.json
loisir_plein_air,LanguesParleess.ThesOrdre,relation,LanguesParleess,ThesOrdre,Edm.Int64,True,True,66,66,0,100.0,6,all_feeds,observed_source,unclassified,source-schemas/loisir_plein_air.json
loisir_plein_air,LanguesParleess.ThesPicto,relation,LanguesParleess,ThesPicto,Edm.String,True,True,66,0,66,0.0,6,all_feeds,observed_source,unclassified,source-schemas/loisir_plein_air.json
loisir_plein_air,Localisations.ID,relation,Localisations,ID,Edm.Int64,True,True,24,24,0,100.0,5,shared,observed_source,unclassified,source-schemas/loisir_plein_air.json
loisir_plein_air,Localisations.Ordre,relation,Localisations,Ordre,Edm.Int64,True,True,24,24,0,100.0,5,shared,observed_source,unclassified,source-schemas/loisir_plein_air.json
loisir_plein_air,Localisations.SyndicObjectId,relation,Localisations,SyndicObjectId,Edm.String,True,True,24,24,0,100.0,5,shared,observed_source,unclassified,source-schemas/loisir_plein_air.json
loisir_plein_air,Localisations.ThesCode,relation,Localisations,ThesCode,Edm.String,True,True,24,24,0,100.0,5,shared,observed_source,unclassified,source-schemas/loisir_plein_air.json
loisir_plein_air,Localisations.ThesID,relation,Localisations,ThesID,Edm.Guid,True,True,24,24,0,100.0,5,shared,observed_source,unclassified,source-schemas/loisir_plein_air.json
loisir_plein_air,Localisations.ThesLibelle,relation,Localisations,ThesLibelle,Edm.String,True,True,24,24,0,100.0,5,shared,observed_source,unclassified,source-schemas/loisir_plein_air.json
loisir_plein_air,Localisations.ThesOrdre,relation,Localisations,ThesOrdre,Edm.Int64,True,True,24,24,0,100.0,5,shared,observed_source,unclassified,source-schemas/loisir_plein_air.json
loisir_plein_air,Localisations.ThesPicto,relation,Localisations,ThesPicto,Edm.String,True,True,24,0,24,0.0,5,shared,observed_source,unclassified,source-schemas/loisir_plein_air.json
loisir_plein_air,Marques.ID,relation,Marques,ID,Edm.Int64,True,True,1,1,0,100.0,5,shared,observed_source,unclassified,source-schemas/loisir_plein_air.json
loisir_plein_air,Marques.Ordre,relation,Marques,Ordre,Edm.Int64,True,True,1,1,0,100.0,5,shared,observed_source,unclassified,source-schemas/loisir_plein_air.json
loisir_plein_air,Marques.SyndicObjectId,relation,Marques,SyndicObjectId,Edm.String,True,True,1,1,0,100.0,5,shared,observed_source,unclassified,source-schemas/loisir_plein_air.json
loisir_plein_air,Marques.ThesCode,relation,Marques,ThesCode,Edm.String,True,True,1,1,0,100.0,3,shared,observed_source,unclassified,source-schemas/loisir_plein_air.json
loisir_plein_air,Marques.ThesID,relation,Marques,ThesID,Edm.Guid,True,True,1,1,0,100.0,3,shared,observed_source,unclassified,source-schemas/loisir_plein_air.json
loisir_plein_air,Marques.ThesLibelle,relation,Marques,ThesLibelle,Edm.String,True,True,1,1,0,100.0,3,shared,observed_source,unclassified,source-schemas/loisir_plein_air.json
loisir_plein_air,Marques.ThesOrdre,relation,Marques,ThesOrdre,Edm.Int64,True,True,1,1,0,100.0,3,shared,observed_source,unclassified,source-schemas/loisir_plein_air.json
loisir_plein_air,Marques.ThesPicto,relation,Marques,ThesPicto,Edm.String,True,True,1,0,1,0.0,3,shared,observed_source,unclassified,source-schemas/loisir_plein_air.json
loisir_plein_air,ModesPaiements.ID,relation,ModesPaiements,ID,Edm.Int64,True,True,77,77,0,100.0,6,all_feeds,observed_source,unclassified,source-schemas/loisir_plein_air.json
loisir_plein_air,ModesPaiements.Ordre,relation,ModesPaiements,Ordre,Edm.Int64,True,True,77,77,0,100.0,6,all_feeds,observed_source,unclassified,source-schemas/loisir_plein_air.json
loisir_plein_air,ModesPaiements.SyndicObjectId,relation,ModesPaiements,SyndicObjectId,Edm.String,True,True,77,77,0,100.0,6,all_feeds,observed_source,unclassified,source-schemas/loisir_plein_air.json
loisir_plein_air,ModesPaiements.ThesCode,relation,ModesPaiements,ThesCode,Edm.String,True,True,77,77,0,100.0,6,all_feeds,observed_source,unclassified,source-schemas/loisir_plein_air.json
loisir_plein_air,ModesPaiements.ThesID,relation,ModesPaiements,ThesID,Edm.Guid,True,True,77,77,0,100.0,6,all_feeds,observed_source,unclassified,source-schemas/loisir_plein_air.json
loisir_plein_air,ModesPaiements.ThesLibelle,relation,ModesPaiements,ThesLibelle,Edm.String,True,True,77,77,0,100.0,6,all_feeds,observed_source,unclassified,source-schemas/loisir_plein_air.json
loisir_plein_air,ModesPaiements.ThesOrdre,relation,ModesPaiements,ThesOrdre,Edm.Int64,True,True,77,77,0,100.0,6,all_feeds,observed_source,unclassified,source-schemas/loisir_plein_air.json
loisir_plein_air,ModesPaiements.ThesPicto,relation,ModesPaiements,ThesPicto,Edm.String,True,True,77,0,77,0.0,6,all_feeds,observed_source,unclassified,source-schemas/loisir_plein_air.json
loisir_plein_air,moniteurcertifies.Expertaccrediteprestationliee,relation,moniteurcertifies,Expertaccrediteprestationliee,Edm.String,True,False,0,0,0,0,1,feed_specific,declared_unobserved,unclassified,source-schemas/loisir_plein_air.json
loisir_plein_air,moniteurcertifies.ID,relation,moniteurcertifies,ID,Edm.Int64,True,False,0,0,0,0,1,feed_specific,declared_unobserved,unclassified,source-schemas/loisir_plein_air.json
loisir_plein_air,moniteurcertifies.Ordre,relation,moniteurcertifies,Ordre,Edm.Int64,True,False,0,0,0,0,1,feed_specific,declared_unobserved,unclassified,source-schemas/loisir_plein_air.json
loisir_plein_air,moniteurcertifies.SyndicObjectId,relation,moniteurcertifies,SyndicObjectId,Edm.String,True,False,0,0,0,0,1,feed_specific,declared_unobserved,unclassified,source-schemas/loisir_plein_air.json
loisir_plein_air,Moyencommunications.Complementdinformations,relation,Moyencommunications,Complementdinformations,Edm.String,True,True,86,0,86,0.0,6,all_feeds,observed_source,unclassified,source-schemas/loisir_plein_air.json
loisir_plein_air,Moyencommunications.Coordonnees,relation,Moyencommunications,Coordonnees,Edm.String,True,True,86,86,0,100.0,6,all_feeds,observed_source,unclassified,source-schemas/loisir_plein_air.json
loisir_plein_air,Moyencommunications.ID,relation,Moyencommunications,ID,Edm.Int64,True,True,86,86,0,100.0,6,all_feeds,observed_source,unclassified,source-schemas/loisir_plein_air.json
loisir_plein_air,Moyencommunications.Moyendecommunication.ThesCode,relation,Moyencommunications,Moyendecommunication.ThesCode,Edm.String,True,True,86,86,0,100.0,6,all_feeds,observed_source,unclassified,source-schemas/loisir_plein_air.json
loisir_plein_air,Moyencommunications.Moyendecommunication.ThesID,relation,Moyencommunications,Moyendecommunication.ThesID,Edm.Guid,True,True,86,86,0,100.0,6,all_feeds,observed_source,unclassified,source-schemas/loisir_plein_air.json
loisir_plein_air,Moyencommunications.Moyendecommunication.ThesLibelle,relation,Moyencommunications,Moyendecommunication.ThesLibelle,Edm.String,True,True,86,86,0,100.0,6,all_feeds,observed_source,unclassified,source-schemas/loisir_plein_air.json
loisir_plein_air,Moyencommunications.Moyendecommunication.ThesOrdre,relation,Moyencommunications,Moyendecommunication.ThesOrdre,Edm.Int32,True,True,86,86,0,100.0,6,all_feeds,observed_source,unclassified,source-schemas/loisir_plein_air.json
loisir_plein_air,Moyencommunications.Moyendecommunication.ThesPicto,relation,Moyencommunications,Moyendecommunication.ThesPicto,Edm.String,True,True,86,0,86,0.0,6,all_feeds,observed_source,unclassified,source-schemas/loisir_plein_air.json
loisir_plein_air,Moyencommunications.Ordre,relation,Moyencommunications,Ordre,Edm.Int64,True,True,86,86,0,100.0,6,all_feeds,observed_source,unclassified,source-schemas/loisir_plein_air.json
loisir_plein_air,Moyencommunications.SyndicObjectId,relation,Moyencommunications,SyndicObjectId,Edm.String,True,True,86,86,0,100.0,6,all_feeds,observed_source,unclassified,source-schemas/loisir_plein_air.json
loisir_plein_air,Moyencommunications.Typedecoordonnees.ThesCode,relation,Moyencommunications,Typedecoordonnees.ThesCode,Edm.String,True,True,86,86,0,100.0,6,all_feeds,observed_source,unclassified,source-schemas/loisir_plein_air.json
loisir_plein_air,Moyencommunications.Typedecoordonnees.ThesID,relation,Moyencommunications,Typedecoordonnees.ThesID,Edm.Guid,True,True,86,86,0,100.0,6,all_feeds,observed_source,unclassified,source-schemas/loisir_plein_air.json
loisir_plein_air,Moyencommunications.Typedecoordonnees.ThesLibelle,relation,Moyencommunications,Typedecoordonnees.ThesLibelle,Edm.String,True,True,86,86,0,100.0,6,all_feeds,observed_source,unclassified,source-schemas/loisir_plein_air.json
loisir_plein_air,Moyencommunications.Typedecoordonnees.ThesOrdre,relation,Moyencommunications,Typedecoordonnees.ThesOrdre,Edm.Int32,True,True,86,86,0,100.0,6,all_feeds,observed_source,unclassified,source-schemas/loisir_plein_air.json
loisir_plein_air,Moyencommunications.Typedecoordonnees.ThesPicto,relation,Moyencommunications,Typedecoordonnees.ThesPicto,Edm.String,True,True,86,0,86,0.0,6,all_feeds,observed_source,unclassified,source-schemas/loisir_plein_air.json
loisir_plein_air,PeriodeOuvertures.Datedebut,relation,PeriodeOuvertures,Datedebut,Edm.DateTime,True,False,0,0,0,0,6,all_feeds,declared_unobserved,unclassified,source-schemas/loisir_plein_air.json
loisir_plein_air,PeriodeOuvertures.Datefin,relation,PeriodeOuvertures,Datefin,Edm.DateTime,True,False,0,0,0,0,6,all_feeds,declared_unobserved,unclassified,source-schemas/loisir_plein_air.json
loisir_plein_air,PeriodeOuvertures.dimancheheuredebut1,relation,PeriodeOuvertures,dimancheheuredebut1,Edm.Time,True,False,0,0,0,0,6,all_feeds,declared_unobserved,unclassified,source-schemas/loisir_plein_air.json
loisir_plein_air,PeriodeOuvertures.dimancheheuredebut2,relation,PeriodeOuvertures,dimancheheuredebut2,Edm.Time,True,False,0,0,0,0,6,all_feeds,declared_unobserved,unclassified,source-schemas/loisir_plein_air.json
loisir_plein_air,PeriodeOuvertures.dimancheheurefin1,relation,PeriodeOuvertures,dimancheheurefin1,Edm.Time,True,False,0,0,0,0,6,all_feeds,declared_unobserved,unclassified,source-schemas/loisir_plein_air.json
loisir_plein_air,PeriodeOuvertures.dimancheheurefin2,relation,PeriodeOuvertures,dimancheheurefin2,Edm.Time,True,False,0,0,0,0,6,all_feeds,declared_unobserved,unclassified,source-schemas/loisir_plein_air.json
loisir_plein_air,PeriodeOuvertures.heuredebut1,relation,PeriodeOuvertures,heuredebut1,Edm.Time,True,False,0,0,0,0,6,all_feeds,declared_unobserved,unclassified,source-schemas/loisir_plein_air.json
loisir_plein_air,PeriodeOuvertures.heuredebut2,relation,PeriodeOuvertures,heuredebut2,Edm.Time,True,False,0,0,0,0,6,all_feeds,declared_unobserved,unclassified,source-schemas/loisir_plein_air.json
loisir_plein_air,PeriodeOuvertures.heurefin1,relation,PeriodeOuvertures,heurefin1,Edm.Time,True,False,0,0,0,0,6,all_feeds,declared_unobserved,unclassified,source-schemas/loisir_plein_air.json
loisir_plein_air,PeriodeOuvertures.heurefin2,relation,PeriodeOuvertures,heurefin2,Edm.Time,True,False,0,0,0,0,6,all_feeds,declared_unobserved,unclassified,source-schemas/loisir_plein_air.json
loisir_plein_air,PeriodeOuvertures.ID,relation,PeriodeOuvertures,ID,Edm.Int64,True,False,0,0,0,0,6,all_feeds,declared_unobserved,unclassified,source-schemas/loisir_plein_air.json
loisir_plein_air,PeriodeOuvertures.jeudiheuredebut1,relation,PeriodeOuvertures,jeudiheuredebut1,Edm.Time,True,False,0,0,0,0,6,all_feeds,declared_unobserved,unclassified,source-schemas/loisir_plein_air.json
loisir_plein_air,PeriodeOuvertures.jeudiheuredebut2,relation,PeriodeOuvertures,jeudiheuredebut2,Edm.Time,True,False,0,0,0,0,6,all_feeds,declared_unobserved,unclassified,source-schemas/loisir_plein_air.json
loisir_plein_air,PeriodeOuvertures.jeudiheurefin1,relation,PeriodeOuvertures,jeudiheurefin1,Edm.Time,True,False,0,0,0,0,6,all_feeds,declared_unobserved,unclassified,source-schemas/loisir_plein_air.json
loisir_plein_air,PeriodeOuvertures.jeudiheurefin2,relation,PeriodeOuvertures,jeudiheurefin2,Edm.Time,True,False,0,0,0,0,6,all_feeds,declared_unobserved,unclassified,source-schemas/loisir_plein_air.json
loisir_plein_air,PeriodeOuvertures.lundiheuredebut1,relation,PeriodeOuvertures,lundiheuredebut1,Edm.Time,True,False,0,0,0,0,6,all_feeds,declared_unobserved,unclassified,source-schemas/loisir_plein_air.json
loisir_plein_air,PeriodeOuvertures.lundiheuredebut2,relation,PeriodeOuvertures,lundiheuredebut2,Edm.Time,True,False,0,0,0,0,6,all_feeds,declared_unobserved,unclassified,source-schemas/loisir_plein_air.json
loisir_plein_air,PeriodeOuvertures.lundiheurefin1,relation,PeriodeOuvertures,lundiheurefin1,Edm.Time,True,False,0,0,0,0,6,all_feeds,declared_unobserved,unclassified,source-schemas/loisir_plein_air.json
loisir_plein_air,PeriodeOuvertures.lundiheurefin2,relation,PeriodeOuvertures,lundiheurefin2,Edm.Time,True,False,0,0,0,0,6,all_feeds,declared_unobserved,unclassified,source-schemas/loisir_plein_air.json
loisir_plein_air,PeriodeOuvertures.mardiheuredebut1,relation,PeriodeOuvertures,mardiheuredebut1,Edm.Time,True,False,0,0,0,0,6,all_feeds,declared_unobserved,unclassified,source-schemas/loisir_plein_air.json
loisir_plein_air,PeriodeOuvertures.mardiheuredebut2,relation,PeriodeOuvertures,mardiheuredebut2,Edm.Time,True,False,0,0,0,0,6,all_feeds,declared_unobserved,unclassified,source-schemas/loisir_plein_air.json
loisir_plein_air,PeriodeOuvertures.mardiheurefin1,relation,PeriodeOuvertures,mardiheurefin1,Edm.Time,True,False,0,0,0,0,6,all_feeds,declared_unobserved,unclassified,source-schemas/loisir_plein_air.json
loisir_plein_air,PeriodeOuvertures.mardiheurefin2,relation,PeriodeOuvertures,mardiheurefin2,Edm.Time,True,False,0,0,0,0,6,all_feeds,declared_unobserved,unclassified,source-schemas/loisir_plein_air.json
loisir_plein_air,PeriodeOuvertures.mercrediheuredebut1,relation,PeriodeOuvertures,mercrediheuredebut1,Edm.Time,True,False,0,0,0,0,6,all_feeds,declared_unobserved,unclassified,source-schemas/loisir_plein_air.json
loisir_plein_air,PeriodeOuvertures.mercrediheuredebut2,relation,PeriodeOuvertures,mercrediheuredebut2,Edm.Time,True,False,0,0,0,0,6,all_feeds,declared_unobserved,unclassified,source-schemas/loisir_plein_air.json
loisir_plein_air,PeriodeOuvertures.mercrediheurefin1,relation,PeriodeOuvertures,mercrediheurefin1,Edm.Time,True,False,0,0,0,0,6,all_feeds,declared_unobserved,unclassified,source-schemas/loisir_plein_air.json
loisir_plein_air,PeriodeOuvertures.mercrediheurefin2,relation,PeriodeOuvertures,mercrediheurefin2,Edm.Time,True,False,0,0,0,0,6,all_feeds,declared_unobserved,unclassified,source-schemas/loisir_plein_air.json
loisir_plein_air,PeriodeOuvertures.Ordre,relation,PeriodeOuvertures,Ordre,Edm.Int64,True,False,0,0,0,0,6,all_feeds,declared_unobserved,unclassified,source-schemas/loisir_plein_air.json
loisir_plein_air,PeriodeOuvertures.Precisionssurlesfermetures,relation,PeriodeOuvertures,Precisionssurlesfermetures,Edm.String,True,False,0,0,0,0,6,all_feeds,declared_unobserved,unclassified,source-schemas/loisir_plein_air.json
loisir_plein_air,PeriodeOuvertures.Precisionssurlesouvertures,relation,PeriodeOuvertures,Precisionssurlesouvertures,Edm.String,True,False,0,0,0,0,6,all_feeds,declared_unobserved,unclassified,source-schemas/loisir_plein_air.json
loisir_plein_air,PeriodeOuvertures.samediheuredebut1,relation,PeriodeOuvertures,samediheuredebut1,Edm.Time,True,False,0,0,0,0,6,all_feeds,declared_unobserved,unclassified,source-schemas/loisir_plein_air.json
loisir_plein_air,PeriodeOuvertures.samediheuredebut2,relation,PeriodeOuvertures,samediheuredebut2,Edm.Time,True,False,0,0,0,0,6,all_feeds,declared_unobserved,unclassified,source-schemas/loisir_plein_air.json
loisir_plein_air,PeriodeOuvertures.samediheurefin1,relation,PeriodeOuvertures,samediheurefin1,Edm.Time,True,False,0,0,0,0,6,all_feeds,declared_unobserved,unclassified,source-schemas/loisir_plein_air.json
loisir_plein_air,PeriodeOuvertures.samediheurefin2,relation,PeriodeOuvertures,samediheurefin2,Edm.Time,True,False,0,0,0,0,6,all_feeds,declared_unobserved,unclassified,source-schemas/loisir_plein_air.json
loisir_plein_air,PeriodeOuvertures.SyndicObjectId,relation,PeriodeOuvertures,SyndicObjectId,Edm.String,True,False,0,0,0,0,6,all_feeds,declared_unobserved,unclassified,source-schemas/loisir_plein_air.json
loisir_plein_air,PeriodeOuvertures.vendrediheuredebut1,relation,PeriodeOuvertures,vendrediheuredebut1,Edm.Time,True,False,0,0,0,0,6,all_feeds,declared_unobserved,unclassified,source-schemas/loisir_plein_air.json
loisir_plein_air,PeriodeOuvertures.vendrediheuredebut2,relation,PeriodeOuvertures,vendrediheuredebut2,Edm.Time,True,False,0,0,0,0,6,all_feeds,declared_unobserved,unclassified,source-schemas/loisir_plein_air.json
loisir_plein_air,PeriodeOuvertures.vendrediheurefin1,relation,PeriodeOuvertures,vendrediheurefin1,Edm.Time,True,False,0,0,0,0,6,all_feeds,declared_unobserved,unclassified,source-schemas/loisir_plein_air.json
loisir_plein_air,PeriodeOuvertures.vendrediheurefin2,relation,PeriodeOuvertures,vendrediheurefin2,Edm.Time,True,False,0,0,0,0,6,all_feeds,declared_unobserved,unclassified,source-schemas/loisir_plein_air.json
loisir_plein_air,Photos.Datedefindutilisation,relation,Photos,Datedefindutilisation,Edm.DateTime,True,True,195,0,195,0.0,6,all_feeds,observed_source,unclassified,source-schemas/loisir_plein_air.json
loisir_plein_air,Photos.ID,relation,Photos,ID,Edm.Int64,True,True,195,195,0,100.0,6,all_feeds,observed_source,unclassified,source-schemas/loisir_plein_air.json
loisir_plein_air,Photos.Licencecreativecommons,relation,Photos,Licencecreativecommons,Edm.Boolean,True,True,195,0,195,0.0,6,all_feeds,observed_source,unclassified,source-schemas/loisir_plein_air.json
loisir_plein_air,Photos.Ordre,relation,Photos,Ordre,Edm.Int64,True,True,195,195,0,100.0,6,all_feeds,observed_source,unclassified,source-schemas/loisir_plein_air.json
loisir_plein_air,Photos.Photo.Credit,relation,Photos,Photo.Credit,Edm.String,True,True,195,195,0,100.0,6,all_feeds,observed_source,unclassified,source-schemas/loisir_plein_air.json
loisir_plein_air,Photos.Photo.MediaID,relation,Photos,Photo.MediaID,Edm.Guid,True,True,195,195,0,100.0,6,all_feeds,observed_source,unclassified,source-schemas/loisir_plein_air.json
loisir_plein_air,Photos.Photo.Titre,relation,Photos,Photo.Titre,Edm.String,True,True,195,195,0,100.0,6,all_feeds,observed_source,unclassified,source-schemas/loisir_plein_air.json
loisir_plein_air,Photos.Photo.Url,relation,Photos,Photo.Url,Edm.String,True,True,195,195,0,100.0,6,all_feeds,observed_source,unclassified,source-schemas/loisir_plein_air.json
loisir_plein_air,Photos.SyndicObjectId,relation,Photos,SyndicObjectId,Edm.String,True,True,195,195,0,100.0,6,all_feeds,observed_source,unclassified,source-schemas/loisir_plein_air.json
loisir_plein_air,PrestationProximites.ID,relation,PrestationProximites,ID,Edm.Int64,True,True,45,45,0,100.0,6,all_feeds,observed_source,unclassified,source-schemas/loisir_plein_air.json
loisir_plein_air,PrestationProximites.Ordre,relation,PrestationProximites,Ordre,Edm.Int64,True,True,45,45,0,100.0,6,all_feeds,observed_source,unclassified,source-schemas/loisir_plein_air.json
loisir_plein_air,PrestationProximites.SyndicObjectId,relation,PrestationProximites,SyndicObjectId,Edm.String,True,True,45,45,0,100.0,6,all_feeds,observed_source,unclassified,source-schemas/loisir_plein_air.json
loisir_plein_air,PrestationProximites.ThesCode,relation,PrestationProximites,ThesCode,Edm.String,True,True,45,45,0,100.0,6,all_feeds,observed_source,unclassified,source-schemas/loisir_plein_air.json
loisir_plein_air,PrestationProximites.ThesID,relation,PrestationProximites,ThesID,Edm.Guid,True,True,45,45,0,100.0,6,all_feeds,observed_source,unclassified,source-schemas/loisir_plein_air.json
loisir_plein_air,PrestationProximites.ThesLibelle,relation,PrestationProximites,ThesLibelle,Edm.String,True,True,45,45,0,100.0,6,all_feeds,observed_source,unclassified,source-schemas/loisir_plein_air.json
loisir_plein_air,PrestationProximites.ThesOrdre,relation,PrestationProximites,ThesOrdre,Edm.Int64,True,True,45,45,0,100.0,6,all_feeds,observed_source,unclassified,source-schemas/loisir_plein_air.json
loisir_plein_air,PrestationProximites.ThesPicto,relation,PrestationProximites,ThesPicto,Edm.String,True,True,45,0,45,0.0,6,all_feeds,observed_source,unclassified,source-schemas/loisir_plein_air.json
loisir_plein_air,PrestationsActivites.ID,relation,PrestationsActivites,ID,Edm.Int64,True,False,0,0,0,0,5,shared,declared_unobserved,unclassified,source-schemas/loisir_plein_air.json
loisir_plein_air,PrestationsActivites.Ordre,relation,PrestationsActivites,Ordre,Edm.Int64,True,False,0,0,0,0,5,shared,declared_unobserved,unclassified,source-schemas/loisir_plein_air.json
loisir_plein_air,PrestationsActivites.SyndicObjectId,relation,PrestationsActivites,SyndicObjectId,Edm.String,True,False,0,0,0,0,5,shared,declared_unobserved,unclassified,source-schemas/loisir_plein_air.json
loisir_plein_air,PrestationsActivites.ThesCode,relation,PrestationsActivites,ThesCode,Edm.String,True,False,0,0,0,0,5,shared,declared_unobserved,unclassified,source-schemas/loisir_plein_air.json
loisir_plein_air,PrestationsActivites.ThesID,relation,PrestationsActivites,ThesID,Edm.Guid,True,False,0,0,0,0,5,shared,declared_unobserved,unclassified,source-schemas/loisir_plein_air.json
loisir_plein_air,PrestationsActivites.ThesLibelle,relation,PrestationsActivites,ThesLibelle,Edm.String,True,False,0,0,0,0,5,shared,declared_unobserved,unclassified,source-schemas/loisir_plein_air.json
loisir_plein_air,PrestationsActivites.ThesOrdre,relation,PrestationsActivites,ThesOrdre,Edm.Int32,True,False,0,0,0,0,5,shared,declared_unobserved,unclassified,source-schemas/loisir_plein_air.json
loisir_plein_air,PrestationsActivites.ThesPicto,relation,PrestationsActivites,ThesPicto,Edm.String,True,False,0,0,0,0,5,shared,declared_unobserved,unclassified,source-schemas/loisir_plein_air.json
loisir_plein_air,PrestationsEquipementss.ID,relation,PrestationsEquipementss,ID,Edm.Int64,True,True,25,25,0,100.0,6,all_feeds,observed_source,unclassified,source-schemas/loisir_plein_air.json
loisir_plein_air,PrestationsEquipementss.Ordre,relation,PrestationsEquipementss,Ordre,Edm.Int64,True,True,25,25,0,100.0,6,all_feeds,observed_source,unclassified,source-schemas/loisir_plein_air.json
loisir_plein_air,PrestationsEquipementss.SyndicObjectId,relation,PrestationsEquipementss,SyndicObjectId,Edm.String,True,True,25,25,0,100.0,6,all_feeds,observed_source,unclassified,source-schemas/loisir_plein_air.json
loisir_plein_air,PrestationsEquipementss.ThesCode,relation,PrestationsEquipementss,ThesCode,Edm.String,True,True,25,25,0,100.0,6,all_feeds,observed_source,unclassified,source-schemas/loisir_plein_air.json
loisir_plein_air,PrestationsEquipementss.ThesID,relation,PrestationsEquipementss,ThesID,Edm.Guid,True,True,25,25,0,100.0,6,all_feeds,observed_source,unclassified,source-schemas/loisir_plein_air.json
loisir_plein_air,PrestationsEquipementss.ThesLibelle,relation,PrestationsEquipementss,ThesLibelle,Edm.String,True,True,25,25,0,100.0,6,all_feeds,observed_source,unclassified,source-schemas/loisir_plein_air.json
loisir_plein_air,PrestationsEquipementss.ThesOrdre,relation,PrestationsEquipementss,ThesOrdre,Edm.Int64,True,True,25,25,0,100.0,6,all_feeds,observed_source,unclassified,source-schemas/loisir_plein_air.json
loisir_plein_air,PrestationsEquipementss.ThesPicto,relation,PrestationsEquipementss,ThesPicto,Edm.String,True,True,25,0,25,0.0,6,all_feeds,observed_source,unclassified,source-schemas/loisir_plein_air.json
loisir_plein_air,Reservations.ID,relation,Reservations,ID,Edm.Int64,True,True,5,5,0,100.0,5,shared,observed_source,unclassified,source-schemas/loisir_plein_air.json
loisir_plein_air,Reservations.Lien,relation,Reservations,Lien,Edm.String,True,True,5,4,1,80.0,5,shared,observed_source,unclassified,source-schemas/loisir_plein_air.json
loisir_plein_air,Reservations.Listeplateforme.ThesCode,relation,Reservations,Listeplateforme.ThesCode,Edm.String,True,True,5,5,0,100.0,5,shared,observed_source,unclassified,source-schemas/loisir_plein_air.json
loisir_plein_air,Reservations.Listeplateforme.ThesID,relation,Reservations,Listeplateforme.ThesID,Edm.Guid,True,True,5,5,0,100.0,5,shared,observed_source,unclassified,source-schemas/loisir_plein_air.json
loisir_plein_air,Reservations.Listeplateforme.ThesLibelle,relation,Reservations,Listeplateforme.ThesLibelle,Edm.String,True,True,5,5,0,100.0,5,shared,observed_source,unclassified,source-schemas/loisir_plein_air.json
loisir_plein_air,Reservations.Listeplateforme.ThesOrdre,relation,Reservations,Listeplateforme.ThesOrdre,Edm.Int32,True,True,5,5,0,100.0,5,shared,observed_source,unclassified,source-schemas/loisir_plein_air.json
loisir_plein_air,Reservations.Listeplateforme.ThesPicto,relation,Reservations,Listeplateforme.ThesPicto,Edm.String,True,True,5,0,5,0.0,5,shared,observed_source,unclassified,source-schemas/loisir_plein_air.json
loisir_plein_air,Reservations.Ordre,relation,Reservations,Ordre,Edm.Int64,True,True,5,5,0,100.0,5,shared,observed_source,unclassified,source-schemas/loisir_plein_air.json
loisir_plein_air,Reservations.SyndicObjectId,relation,Reservations,SyndicObjectId,Edm.String,True,True,5,5,0,100.0,5,shared,observed_source,unclassified,source-schemas/loisir_plein_air.json
loisir_plein_air,Structure.Address1,relation,Structure,Address1,Edm.String,True,True,28,28,0,100.0,6,all_feeds,observed_source,unclassified,source-schemas/loisir_plein_air.json
loisir_plein_air,Structure.Address2,relation,Structure,Address2,Edm.String,True,True,28,0,28,0.0,6,all_feeds,observed_source,unclassified,source-schemas/loisir_plein_air.json
loisir_plein_air,Structure.Address3,relation,Structure,Address3,Edm.String,True,True,28,0,28,0.0,6,all_feeds,observed_source,unclassified,source-schemas/loisir_plein_air.json
loisir_plein_air,Structure.City,relation,Structure,City,Edm.String,True,True,28,28,0,100.0,6,all_feeds,observed_source,unclassified,source-schemas/loisir_plein_air.json
loisir_plein_air,Structure.Country,relation,Structure,Country,Edm.String,True,True,28,0,28,0.0,6,all_feeds,observed_source,unclassified,source-schemas/loisir_plein_air.json
loisir_plein_air,Structure.Email,relation,Structure,Email,Edm.String,True,True,28,28,0,100.0,6,all_feeds,observed_source,unclassified,source-schemas/loisir_plein_air.json
loisir_plein_air,Structure.EmailName,relation,Structure,EmailName,Edm.String,True,True,28,0,28,0.0,6,all_feeds,observed_source,unclassified,source-schemas/loisir_plein_air.json
loisir_plein_air,Structure.Name,relation,Structure,Name,Edm.String,True,True,28,28,0,100.0,6,all_feeds,observed_source,unclassified,source-schemas/loisir_plein_air.json
loisir_plein_air,Structure.Phone,relation,Structure,Phone,Edm.String,True,True,28,0,28,0.0,6,all_feeds,observed_source,unclassified,source-schemas/loisir_plein_air.json
loisir_plein_air,Structure.Postcode,relation,Structure,Postcode,Edm.String,True,True,28,28,0,100.0,6,all_feeds,observed_source,unclassified,source-schemas/loisir_plein_air.json
loisir_plein_air,Structure.SyndicStructureId,relation,Structure,SyndicStructureId,Edm.Guid,True,True,28,28,0,100.0,6,all_feeds,observed_source,unclassified,source-schemas/loisir_plein_air.json
loisir_plein_air,Structure.Url,relation,Structure,Url,Edm.String,True,True,28,0,28,0.0,6,all_feeds,observed_source,unclassified,source-schemas/loisir_plein_air.json
loisir_plein_air,Tarifs.Capacites,relation,Tarifs,Capacites,Edm.Double,True,True,23,0,23,0.0,2,shared,observed_source,unclassified,source-schemas/loisir_plein_air.json
loisir_plein_air,Tarifs.complementtarifs,relation,Tarifs,complementtarifs,Edm.String,True,True,23,1,22,4.3,5,shared,observed_source,unclassified,source-schemas/loisir_plein_air.json
loisir_plein_air,Tarifs.Datedebutaffichage,relation,Tarifs,Datedebutaffichage,Edm.DateTime,True,True,23,21,2,91.3,5,shared,observed_source,unclassified,source-schemas/loisir_plein_air.json
loisir_plein_air,Tarifs.Datedebutvalidite,relation,Tarifs,Datedebutvalidite,Edm.DateTime,True,True,23,0,23,0.0,5,shared,observed_source,unclassified,source-schemas/loisir_plein_air.json
loisir_plein_air,Tarifs.Datefinaffichage,relation,Tarifs,Datefinaffichage,Edm.DateTime,True,True,23,0,23,0.0,5,shared,observed_source,unclassified,source-schemas/loisir_plein_air.json
loisir_plein_air,Tarifs.Datefinvalidite,relation,Tarifs,Datefinvalidite,Edm.DateTime,True,True,23,0,23,0.0,5,shared,observed_source,unclassified,source-schemas/loisir_plein_air.json
loisir_plein_air,Tarifs.ID,relation,Tarifs,ID,Edm.Int64,True,True,23,23,0,100.0,5,shared,observed_source,unclassified,source-schemas/loisir_plein_air.json
loisir_plein_air,Tarifs.IntituleTarifs,relation,Tarifs,IntituleTarifs,TourInSoft.V5.Syndication.Syndication_FSLOISIRPLEINAIROTISud_31DBCC3F13FB4F7F83F097C9AA2C5DC1.ListeComplexType,False,True,2,0,2,0.0,5,shared,observed_source,unclassified,source-schemas/loisir_plein_air.json
loisir_plein_air,Tarifs.IntituleTarifs.ThesCode,relation,Tarifs,IntituleTarifs.ThesCode,Edm.String,True,True,21,21,0,100.0,5,shared,observed_source,unclassified,source-schemas/loisir_plein_air.json
loisir_plein_air,Tarifs.IntituleTarifs.ThesID,relation,Tarifs,IntituleTarifs.ThesID,Edm.Guid,True,True,21,21,0,100.0,5,shared,observed_source,unclassified,source-schemas/loisir_plein_air.json
loisir_plein_air,Tarifs.IntituleTarifs.ThesLibelle,relation,Tarifs,IntituleTarifs.ThesLibelle,Edm.String,True,True,21,21,0,100.0,5,shared,observed_source,unclassified,source-schemas/loisir_plein_air.json
loisir_plein_air,Tarifs.IntituleTarifs.ThesOrdre,relation,Tarifs,IntituleTarifs.ThesOrdre,Edm.Int32,True,True,21,21,0,100.0,5,shared,observed_source,unclassified,source-schemas/loisir_plein_air.json
loisir_plein_air,Tarifs.IntituleTarifs.ThesPicto,relation,Tarifs,IntituleTarifs.ThesPicto,Edm.String,True,True,21,0,21,0.0,5,shared,observed_source,unclassified,source-schemas/loisir_plein_air.json
loisir_plein_air,Tarifs.MaximumEuro,relation,Tarifs,MaximumEuro,Edm.Decimal,True,True,23,20,3,87.0,5,shared,observed_source,unclassified,source-schemas/loisir_plein_air.json
loisir_plein_air,Tarifs.MinimumEuro,relation,Tarifs,MinimumEuro,Edm.Decimal,True,True,23,23,0,100.0,5,shared,observed_source,unclassified,source-schemas/loisir_plein_air.json
loisir_plein_air,Tarifs.Nom,relation,Tarifs,Nom,Edm.String,True,True,23,18,5,78.3,3,shared,observed_source,unclassified,source-schemas/loisir_plein_air.json
loisir_plein_air,Tarifs.Ordre,relation,Tarifs,Ordre,Edm.Int64,True,True,23,23,0,100.0,5,shared,observed_source,unclassified,source-schemas/loisir_plein_air.json
loisir_plein_air,Tarifs.Saisonnalite,relation,Tarifs,Saisonnalite,TourInSoft.V5.Syndication.Syndication_FSLOISIRPLEINAIROTISud_31DBCC3F13FB4F7F83F097C9AA2C5DC1.ListeComplexType,False,True,23,0,23,0.0,5,shared,observed_source,unclassified,source-schemas/loisir_plein_air.json
loisir_plein_air,Tarifs.Saisonnalite.ThesCode,relation,Tarifs,Saisonnalite.ThesCode,Edm.String,True,False,0,0,0,0,5,shared,declared_unobserved,unclassified,source-schemas/loisir_plein_air.json
loisir_plein_air,Tarifs.Saisonnalite.ThesID,relation,Tarifs,Saisonnalite.ThesID,Edm.Guid,True,False,0,0,0,0,5,shared,declared_unobserved,unclassified,source-schemas/loisir_plein_air.json
loisir_plein_air,Tarifs.Saisonnalite.ThesLibelle,relation,Tarifs,Saisonnalite.ThesLibelle,Edm.String,True,False,0,0,0,0,5,shared,declared_unobserved,unclassified,source-schemas/loisir_plein_air.json
loisir_plein_air,Tarifs.Saisonnalite.ThesOrdre,relation,Tarifs,Saisonnalite.ThesOrdre,Edm.Int32,True,False,0,0,0,0,5,shared,declared_unobserved,unclassified,source-schemas/loisir_plein_air.json
loisir_plein_air,Tarifs.Saisonnalite.ThesPicto,relation,Tarifs,Saisonnalite.ThesPicto,Edm.String,True,False,0,0,0,0,5,shared,declared_unobserved,unclassified,source-schemas/loisir_plein_air.json
loisir_plein_air,Tarifs.SyndicObjectId,relation,Tarifs,SyndicObjectId,Edm.String,True,True,23,23,0,100.0,5,shared,observed_source,unclassified,source-schemas/loisir_plein_air.json
loisir_plein_air,Thematiques.ID,relation,Thematiques,ID,Edm.Int64,True,True,30,30,0,100.0,6,all_feeds,observed_source,unclassified,source-schemas/loisir_plein_air.json
loisir_plein_air,Thematiques.Ordre,relation,Thematiques,Ordre,Edm.Int64,True,True,30,30,0,100.0,6,all_feeds,observed_source,unclassified,source-schemas/loisir_plein_air.json
loisir_plein_air,Thematiques.SyndicObjectId,relation,Thematiques,SyndicObjectId,Edm.String,True,True,30,30,0,100.0,6,all_feeds,observed_source,unclassified,source-schemas/loisir_plein_air.json
loisir_plein_air,Thematiques.ThesCode,relation,Thematiques,ThesCode,Edm.String,True,True,30,30,0,100.0,6,all_feeds,observed_source,unclassified,source-schemas/loisir_plein_air.json
loisir_plein_air,Thematiques.ThesID,relation,Thematiques,ThesID,Edm.Guid,True,True,30,30,0,100.0,6,all_feeds,observed_source,unclassified,source-schemas/loisir_plein_air.json
loisir_plein_air,Thematiques.ThesLibelle,relation,Thematiques,ThesLibelle,Edm.String,True,True,30,30,0,100.0,6,all_feeds,observed_source,unclassified,source-schemas/loisir_plein_air.json
loisir_plein_air,Thematiques.ThesOrdre,relation,Thematiques,ThesOrdre,Edm.Int64,True,True,30,30,0,100.0,6,all_feeds,observed_source,unclassified,source-schemas/loisir_plein_air.json
loisir_plein_air,Thematiques.ThesPicto,relation,Thematiques,ThesPicto,Edm.String,True,True,30,0,30,0.0,6,all_feeds,observed_source,unclassified,source-schemas/loisir_plein_air.json
loisir_plein_air,TisTracking.CodeOffre,relation,TisTracking,CodeOffre,Edm.String,True,True,28,28,0,100.0,6,all_feeds,observed_source,unclassified,source-schemas/loisir_plein_air.json
loisir_plein_air,TisTracking.CodeStructure,relation,TisTracking,CodeStructure,Edm.String,True,True,28,28,0,100.0,6,all_feeds,observed_source,unclassified,source-schemas/loisir_plein_air.json
loisir_plein_air,TisTracking.CodeSyndication,relation,TisTracking,CodeSyndication,Edm.String,True,True,28,28,0,100.0,6,all_feeds,observed_source,unclassified,source-schemas/loisir_plein_air.json
loisir_plein_air,TisTracking.SyndicObjectId,relation,TisTracking,SyndicObjectId,Edm.String,True,True,28,28,0,100.0,6,all_feeds,observed_source,unclassified,source-schemas/loisir_plein_air.json
loisir_plein_air,Videos.ID,relation,Videos,ID,Edm.Int64,True,False,0,0,0,0,6,all_feeds,declared_unobserved,unclassified,source-schemas/loisir_plein_air.json
loisir_plein_air,Videos.IntegrerlavideosursonsitecopiercollerdeObjetouembedYoutubeouDailymotion,relation,Videos,IntegrerlavideosursonsitecopiercollerdeObjetouembedYoutubeouDailymotion,Edm.String,True,False,0,0,0,0,6,all_feeds,declared_unobserved,unclassified,source-schemas/loisir_plein_air.json
loisir_plein_air,Videos.Licencecreativecommons,relation,Videos,Licencecreativecommons,Edm.Boolean,True,False,0,0,0,0,6,all_feeds,declared_unobserved,unclassified,source-schemas/loisir_plein_air.json
loisir_plein_air,Videos.Ordre,relation,Videos,Ordre,Edm.Int64,True,False,0,0,0,0,6,all_feeds,declared_unobserved,unclassified,source-schemas/loisir_plein_air.json
loisir_plein_air,Videos.SyndicObjectId,relation,Videos,SyndicObjectId,Edm.String,True,False,0,0,0,0,6,all_feeds,declared_unobserved,unclassified,source-schemas/loisir_plein_air.json
loisir_plein_air,Videos.URLvideo,relation,Videos,URLvideo,Edm.String,True,False,0,0,0,0,6,all_feeds,declared_unobserved,unclassified,source-schemas/loisir_plein_air.json
restauration,object.AccessibilitePMR,object,,AccessibilitePMR,Edm.Boolean,True,True,100,100,0,100.0,1,feed_specific,observed_source,unclassified,source-schemas/restauration.json
restauration,object.Adresse1,object,,Adresse1,Edm.String,True,True,100,100,0,100.0,6,all_feeds,observed_source,unclassified,source-schemas/restauration.json
restauration,object.Adresse2,object,,Adresse2,Edm.String,True,True,100,1,99,1.0,6,all_feeds,observed_source,unclassified,source-schemas/restauration.json
restauration,object.Adresse3,object,,Adresse3,Edm.String,True,True,100,0,100,0.0,6,all_feeds,observed_source,unclassified,source-schemas/restauration.json
restauration,object.Bureau.ThesCode,object,,Bureau.ThesCode,Edm.String,True,True,100,100,0,100.0,6,all_feeds,observed_source,unclassified,source-schemas/restauration.json
restauration,object.Bureau.ThesID,object,,Bureau.ThesID,Edm.Guid,True,True,100,100,0,100.0,6,all_feeds,observed_source,unclassified,source-schemas/restauration.json
restauration,object.Bureau.ThesLibelle,object,,Bureau.ThesLibelle,Edm.String,True,True,100,100,0,100.0,6,all_feeds,observed_source,unclassified,source-schemas/restauration.json
restauration,object.Bureau.ThesOrdre,object,,Bureau.ThesOrdre,Edm.Int32,True,True,100,100,0,100.0,6,all_feeds,observed_source,unclassified,source-schemas/restauration.json
restauration,object.Bureau.ThesPicto,object,,Bureau.ThesPicto,Edm.String,True,True,100,0,100,0.0,6,all_feeds,observed_source,unclassified,source-schemas/restauration.json
restauration,object.ClassificationType.ThesCode,object,,ClassificationType.ThesCode,Edm.String,True,True,100,100,0,100.0,6,all_feeds,observed_source,unclassified,source-schemas/restauration.json
restauration,object.ClassificationType.ThesID,object,,ClassificationType.ThesID,Edm.Guid,True,True,100,100,0,100.0,6,all_feeds,observed_source,unclassified,source-schemas/restauration.json
restauration,object.ClassificationType.ThesLibelle,object,,ClassificationType.ThesLibelle,Edm.String,True,True,100,100,0,100.0,6,all_feeds,observed_source,unclassified,source-schemas/restauration.json
restauration,object.ClassificationType.ThesOrdre,object,,ClassificationType.ThesOrdre,Edm.Int32,True,True,100,100,0,100.0,6,all_feeds,observed_source,unclassified,source-schemas/restauration.json
restauration,object.ClassificationType.ThesPicto,object,,ClassificationType.ThesPicto,Edm.String,True,True,100,0,100,0.0,6,all_feeds,observed_source,unclassified,source-schemas/restauration.json
restauration,object.CodeINSEE,object,,CodeINSEE,Edm.String,True,True,100,100,0,100.0,6,all_feeds,observed_source,unclassified,source-schemas/restauration.json
restauration,object.CodePostal,object,,CodePostal,Edm.String,True,True,100,100,0,100.0,6,all_feeds,observed_source,unclassified,source-schemas/restauration.json
restauration,object.Commune,object,,Commune,Edm.String,True,True,100,100,0,100.0,6,all_feeds,observed_source,unclassified,source-schemas/restauration.json
restauration,object.EnLigne,object,,EnLigne,Edm.Boolean,True,True,100,98,2,98.0,2,shared,observed_source,unclassified,source-schemas/restauration.json
restauration,object.GmapLatitude,object,,GmapLatitude,Edm.String,True,True,100,99,1,99.0,6,all_feeds,observed_source,unclassified,source-schemas/restauration.json
restauration,object.GmapLongitude,object,,GmapLongitude,Edm.String,True,True,100,99,1,99.0,6,all_feeds,observed_source,unclassified,source-schemas/restauration.json
restauration,object.IdentifiantSoubik,object,,IdentifiantSoubik,Edm.String,True,True,100,99,1,99.0,6,all_feeds,observed_source,unclassified,source-schemas/restauration.json
restauration,object.Lieudit,object,,Lieudit,TourInSoft.V5.Syndication.Syndication_FSRestaurationOTISud_CB2825CEC3B7425D8F6A9313DD745C1E.ListeComplexType,False,True,74,0,74,0.0,6,all_feeds,observed_source,unclassified,source-schemas/restauration.json
restauration,object.Lieudit.ThesCode,object,,Lieudit.ThesCode,Edm.String,True,True,26,26,0,100.0,6,all_feeds,observed_source,unclassified,source-schemas/restauration.json
restauration,object.Lieudit.ThesID,object,,Lieudit.ThesID,Edm.Guid,True,True,26,26,0,100.0,6,all_feeds,observed_source,unclassified,source-schemas/restauration.json
restauration,object.Lieudit.ThesLibelle,object,,Lieudit.ThesLibelle,Edm.String,True,True,26,26,0,100.0,6,all_feeds,observed_source,unclassified,source-schemas/restauration.json
restauration,object.Lieudit.ThesOrdre,object,,Lieudit.ThesOrdre,Edm.Int32,True,True,26,26,0,100.0,6,all_feeds,observed_source,unclassified,source-schemas/restauration.json
restauration,object.Lieudit.ThesPicto,object,,Lieudit.ThesPicto,Edm.String,True,True,26,0,26,0.0,6,all_feeds,observed_source,unclassified,source-schemas/restauration.json
restauration,object.Menuenfant,object,,Menuenfant,Edm.Boolean,True,True,100,99,1,99.0,1,feed_specific,observed_source,unclassified,source-schemas/restauration.json
restauration,object.Nometablissement,object,,Nometablissement,Edm.String,True,True,100,100,0,100.0,6,all_feeds,observed_source,unclassified,source-schemas/restauration.json
restauration,object.ObjectTypeFix,object,,ObjectTypeFix,Edm.String,True,True,100,100,0,100.0,6,all_feeds,observed_source,unclassified,source-schemas/restauration.json
restauration,object.ObjectTypeName,object,,ObjectTypeName,Edm.String,True,True,100,100,0,100.0,6,all_feeds,observed_source,unclassified,source-schemas/restauration.json
restauration,object.Ouvertdimanchesoir,object,,Ouvertdimanchesoir,Edm.Boolean,True,True,100,0,100,0.0,1,feed_specific,observed_source,unclassified,source-schemas/restauration.json
restauration,object.Published,object,,Published,Edm.DateTime,True,True,100,100,0,100.0,6,all_feeds,observed_source,unclassified,source-schemas/restauration.json
restauration,object.RaisonSociale,object,,RaisonSociale,Edm.String,True,True,100,40,60,40.0,6,all_feeds,observed_source,unclassified,source-schemas/restauration.json
restauration,object.Receptiongroupe,object,,Receptiongroupe,Edm.Boolean,True,True,100,0,100,0.0,1,feed_specific,observed_source,unclassified,source-schemas/restauration.json
restauration,object.SIRET,object,,SIRET,Edm.String,True,True,100,57,43,57.0,6,all_feeds,observed_source,unclassified,source-schemas/restauration.json
restauration,object.Surreservation,object,,Surreservation,Edm.Boolean,True,True,100,0,100,0.0,3,shared,observed_source,unclassified,source-schemas/restauration.json
restauration,object.SyndicObjectID,object,,SyndicObjectID,Edm.String,True,True,100,100,0,100.0,6,all_feeds,observed_source,unclassified,source-schemas/restauration.json
restauration,object.SyndicObjectName,object,,SyndicObjectName,Edm.String,True,True,100,100,0,100.0,6,all_feeds,observed_source,unclassified,source-schemas/restauration.json
restauration,object.SyndicObjectOrder,object,,SyndicObjectOrder,Edm.Int64,True,True,100,100,0,100.0,6,all_feeds,observed_source,unclassified,source-schemas/restauration.json
restauration,object.SyndicStructureId,object,,SyndicStructureId,Edm.Guid,True,True,100,100,0,100.0,6,all_feeds,observed_source,unclassified,source-schemas/restauration.json
restauration,object.TIS_TRACKING_LISTING_OFFRE,object,,TIS_TRACKING_LISTING_OFFRE,Edm.String,True,True,100,100,0,100.0,6,all_feeds,observed_source,unclassified,source-schemas/restauration.json
restauration,object.TIS_TRACKING_OFFRE,object,,TIS_TRACKING_OFFRE,Edm.String,True,True,100,100,0,100.0,6,all_feeds,observed_source,unclassified,source-schemas/restauration.json
restauration,object.Updated,object,,Updated,Edm.DateTime,True,True,100,100,0,100.0,6,all_feeds,observed_source,unclassified,source-schemas/restauration.json
restauration,Animauxs.Animauxacceptes,relation,Animauxs,Animauxacceptes,Edm.Boolean,True,True,6,0,6,0.0,2,shared,observed_source,unclassified,source-schemas/restauration.json
restauration,Animauxs.Complementdinfo,relation,Animauxs,Complementdinfo,TourInSoft.V5.Syndication.Syndication_FSRestaurationOTISud_CB2825CEC3B7425D8F6A9313DD745C1E.ListeComplexType,False,True,6,0,6,0.0,1,feed_specific,observed_source,unclassified,source-schemas/restauration.json
restauration,Animauxs.Complementdinformations,relation,Animauxs,Complementdinformations,Edm.String,True,True,6,0,6,0.0,2,shared,observed_source,unclassified,source-schemas/restauration.json
restauration,Animauxs.ID,relation,Animauxs,ID,Edm.Int64,True,True,6,6,0,100.0,2,shared,observed_source,unclassified,source-schemas/restauration.json
restauration,Animauxs.Ordre,relation,Animauxs,Ordre,Edm.Int64,True,True,6,6,0,100.0,2,shared,observed_source,unclassified,source-schemas/restauration.json
restauration,Animauxs.Poidsanimal.ThesCode,relation,Animauxs,Poidsanimal.ThesCode,Edm.String,True,False,0,0,0,0,1,feed_specific,declared_unobserved,unclassified,source-schemas/restauration.json
restauration,Animauxs.Poidsanimal.ThesID,relation,Animauxs,Poidsanimal.ThesID,Edm.Guid,True,False,0,0,0,0,1,feed_specific,declared_unobserved,unclassified,source-schemas/restauration.json
restauration,Animauxs.Poidsanimal.ThesLibelle,relation,Animauxs,Poidsanimal.ThesLibelle,Edm.String,True,False,0,0,0,0,1,feed_specific,declared_unobserved,unclassified,source-schemas/restauration.json
restauration,Animauxs.Poidsanimal.ThesOrdre,relation,Animauxs,Poidsanimal.ThesOrdre,Edm.Int32,True,False,0,0,0,0,1,feed_specific,declared_unobserved,unclassified,source-schemas/restauration.json
restauration,Animauxs.Poidsanimal.ThesPicto,relation,Animauxs,Poidsanimal.ThesPicto,Edm.String,True,False,0,0,0,0,1,feed_specific,declared_unobserved,unclassified,source-schemas/restauration.json
restauration,Animauxs.SyndicObjectId,relation,Animauxs,SyndicObjectId,Edm.String,True,True,6,6,0,100.0,2,shared,observed_source,unclassified,source-schemas/restauration.json
restauration,Capacites.Capaciteensalle,relation,Capacites,Capaciteensalle,Edm.Double,True,True,71,70,1,98.6,1,feed_specific,observed_source,unclassified,source-schemas/restauration.json
restauration,Capacites.Capaciteenterrasse,relation,Capacites,Capaciteenterrasse,Edm.Double,True,True,71,0,71,0.0,1,feed_specific,observed_source,unclassified,source-schemas/restauration.json
restauration,Capacites.Capacitetotale,relation,Capacites,Capacitetotale,Edm.Double,True,True,71,71,0,100.0,1,feed_specific,observed_source,unclassified,source-schemas/restauration.json
restauration,Capacites.ID,relation,Capacites,ID,Edm.Int64,True,True,71,71,0,100.0,4,shared,observed_source,unclassified,source-schemas/restauration.json
restauration,Capacites.Ordre,relation,Capacites,Ordre,Edm.Int64,True,True,71,71,0,100.0,4,shared,observed_source,unclassified,source-schemas/restauration.json
restauration,Capacites.SyndicObjectId,relation,Capacites,SyndicObjectId,Edm.String,True,True,71,71,0,100.0,4,shared,observed_source,unclassified,source-schemas/restauration.json
restauration,Chaines.Groupe,relation,Chaines,Groupe,TourInSoft.V5.Syndication.Syndication_FSRestaurationOTISud_CB2825CEC3B7425D8F6A9313DD745C1E.ListeComplexType,False,True,6,0,6,0.0,5,shared,observed_source,unclassified,source-schemas/restauration.json
restauration,Chaines.Groupe.ThesCode,relation,Chaines,Groupe.ThesCode,Edm.String,True,False,0,0,0,0,5,shared,declared_unobserved,unclassified,source-schemas/restauration.json
restauration,Chaines.Groupe.ThesID,relation,Chaines,Groupe.ThesID,Edm.Guid,True,False,0,0,0,0,5,shared,declared_unobserved,unclassified,source-schemas/restauration.json
restauration,Chaines.Groupe.ThesLibelle,relation,Chaines,Groupe.ThesLibelle,Edm.String,True,False,0,0,0,0,5,shared,declared_unobserved,unclassified,source-schemas/restauration.json
restauration,Chaines.Groupe.ThesOrdre,relation,Chaines,Groupe.ThesOrdre,Edm.Int32,True,False,0,0,0,0,5,shared,declared_unobserved,unclassified,source-schemas/restauration.json
restauration,Chaines.Groupe.ThesPicto,relation,Chaines,Groupe.ThesPicto,Edm.String,True,False,0,0,0,0,5,shared,declared_unobserved,unclassified,source-schemas/restauration.json
restauration,Chaines.ID,relation,Chaines,ID,Edm.Int64,True,True,6,6,0,100.0,5,shared,observed_source,unclassified,source-schemas/restauration.json
restauration,Chaines.Ordre,relation,Chaines,Ordre,Edm.Int64,True,True,6,6,0,100.0,5,shared,observed_source,unclassified,source-schemas/restauration.json
restauration,Chaines.Reseaux,relation,Chaines,Reseaux,TourInSoft.V5.Syndication.Syndication_FSRestaurationOTISud_CB2825CEC3B7425D8F6A9313DD745C1E.ListeComplexType,False,True,6,0,6,0.0,5,shared,observed_source,unclassified,source-schemas/restauration.json
restauration,Chaines.Reseaux.ThesCode,relation,Chaines,Reseaux.ThesCode,Edm.String,True,False,0,0,0,0,5,shared,declared_unobserved,unclassified,source-schemas/restauration.json
restauration,Chaines.Reseaux.ThesID,relation,Chaines,Reseaux.ThesID,Edm.Guid,True,False,0,0,0,0,5,shared,declared_unobserved,unclassified,source-schemas/restauration.json
restauration,Chaines.Reseaux.ThesLibelle,relation,Chaines,Reseaux.ThesLibelle,Edm.String,True,False,0,0,0,0,5,shared,declared_unobserved,unclassified,source-schemas/restauration.json
restauration,Chaines.Reseaux.ThesOrdre,relation,Chaines,Reseaux.ThesOrdre,Edm.Int32,True,False,0,0,0,0,5,shared,declared_unobserved,unclassified,source-schemas/restauration.json
restauration,Chaines.Reseaux.ThesPicto,relation,Chaines,Reseaux.ThesPicto,Edm.String,True,False,0,0,0,0,5,shared,declared_unobserved,unclassified,source-schemas/restauration.json
restauration,Chaines.SyndicObjectId,relation,Chaines,SyndicObjectId,Edm.String,True,True,6,6,0,100.0,5,shared,observed_source,unclassified,source-schemas/restauration.json
restauration,ClassificationCategories.ID,relation,ClassificationCategories,ID,Edm.Int64,True,True,102,102,0,100.0,3,shared,observed_source,unclassified,source-schemas/restauration.json
restauration,ClassificationCategories.Ordre,relation,ClassificationCategories,Ordre,Edm.Int64,True,True,102,102,0,100.0,3,shared,observed_source,unclassified,source-schemas/restauration.json
restauration,ClassificationCategories.SyndicObjectId,relation,ClassificationCategories,SyndicObjectId,Edm.String,True,True,102,102,0,100.0,3,shared,observed_source,unclassified,source-schemas/restauration.json
restauration,ClassificationCategories.ThesCode,relation,ClassificationCategories,ThesCode,Edm.String,True,True,102,102,0,100.0,3,shared,observed_source,unclassified,source-schemas/restauration.json
restauration,ClassificationCategories.ThesID,relation,ClassificationCategories,ThesID,Edm.Guid,True,True,102,102,0,100.0,3,shared,observed_source,unclassified,source-schemas/restauration.json
restauration,ClassificationCategories.ThesLibelle,relation,ClassificationCategories,ThesLibelle,Edm.String,True,True,102,102,0,100.0,3,shared,observed_source,unclassified,source-schemas/restauration.json
restauration,ClassificationCategories.ThesOrdre,relation,ClassificationCategories,ThesOrdre,Edm.Int64,True,True,102,102,0,100.0,3,shared,observed_source,unclassified,source-schemas/restauration.json
restauration,ClassificationCategories.ThesPicto,relation,ClassificationCategories,ThesPicto,Edm.String,True,True,102,0,102,0.0,3,shared,observed_source,unclassified,source-schemas/restauration.json
restauration,ClassificationSousCategorieAuberges.ID,relation,ClassificationSousCategorieAuberges,ID,Edm.Int64,True,True,6,6,0,100.0,1,feed_specific,observed_source,unclassified,source-schemas/restauration.json
restauration,ClassificationSousCategorieAuberges.Ordre,relation,ClassificationSousCategorieAuberges,Ordre,Edm.Int64,True,True,6,6,0,100.0,1,feed_specific,observed_source,unclassified,source-schemas/restauration.json
restauration,ClassificationSousCategorieAuberges.SyndicObjectId,relation,ClassificationSousCategorieAuberges,SyndicObjectId,Edm.String,True,True,6,6,0,100.0,1,feed_specific,observed_source,unclassified,source-schemas/restauration.json
restauration,ClassificationSousCategorieAuberges.ThesCode,relation,ClassificationSousCategorieAuberges,ThesCode,Edm.String,True,True,6,6,0,100.0,1,feed_specific,observed_source,unclassified,source-schemas/restauration.json
restauration,ClassificationSousCategorieAuberges.ThesID,relation,ClassificationSousCategorieAuberges,ThesID,Edm.Guid,True,True,6,6,0,100.0,1,feed_specific,observed_source,unclassified,source-schemas/restauration.json
restauration,ClassificationSousCategorieAuberges.ThesLibelle,relation,ClassificationSousCategorieAuberges,ThesLibelle,Edm.String,True,True,6,6,0,100.0,1,feed_specific,observed_source,unclassified,source-schemas/restauration.json
restauration,ClassificationSousCategorieAuberges.ThesOrdre,relation,ClassificationSousCategorieAuberges,ThesOrdre,Edm.Int64,True,True,6,6,0,100.0,1,feed_specific,observed_source,unclassified,source-schemas/restauration.json
restauration,ClassificationSousCategorieAuberges.ThesPicto,relation,ClassificationSousCategorieAuberges,ThesPicto,Edm.String,True,True,6,0,6,0.0,1,feed_specific,observed_source,unclassified,source-schemas/restauration.json
restauration,ClassificationSousCategorieAutreTypes.ID,relation,ClassificationSousCategorieAutreTypes,ID,Edm.Int64,True,True,8,8,0,100.0,1,feed_specific,observed_source,unclassified,source-schemas/restauration.json
restauration,ClassificationSousCategorieAutreTypes.Ordre,relation,ClassificationSousCategorieAutreTypes,Ordre,Edm.Int64,True,True,8,8,0,100.0,1,feed_specific,observed_source,unclassified,source-schemas/restauration.json
restauration,ClassificationSousCategorieAutreTypes.SyndicObjectId,relation,ClassificationSousCategorieAutreTypes,SyndicObjectId,Edm.String,True,True,8,8,0,100.0,1,feed_specific,observed_source,unclassified,source-schemas/restauration.json
restauration,ClassificationSousCategorieAutreTypes.ThesCode,relation,ClassificationSousCategorieAutreTypes,ThesCode,Edm.String,True,True,8,8,0,100.0,1,feed_specific,observed_source,unclassified,source-schemas/restauration.json
restauration,ClassificationSousCategorieAutreTypes.ThesID,relation,ClassificationSousCategorieAutreTypes,ThesID,Edm.Guid,True,True,8,8,0,100.0,1,feed_specific,observed_source,unclassified,source-schemas/restauration.json
restauration,ClassificationSousCategorieAutreTypes.ThesLibelle,relation,ClassificationSousCategorieAutreTypes,ThesLibelle,Edm.String,True,True,8,8,0,100.0,1,feed_specific,observed_source,unclassified,source-schemas/restauration.json
restauration,ClassificationSousCategorieAutreTypes.ThesOrdre,relation,ClassificationSousCategorieAutreTypes,ThesOrdre,Edm.Int64,True,True,8,8,0,100.0,1,feed_specific,observed_source,unclassified,source-schemas/restauration.json
restauration,ClassificationSousCategorieAutreTypes.ThesPicto,relation,ClassificationSousCategorieAutreTypes,ThesPicto,Edm.String,True,True,8,0,8,0.0,1,feed_specific,observed_source,unclassified,source-schemas/restauration.json
restauration,ClassificationSousCategorieRestaurants.ID,relation,ClassificationSousCategorieRestaurants,ID,Edm.Int64,True,True,70,70,0,100.0,1,feed_specific,observed_source,unclassified,source-schemas/restauration.json
restauration,ClassificationSousCategorieRestaurants.Ordre,relation,ClassificationSousCategorieRestaurants,Ordre,Edm.Int64,True,True,70,70,0,100.0,1,feed_specific,observed_source,unclassified,source-schemas/restauration.json
restauration,ClassificationSousCategorieRestaurants.SyndicObjectId,relation,ClassificationSousCategorieRestaurants,SyndicObjectId,Edm.String,True,True,70,70,0,100.0,1,feed_specific,observed_source,unclassified,source-schemas/restauration.json
restauration,ClassificationSousCategorieRestaurants.ThesCode,relation,ClassificationSousCategorieRestaurants,ThesCode,Edm.String,True,True,70,70,0,100.0,1,feed_specific,observed_source,unclassified,source-schemas/restauration.json
restauration,ClassificationSousCategorieRestaurants.ThesID,relation,ClassificationSousCategorieRestaurants,ThesID,Edm.Guid,True,True,70,70,0,100.0,1,feed_specific,observed_source,unclassified,source-schemas/restauration.json
restauration,ClassificationSousCategorieRestaurants.ThesLibelle,relation,ClassificationSousCategorieRestaurants,ThesLibelle,Edm.String,True,True,70,70,0,100.0,1,feed_specific,observed_source,unclassified,source-schemas/restauration.json
restauration,ClassificationSousCategorieRestaurants.ThesOrdre,relation,ClassificationSousCategorieRestaurants,ThesOrdre,Edm.Int64,True,True,70,70,0,100.0,1,feed_specific,observed_source,unclassified,source-schemas/restauration.json
restauration,ClassificationSousCategorieRestaurants.ThesPicto,relation,ClassificationSousCategorieRestaurants,ThesPicto,Edm.String,True,True,70,0,70,0.0,1,feed_specific,observed_source,unclassified,source-schemas/restauration.json
restauration,ClassificationSousCategorieTableHotess.ID,relation,ClassificationSousCategorieTableHotess,ID,Edm.Int64,True,True,7,7,0,100.0,1,feed_specific,observed_source,unclassified,source-schemas/restauration.json
restauration,ClassificationSousCategorieTableHotess.Ordre,relation,ClassificationSousCategorieTableHotess,Ordre,Edm.Int64,True,True,7,7,0,100.0,1,feed_specific,observed_source,unclassified,source-schemas/restauration.json
restauration,ClassificationSousCategorieTableHotess.SyndicObjectId,relation,ClassificationSousCategorieTableHotess,SyndicObjectId,Edm.String,True,True,7,7,0,100.0,1,feed_specific,observed_source,unclassified,source-schemas/restauration.json
restauration,ClassificationSousCategorieTableHotess.ThesCode,relation,ClassificationSousCategorieTableHotess,ThesCode,Edm.String,True,True,7,7,0,100.0,1,feed_specific,observed_source,unclassified,source-schemas/restauration.json
restauration,ClassificationSousCategorieTableHotess.ThesID,relation,ClassificationSousCategorieTableHotess,ThesID,Edm.Guid,True,True,7,7,0,100.0,1,feed_specific,observed_source,unclassified,source-schemas/restauration.json
restauration,ClassificationSousCategorieTableHotess.ThesLibelle,relation,ClassificationSousCategorieTableHotess,ThesLibelle,Edm.String,True,True,7,7,0,100.0,1,feed_specific,observed_source,unclassified,source-schemas/restauration.json
restauration,ClassificationSousCategorieTableHotess.ThesOrdre,relation,ClassificationSousCategorieTableHotess,ThesOrdre,Edm.Int64,True,True,7,7,0,100.0,1,feed_specific,observed_source,unclassified,source-schemas/restauration.json
restauration,ClassificationSousCategorieTableHotess.ThesPicto,relation,ClassificationSousCategorieTableHotess,ThesPicto,Edm.String,True,True,7,0,7,0.0,1,feed_specific,observed_source,unclassified,source-schemas/restauration.json
restauration,Descriptifaccess.Descriptifduplandacces,relation,Descriptifaccess,Descriptifduplandacces,Edm.String,True,True,100,56,44,56.0,5,shared,observed_source,unclassified,source-schemas/restauration.json
restauration,Descriptifaccess.ID,relation,Descriptifaccess,ID,Edm.Int64,True,True,100,100,0,100.0,5,shared,observed_source,unclassified,source-schemas/restauration.json
restauration,Descriptifaccess.Ordre,relation,Descriptifaccess,Ordre,Edm.Int64,True,True,100,100,0,100.0,5,shared,observed_source,unclassified,source-schemas/restauration.json
restauration,Descriptifaccess.SyndicObjectId,relation,Descriptifaccess,SyndicObjectId,Edm.String,True,True,100,100,0,100.0,5,shared,observed_source,unclassified,source-schemas/restauration.json
restauration,Descriptifss.Accroche,relation,Descriptifss,Accroche,Edm.String,True,True,100,67,33,67.0,6,all_feeds,observed_source,unclassified,source-schemas/restauration.json
restauration,Descriptifss.Descriptioncommerciale,relation,Descriptifss,Descriptioncommerciale,Edm.String,True,True,100,100,0,100.0,6,all_feeds,observed_source,unclassified,source-schemas/restauration.json
restauration,Descriptifss.ID,relation,Descriptifss,ID,Edm.Int64,True,True,100,100,0,100.0,6,all_feeds,observed_source,unclassified,source-schemas/restauration.json
restauration,Descriptifss.Ordre,relation,Descriptifss,Ordre,Edm.Int64,True,True,100,100,0,100.0,6,all_feeds,observed_source,unclassified,source-schemas/restauration.json
restauration,Descriptifss.SyndicObjectId,relation,Descriptifss,SyndicObjectId,Edm.String,True,True,100,100,0,100.0,6,all_feeds,observed_source,unclassified,source-schemas/restauration.json
restauration,Fichiers.DocumentFichier.Credit,relation,Fichiers,DocumentFichier.Credit,Edm.String,True,False,0,0,0,0,6,all_feeds,declared_unobserved,unclassified,source-schemas/restauration.json
restauration,Fichiers.DocumentFichier.MediaID,relation,Fichiers,DocumentFichier.MediaID,Edm.Guid,True,False,0,0,0,0,6,all_feeds,declared_unobserved,unclassified,source-schemas/restauration.json
restauration,Fichiers.DocumentFichier.Titre,relation,Fichiers,DocumentFichier.Titre,Edm.String,True,False,0,0,0,0,6,all_feeds,declared_unobserved,unclassified,source-schemas/restauration.json
restauration,Fichiers.DocumentFichier.Url,relation,Fichiers,DocumentFichier.Url,Edm.String,True,False,0,0,0,0,6,all_feeds,declared_unobserved,unclassified,source-schemas/restauration.json
restauration,Fichiers.ID,relation,Fichiers,ID,Edm.Int64,True,False,0,0,0,0,6,all_feeds,declared_unobserved,unclassified,source-schemas/restauration.json
restauration,Fichiers.Ordre,relation,Fichiers,Ordre,Edm.Int64,True,False,0,0,0,0,6,all_feeds,declared_unobserved,unclassified,source-schemas/restauration.json
restauration,Fichiers.SyndicObjectId,relation,Fichiers,SyndicObjectId,Edm.String,True,False,0,0,0,0,6,all_feeds,declared_unobserved,unclassified,source-schemas/restauration.json
restauration,Handicaps.ID,relation,Handicaps,ID,Edm.Int64,True,False,0,0,0,0,6,all_feeds,declared_unobserved,unclassified,source-schemas/restauration.json
restauration,Handicaps.Ordre,relation,Handicaps,Ordre,Edm.Int64,True,False,0,0,0,0,6,all_feeds,declared_unobserved,unclassified,source-schemas/restauration.json
restauration,Handicaps.SyndicObjectId,relation,Handicaps,SyndicObjectId,Edm.String,True,False,0,0,0,0,6,all_feeds,declared_unobserved,unclassified,source-schemas/restauration.json
restauration,Handicaps.ThesCode,relation,Handicaps,ThesCode,Edm.String,True,False,0,0,0,0,6,all_feeds,declared_unobserved,unclassified,source-schemas/restauration.json
restauration,Handicaps.ThesID,relation,Handicaps,ThesID,Edm.Guid,True,False,0,0,0,0,6,all_feeds,declared_unobserved,unclassified,source-schemas/restauration.json
restauration,Handicaps.ThesLibelle,relation,Handicaps,ThesLibelle,Edm.String,True,False,0,0,0,0,6,all_feeds,declared_unobserved,unclassified,source-schemas/restauration.json
restauration,Handicaps.ThesOrdre,relation,Handicaps,ThesOrdre,Edm.Int32,True,False,0,0,0,0,6,all_feeds,declared_unobserved,unclassified,source-schemas/restauration.json
restauration,Handicaps.ThesPicto,relation,Handicaps,ThesPicto,Edm.String,True,False,0,0,0,0,6,all_feeds,declared_unobserved,unclassified,source-schemas/restauration.json
restauration,Labels.ID,relation,Labels,ID,Edm.Int64,True,True,16,16,0,100.0,6,all_feeds,observed_source,unclassified,source-schemas/restauration.json
restauration,Labels.Ordre,relation,Labels,Ordre,Edm.Int64,True,True,16,16,0,100.0,6,all_feeds,observed_source,unclassified,source-schemas/restauration.json
restauration,Labels.SyndicObjectId,relation,Labels,SyndicObjectId,Edm.String,True,True,16,16,0,100.0,6,all_feeds,observed_source,unclassified,source-schemas/restauration.json
restauration,LanguesParleess.ID,relation,LanguesParleess,ID,Edm.Int64,True,True,194,194,0,100.0,6,all_feeds,observed_source,unclassified,source-schemas/restauration.json
restauration,LanguesParleess.Ordre,relation,LanguesParleess,Ordre,Edm.Int64,True,True,194,194,0,100.0,6,all_feeds,observed_source,unclassified,source-schemas/restauration.json
restauration,LanguesParleess.SyndicObjectId,relation,LanguesParleess,SyndicObjectId,Edm.String,True,True,194,194,0,100.0,6,all_feeds,observed_source,unclassified,source-schemas/restauration.json
restauration,LanguesParleess.ThesCode,relation,LanguesParleess,ThesCode,Edm.String,True,True,194,194,0,100.0,6,all_feeds,observed_source,unclassified,source-schemas/restauration.json
restauration,LanguesParleess.ThesID,relation,LanguesParleess,ThesID,Edm.Guid,True,True,194,194,0,100.0,6,all_feeds,observed_source,unclassified,source-schemas/restauration.json
restauration,LanguesParleess.ThesLibelle,relation,LanguesParleess,ThesLibelle,Edm.String,True,True,194,194,0,100.0,6,all_feeds,observed_source,unclassified,source-schemas/restauration.json
restauration,LanguesParleess.ThesOrdre,relation,LanguesParleess,ThesOrdre,Edm.Int64,True,True,194,194,0,100.0,6,all_feeds,observed_source,unclassified,source-schemas/restauration.json
restauration,LanguesParleess.ThesPicto,relation,LanguesParleess,ThesPicto,Edm.String,True,True,194,0,194,0.0,6,all_feeds,observed_source,unclassified,source-schemas/restauration.json
restauration,Localisations.ID,relation,Localisations,ID,Edm.Int64,True,True,116,116,0,100.0,5,shared,observed_source,unclassified,source-schemas/restauration.json
restauration,Localisations.Ordre,relation,Localisations,Ordre,Edm.Int64,True,True,116,116,0,100.0,5,shared,observed_source,unclassified,source-schemas/restauration.json
restauration,Localisations.SyndicObjectId,relation,Localisations,SyndicObjectId,Edm.String,True,True,116,116,0,100.0,5,shared,observed_source,unclassified,source-schemas/restauration.json
restauration,Localisations.ThesCode,relation,Localisations,ThesCode,Edm.String,True,True,116,116,0,100.0,5,shared,observed_source,unclassified,source-schemas/restauration.json
restauration,Localisations.ThesID,relation,Localisations,ThesID,Edm.Guid,True,True,116,116,0,100.0,5,shared,observed_source,unclassified,source-schemas/restauration.json
restauration,Localisations.ThesLibelle,relation,Localisations,ThesLibelle,Edm.String,True,True,116,116,0,100.0,5,shared,observed_source,unclassified,source-schemas/restauration.json
restauration,Localisations.ThesOrdre,relation,Localisations,ThesOrdre,Edm.Int64,True,True,116,116,0,100.0,5,shared,observed_source,unclassified,source-schemas/restauration.json
restauration,Localisations.ThesPicto,relation,Localisations,ThesPicto,Edm.String,True,True,116,0,116,0.0,5,shared,observed_source,unclassified,source-schemas/restauration.json
restauration,Marques.ID,relation,Marques,ID,Edm.Int64,True,False,0,0,0,0,5,shared,declared_unobserved,unclassified,source-schemas/restauration.json
restauration,Marques.Ordre,relation,Marques,Ordre,Edm.Int64,True,False,0,0,0,0,5,shared,declared_unobserved,unclassified,source-schemas/restauration.json
restauration,Marques.SyndicObjectId,relation,Marques,SyndicObjectId,Edm.String,True,False,0,0,0,0,5,shared,declared_unobserved,unclassified,source-schemas/restauration.json
restauration,Marques.ThesCode,relation,Marques,ThesCode,Edm.String,True,False,0,0,0,0,3,shared,declared_unobserved,unclassified,source-schemas/restauration.json
restauration,Marques.ThesID,relation,Marques,ThesID,Edm.Guid,True,False,0,0,0,0,3,shared,declared_unobserved,unclassified,source-schemas/restauration.json
restauration,Marques.ThesLibelle,relation,Marques,ThesLibelle,Edm.String,True,False,0,0,0,0,3,shared,declared_unobserved,unclassified,source-schemas/restauration.json
restauration,Marques.ThesOrdre,relation,Marques,ThesOrdre,Edm.Int32,True,False,0,0,0,0,3,shared,declared_unobserved,unclassified,source-schemas/restauration.json
restauration,Marques.ThesPicto,relation,Marques,ThesPicto,Edm.String,True,False,0,0,0,0,3,shared,declared_unobserved,unclassified,source-schemas/restauration.json
restauration,ModesPaiements.ID,relation,ModesPaiements,ID,Edm.Int64,True,True,283,283,0,100.0,6,all_feeds,observed_source,unclassified,source-schemas/restauration.json
restauration,ModesPaiements.Ordre,relation,ModesPaiements,Ordre,Edm.Int64,True,True,283,283,0,100.0,6,all_feeds,observed_source,unclassified,source-schemas/restauration.json
restauration,ModesPaiements.SyndicObjectId,relation,ModesPaiements,SyndicObjectId,Edm.String,True,True,283,283,0,100.0,6,all_feeds,observed_source,unclassified,source-schemas/restauration.json
restauration,ModesPaiements.ThesCode,relation,ModesPaiements,ThesCode,Edm.String,True,True,283,283,0,100.0,6,all_feeds,observed_source,unclassified,source-schemas/restauration.json
restauration,ModesPaiements.ThesID,relation,ModesPaiements,ThesID,Edm.Guid,True,True,283,283,0,100.0,6,all_feeds,observed_source,unclassified,source-schemas/restauration.json
restauration,ModesPaiements.ThesLibelle,relation,ModesPaiements,ThesLibelle,Edm.String,True,True,283,283,0,100.0,6,all_feeds,observed_source,unclassified,source-schemas/restauration.json
restauration,ModesPaiements.ThesOrdre,relation,ModesPaiements,ThesOrdre,Edm.Int64,True,True,283,283,0,100.0,6,all_feeds,observed_source,unclassified,source-schemas/restauration.json
restauration,ModesPaiements.ThesPicto,relation,ModesPaiements,ThesPicto,Edm.String,True,True,283,0,283,0.0,6,all_feeds,observed_source,unclassified,source-schemas/restauration.json
restauration,Moyencommunications.Complementdinformations,relation,Moyencommunications,Complementdinformations,Edm.String,True,True,271,0,271,0.0,6,all_feeds,observed_source,unclassified,source-schemas/restauration.json
restauration,Moyencommunications.Coordonnees,relation,Moyencommunications,Coordonnees,Edm.String,True,True,271,240,31,88.6,6,all_feeds,observed_source,unclassified,source-schemas/restauration.json
restauration,Moyencommunications.ID,relation,Moyencommunications,ID,Edm.Int64,True,True,271,271,0,100.0,6,all_feeds,observed_source,unclassified,source-schemas/restauration.json
restauration,Moyencommunications.Moyendecommunication,relation,Moyencommunications,Moyendecommunication,TourInSoft.V5.Syndication.Syndication_FSRestaurationOTISud_CB2825CEC3B7425D8F6A9313DD745C1E.ListeComplexType,False,True,16,0,16,0.0,5,shared,observed_source,unclassified,source-schemas/restauration.json
restauration,Moyencommunications.Moyendecommunication.ThesCode,relation,Moyencommunications,Moyendecommunication.ThesCode,Edm.String,True,True,255,255,0,100.0,6,all_feeds,observed_source,unclassified,source-schemas/restauration.json
restauration,Moyencommunications.Moyendecommunication.ThesID,relation,Moyencommunications,Moyendecommunication.ThesID,Edm.Guid,True,True,255,255,0,100.0,6,all_feeds,observed_source,unclassified,source-schemas/restauration.json
restauration,Moyencommunications.Moyendecommunication.ThesLibelle,relation,Moyencommunications,Moyendecommunication.ThesLibelle,Edm.String,True,True,255,255,0,100.0,6,all_feeds,observed_source,unclassified,source-schemas/restauration.json
restauration,Moyencommunications.Moyendecommunication.ThesOrdre,relation,Moyencommunications,Moyendecommunication.ThesOrdre,Edm.Int32,True,True,255,255,0,100.0,6,all_feeds,observed_source,unclassified,source-schemas/restauration.json
restauration,Moyencommunications.Moyendecommunication.ThesPicto,relation,Moyencommunications,Moyendecommunication.ThesPicto,Edm.String,True,True,255,0,255,0.0,6,all_feeds,observed_source,unclassified,source-schemas/restauration.json
restauration,Moyencommunications.Ordre,relation,Moyencommunications,Ordre,Edm.Int64,True,True,271,271,0,100.0,6,all_feeds,observed_source,unclassified,source-schemas/restauration.json
restauration,Moyencommunications.SyndicObjectId,relation,Moyencommunications,SyndicObjectId,Edm.String,True,True,271,271,0,100.0,6,all_feeds,observed_source,unclassified,source-schemas/restauration.json
restauration,Moyencommunications.Typedecoordonnees.ThesCode,relation,Moyencommunications,Typedecoordonnees.ThesCode,Edm.String,True,True,271,271,0,100.0,6,all_feeds,observed_source,unclassified,source-schemas/restauration.json
restauration,Moyencommunications.Typedecoordonnees.ThesID,relation,Moyencommunications,Typedecoordonnees.ThesID,Edm.Guid,True,True,271,271,0,100.0,6,all_feeds,observed_source,unclassified,source-schemas/restauration.json
restauration,Moyencommunications.Typedecoordonnees.ThesLibelle,relation,Moyencommunications,Typedecoordonnees.ThesLibelle,Edm.String,True,True,271,271,0,100.0,6,all_feeds,observed_source,unclassified,source-schemas/restauration.json
restauration,Moyencommunications.Typedecoordonnees.ThesOrdre,relation,Moyencommunications,Typedecoordonnees.ThesOrdre,Edm.Int32,True,True,271,271,0,100.0,6,all_feeds,observed_source,unclassified,source-schemas/restauration.json
restauration,Moyencommunications.Typedecoordonnees.ThesPicto,relation,Moyencommunications,Typedecoordonnees.ThesPicto,Edm.String,True,True,271,0,271,0.0,6,all_feeds,observed_source,unclassified,source-schemas/restauration.json
restauration,PeriodeOuvertures.Datedebut,relation,PeriodeOuvertures,Datedebut,Edm.DateTime,True,True,3,2,1,66.7,6,all_feeds,observed_source,unclassified,source-schemas/restauration.json
restauration,PeriodeOuvertures.Datefin,relation,PeriodeOuvertures,Datefin,Edm.DateTime,True,True,3,2,1,66.7,6,all_feeds,observed_source,unclassified,source-schemas/restauration.json
restauration,PeriodeOuvertures.dimancheheuredebut1,relation,PeriodeOuvertures,dimancheheuredebut1,Edm.TimeSpan,True,True,3,2,1,66.7,6,all_feeds,observed_source,unclassified,source-schemas/restauration.json
restauration,PeriodeOuvertures.dimancheheuredebut2,relation,PeriodeOuvertures,dimancheheuredebut2,Edm.TimeSpan,True,True,3,0,3,0.0,6,all_feeds,observed_source,unclassified,source-schemas/restauration.json
restauration,PeriodeOuvertures.dimancheheurefin1,relation,PeriodeOuvertures,dimancheheurefin1,Edm.TimeSpan,True,True,3,2,1,66.7,6,all_feeds,observed_source,unclassified,source-schemas/restauration.json
restauration,PeriodeOuvertures.dimancheheurefin2,relation,PeriodeOuvertures,dimancheheurefin2,Edm.TimeSpan,True,True,3,0,3,0.0,6,all_feeds,observed_source,unclassified,source-schemas/restauration.json
restauration,PeriodeOuvertures.heuredebut1,relation,PeriodeOuvertures,heuredebut1,Edm.TimeSpan,True,True,3,2,1,66.7,6,all_feeds,observed_source,unclassified,source-schemas/restauration.json
restauration,PeriodeOuvertures.heuredebut2,relation,PeriodeOuvertures,heuredebut2,Edm.TimeSpan,True,True,3,1,2,33.3,6,all_feeds,observed_source,unclassified,source-schemas/restauration.json
restauration,PeriodeOuvertures.heurefin1,relation,PeriodeOuvertures,heurefin1,Edm.TimeSpan,True,True,3,2,1,66.7,6,all_feeds,observed_source,unclassified,source-schemas/restauration.json
restauration,PeriodeOuvertures.heurefin2,relation,PeriodeOuvertures,heurefin2,Edm.TimeSpan,True,True,3,1,2,33.3,6,all_feeds,observed_source,unclassified,source-schemas/restauration.json
restauration,PeriodeOuvertures.ID,relation,PeriodeOuvertures,ID,Edm.Int64,True,True,3,3,0,100.0,6,all_feeds,observed_source,unclassified,source-schemas/restauration.json
restauration,PeriodeOuvertures.jeudiheuredebut1,relation,PeriodeOuvertures,jeudiheuredebut1,Edm.TimeSpan,True,True,3,3,0,100.0,6,all_feeds,observed_source,unclassified,source-schemas/restauration.json
restauration,PeriodeOuvertures.jeudiheuredebut2,relation,PeriodeOuvertures,jeudiheuredebut2,Edm.TimeSpan,True,True,3,1,2,33.3,6,all_feeds,observed_source,unclassified,source-schemas/restauration.json
restauration,PeriodeOuvertures.jeudiheurefin1,relation,PeriodeOuvertures,jeudiheurefin1,Edm.TimeSpan,True,True,3,3,0,100.0,6,all_feeds,observed_source,unclassified,source-schemas/restauration.json
restauration,PeriodeOuvertures.jeudiheurefin2,relation,PeriodeOuvertures,jeudiheurefin2,Edm.TimeSpan,True,True,3,1,2,33.3,6,all_feeds,observed_source,unclassified,source-schemas/restauration.json
restauration,PeriodeOuvertures.lundiheuredebut1,relation,PeriodeOuvertures,lundiheuredebut1,Edm.TimeSpan,True,True,3,2,1,66.7,6,all_feeds,observed_source,unclassified,source-schemas/restauration.json
restauration,PeriodeOuvertures.lundiheuredebut2,relation,PeriodeOuvertures,lundiheuredebut2,Edm.TimeSpan,True,True,3,1,2,33.3,6,all_feeds,observed_source,unclassified,source-schemas/restauration.json
restauration,PeriodeOuvertures.lundiheurefin1,relation,PeriodeOuvertures,lundiheurefin1,Edm.TimeSpan,True,True,3,2,1,66.7,6,all_feeds,observed_source,unclassified,source-schemas/restauration.json
restauration,PeriodeOuvertures.lundiheurefin2,relation,PeriodeOuvertures,lundiheurefin2,Edm.TimeSpan,True,True,3,1,2,33.3,6,all_feeds,observed_source,unclassified,source-schemas/restauration.json
restauration,PeriodeOuvertures.mardiheuredebut1,relation,PeriodeOuvertures,mardiheuredebut1,Edm.TimeSpan,True,True,3,2,1,66.7,6,all_feeds,observed_source,unclassified,source-schemas/restauration.json
restauration,PeriodeOuvertures.mardiheuredebut2,relation,PeriodeOuvertures,mardiheuredebut2,Edm.TimeSpan,True,True,3,1,2,33.3,6,all_feeds,observed_source,unclassified,source-schemas/restauration.json
restauration,PeriodeOuvertures.mardiheurefin1,relation,PeriodeOuvertures,mardiheurefin1,Edm.TimeSpan,True,True,3,2,1,66.7,6,all_feeds,observed_source,unclassified,source-schemas/restauration.json
restauration,PeriodeOuvertures.mardiheurefin2,relation,PeriodeOuvertures,mardiheurefin2,Edm.TimeSpan,True,True,3,1,2,33.3,6,all_feeds,observed_source,unclassified,source-schemas/restauration.json
restauration,PeriodeOuvertures.mercrediheuredebut1,relation,PeriodeOuvertures,mercrediheuredebut1,Edm.TimeSpan,True,True,3,1,2,33.3,6,all_feeds,observed_source,unclassified,source-schemas/restauration.json
restauration,PeriodeOuvertures.mercrediheuredebut2,relation,PeriodeOuvertures,mercrediheuredebut2,Edm.TimeSpan,True,True,3,1,2,33.3,6,all_feeds,observed_source,unclassified,source-schemas/restauration.json
restauration,PeriodeOuvertures.mercrediheurefin1,relation,PeriodeOuvertures,mercrediheurefin1,Edm.TimeSpan,True,True,3,1,2,33.3,6,all_feeds,observed_source,unclassified,source-schemas/restauration.json
restauration,PeriodeOuvertures.mercrediheurefin2,relation,PeriodeOuvertures,mercrediheurefin2,Edm.TimeSpan,True,True,3,1,2,33.3,6,all_feeds,observed_source,unclassified,source-schemas/restauration.json
restauration,PeriodeOuvertures.Ordre,relation,PeriodeOuvertures,Ordre,Edm.Int64,True,True,3,3,0,100.0,6,all_feeds,observed_source,unclassified,source-schemas/restauration.json
restauration,PeriodeOuvertures.Precisionssurlesfermetures,relation,PeriodeOuvertures,Precisionssurlesfermetures,Edm.String,True,True,3,0,3,0.0,6,all_feeds,observed_source,unclassified,source-schemas/restauration.json
restauration,PeriodeOuvertures.Precisionssurlesouvertures,relation,PeriodeOuvertures,Precisionssurlesouvertures,Edm.String,True,True,3,0,3,0.0,6,all_feeds,observed_source,unclassified,source-schemas/restauration.json
restauration,PeriodeOuvertures.samediheuredebut1,relation,PeriodeOuvertures,samediheuredebut1,Edm.TimeSpan,True,True,3,3,0,100.0,6,all_feeds,observed_source,unclassified,source-schemas/restauration.json
restauration,PeriodeOuvertures.samediheuredebut2,relation,PeriodeOuvertures,samediheuredebut2,Edm.TimeSpan,True,True,3,0,3,0.0,6,all_feeds,observed_source,unclassified,source-schemas/restauration.json
restauration,PeriodeOuvertures.samediheurefin1,relation,PeriodeOuvertures,samediheurefin1,Edm.TimeSpan,True,True,3,3,0,100.0,6,all_feeds,observed_source,unclassified,source-schemas/restauration.json
restauration,PeriodeOuvertures.samediheurefin2,relation,PeriodeOuvertures,samediheurefin2,Edm.TimeSpan,True,True,3,0,3,0.0,6,all_feeds,observed_source,unclassified,source-schemas/restauration.json
restauration,PeriodeOuvertures.SyndicObjectId,relation,PeriodeOuvertures,SyndicObjectId,Edm.String,True,True,3,3,0,100.0,6,all_feeds,observed_source,unclassified,source-schemas/restauration.json
restauration,PeriodeOuvertures.vendrediheuredebut1,relation,PeriodeOuvertures,vendrediheuredebut1,Edm.TimeSpan,True,True,3,3,0,100.0,6,all_feeds,observed_source,unclassified,source-schemas/restauration.json
restauration,PeriodeOuvertures.vendrediheuredebut2,relation,PeriodeOuvertures,vendrediheuredebut2,Edm.TimeSpan,True,True,3,1,2,33.3,6,all_feeds,observed_source,unclassified,source-schemas/restauration.json
restauration,PeriodeOuvertures.vendrediheurefin1,relation,PeriodeOuvertures,vendrediheurefin1,Edm.TimeSpan,True,True,3,2,1,66.7,6,all_feeds,observed_source,unclassified,source-schemas/restauration.json
restauration,PeriodeOuvertures.vendrediheurefin2,relation,PeriodeOuvertures,vendrediheurefin2,Edm.TimeSpan,True,True,3,1,2,33.3,6,all_feeds,observed_source,unclassified,source-schemas/restauration.json
restauration,Photos.Datedefindutilisation,relation,Photos,Datedefindutilisation,Edm.DateTime,True,True,348,0,348,0.0,6,all_feeds,observed_source,unclassified,source-schemas/restauration.json
restauration,Photos.ID,relation,Photos,ID,Edm.Int64,True,True,348,348,0,100.0,6,all_feeds,observed_source,unclassified,source-schemas/restauration.json
restauration,Photos.Licencecreativecommons,relation,Photos,Licencecreativecommons,Edm.Boolean,True,True,348,0,348,0.0,6,all_feeds,observed_source,unclassified,source-schemas/restauration.json
restauration,Photos.Ordre,relation,Photos,Ordre,Edm.Int64,True,True,348,348,0,100.0,6,all_feeds,observed_source,unclassified,source-schemas/restauration.json
restauration,Photos.Photo,relation,Photos,Photo,TourInSoft.V5.Syndication.Syndication_FSRestaurationOTISud_CB2825CEC3B7425D8F6A9313DD745C1E.MediaComplexType,False,True,1,0,1,0.0,1,feed_specific,observed_source,unclassified,source-schemas/restauration.json
restauration,Photos.Photo.Credit,relation,Photos,Photo.Credit,Edm.String,True,True,347,347,0,100.0,6,all_feeds,observed_source,unclassified,source-schemas/restauration.json
restauration,Photos.Photo.MediaID,relation,Photos,Photo.MediaID,Edm.Guid,True,True,347,347,0,100.0,6,all_feeds,observed_source,unclassified,source-schemas/restauration.json
restauration,Photos.Photo.Titre,relation,Photos,Photo.Titre,Edm.String,True,True,347,347,0,100.0,6,all_feeds,observed_source,unclassified,source-schemas/restauration.json
restauration,Photos.Photo.Url,relation,Photos,Photo.Url,Edm.String,True,True,347,347,0,100.0,6,all_feeds,observed_source,unclassified,source-schemas/restauration.json
restauration,Photos.SyndicObjectId,relation,Photos,SyndicObjectId,Edm.String,True,True,348,348,0,100.0,6,all_feeds,observed_source,unclassified,source-schemas/restauration.json
restauration,PrestationProximites.ID,relation,PrestationProximites,ID,Edm.Int64,True,True,237,237,0,100.0,6,all_feeds,observed_source,unclassified,source-schemas/restauration.json
restauration,PrestationProximites.Ordre,relation,PrestationProximites,Ordre,Edm.Int64,True,True,237,237,0,100.0,6,all_feeds,observed_source,unclassified,source-schemas/restauration.json
restauration,PrestationProximites.SyndicObjectId,relation,PrestationProximites,SyndicObjectId,Edm.String,True,True,237,237,0,100.0,6,all_feeds,observed_source,unclassified,source-schemas/restauration.json
restauration,PrestationProximites.ThesCode,relation,PrestationProximites,ThesCode,Edm.String,True,True,237,237,0,100.0,6,all_feeds,observed_source,unclassified,source-schemas/restauration.json
restauration,PrestationProximites.ThesID,relation,PrestationProximites,ThesID,Edm.Guid,True,True,237,237,0,100.0,6,all_feeds,observed_source,unclassified,source-schemas/restauration.json
restauration,PrestationProximites.ThesLibelle,relation,PrestationProximites,ThesLibelle,Edm.String,True,True,237,237,0,100.0,6,all_feeds,observed_source,unclassified,source-schemas/restauration.json
restauration,PrestationProximites.ThesOrdre,relation,PrestationProximites,ThesOrdre,Edm.Int64,True,True,237,237,0,100.0,6,all_feeds,observed_source,unclassified,source-schemas/restauration.json
restauration,PrestationProximites.ThesPicto,relation,PrestationProximites,ThesPicto,Edm.String,True,True,237,0,237,0.0,6,all_feeds,observed_source,unclassified,source-schemas/restauration.json
restauration,PrestationsActivites.ID,relation,PrestationsActivites,ID,Edm.Int64,True,False,0,0,0,0,5,shared,declared_unobserved,unclassified,source-schemas/restauration.json
restauration,PrestationsActivites.Ordre,relation,PrestationsActivites,Ordre,Edm.Int64,True,False,0,0,0,0,5,shared,declared_unobserved,unclassified,source-schemas/restauration.json
restauration,PrestationsActivites.SyndicObjectId,relation,PrestationsActivites,SyndicObjectId,Edm.String,True,False,0,0,0,0,5,shared,declared_unobserved,unclassified,source-schemas/restauration.json
restauration,PrestationsActivites.ThesCode,relation,PrestationsActivites,ThesCode,Edm.String,True,False,0,0,0,0,5,shared,declared_unobserved,unclassified,source-schemas/restauration.json
restauration,PrestationsActivites.ThesID,relation,PrestationsActivites,ThesID,Edm.Guid,True,False,0,0,0,0,5,shared,declared_unobserved,unclassified,source-schemas/restauration.json
restauration,PrestationsActivites.ThesLibelle,relation,PrestationsActivites,ThesLibelle,Edm.String,True,False,0,0,0,0,5,shared,declared_unobserved,unclassified,source-schemas/restauration.json
restauration,PrestationsActivites.ThesOrdre,relation,PrestationsActivites,ThesOrdre,Edm.Int32,True,False,0,0,0,0,5,shared,declared_unobserved,unclassified,source-schemas/restauration.json
restauration,PrestationsActivites.ThesPicto,relation,PrestationsActivites,ThesPicto,Edm.String,True,False,0,0,0,0,5,shared,declared_unobserved,unclassified,source-schemas/restauration.json
restauration,PrestationsEquipementss.ID,relation,PrestationsEquipementss,ID,Edm.Int64,True,True,98,98,0,100.0,6,all_feeds,observed_source,unclassified,source-schemas/restauration.json
restauration,PrestationsEquipementss.Ordre,relation,PrestationsEquipementss,Ordre,Edm.Int64,True,True,98,98,0,100.0,6,all_feeds,observed_source,unclassified,source-schemas/restauration.json
restauration,PrestationsEquipementss.SyndicObjectId,relation,PrestationsEquipementss,SyndicObjectId,Edm.String,True,True,98,98,0,100.0,6,all_feeds,observed_source,unclassified,source-schemas/restauration.json
restauration,PrestationsEquipementss.ThesCode,relation,PrestationsEquipementss,ThesCode,Edm.String,True,True,98,98,0,100.0,6,all_feeds,observed_source,unclassified,source-schemas/restauration.json
restauration,PrestationsEquipementss.ThesID,relation,PrestationsEquipementss,ThesID,Edm.Guid,True,True,98,98,0,100.0,6,all_feeds,observed_source,unclassified,source-schemas/restauration.json
restauration,PrestationsEquipementss.ThesLibelle,relation,PrestationsEquipementss,ThesLibelle,Edm.String,True,True,98,98,0,100.0,6,all_feeds,observed_source,unclassified,source-schemas/restauration.json
restauration,PrestationsEquipementss.ThesOrdre,relation,PrestationsEquipementss,ThesOrdre,Edm.Int64,True,True,98,98,0,100.0,6,all_feeds,observed_source,unclassified,source-schemas/restauration.json
restauration,PrestationsEquipementss.ThesPicto,relation,PrestationsEquipementss,ThesPicto,Edm.String,True,True,98,0,98,0.0,6,all_feeds,observed_source,unclassified,source-schemas/restauration.json
restauration,Reservations.ID,relation,Reservations,ID,Edm.Int64,True,False,0,0,0,0,5,shared,declared_unobserved,unclassified,source-schemas/restauration.json
restauration,Reservations.Lien,relation,Reservations,Lien,Edm.String,True,False,0,0,0,0,5,shared,declared_unobserved,unclassified,source-schemas/restauration.json
restauration,Reservations.Listeplateforme.ThesCode,relation,Reservations,Listeplateforme.ThesCode,Edm.String,True,False,0,0,0,0,5,shared,declared_unobserved,unclassified,source-schemas/restauration.json
restauration,Reservations.Listeplateforme.ThesID,relation,Reservations,Listeplateforme.ThesID,Edm.Guid,True,False,0,0,0,0,5,shared,declared_unobserved,unclassified,source-schemas/restauration.json
restauration,Reservations.Listeplateforme.ThesLibelle,relation,Reservations,Listeplateforme.ThesLibelle,Edm.String,True,False,0,0,0,0,5,shared,declared_unobserved,unclassified,source-schemas/restauration.json
restauration,Reservations.Listeplateforme.ThesOrdre,relation,Reservations,Listeplateforme.ThesOrdre,Edm.Int32,True,False,0,0,0,0,5,shared,declared_unobserved,unclassified,source-schemas/restauration.json
restauration,Reservations.Listeplateforme.ThesPicto,relation,Reservations,Listeplateforme.ThesPicto,Edm.String,True,False,0,0,0,0,5,shared,declared_unobserved,unclassified,source-schemas/restauration.json
restauration,Reservations.Ordre,relation,Reservations,Ordre,Edm.Int64,True,False,0,0,0,0,5,shared,declared_unobserved,unclassified,source-schemas/restauration.json
restauration,Reservations.SyndicObjectId,relation,Reservations,SyndicObjectId,Edm.String,True,False,0,0,0,0,5,shared,declared_unobserved,unclassified,source-schemas/restauration.json
restauration,Restaurateurcertifies.Expertaccrediteprestationliee,relation,Restaurateurcertifies,Expertaccrediteprestationliee,Edm.String,True,False,0,0,0,0,1,feed_specific,declared_unobserved,unclassified,source-schemas/restauration.json
restauration,Restaurateurcertifies.ID,relation,Restaurateurcertifies,ID,Edm.Int64,True,False,0,0,0,0,1,feed_specific,declared_unobserved,unclassified,source-schemas/restauration.json
restauration,Restaurateurcertifies.Ordre,relation,Restaurateurcertifies,Ordre,Edm.Int64,True,False,0,0,0,0,1,feed_specific,declared_unobserved,unclassified,source-schemas/restauration.json
restauration,Restaurateurcertifies.SyndicObjectId,relation,Restaurateurcertifies,SyndicObjectId,Edm.String,True,False,0,0,0,0,1,feed_specific,declared_unobserved,unclassified,source-schemas/restauration.json
restauration,Structure.Address1,relation,Structure,Address1,Edm.String,True,True,100,100,0,100.0,6,all_feeds,observed_source,unclassified,source-schemas/restauration.json
restauration,Structure.Address2,relation,Structure,Address2,Edm.String,True,True,100,0,100,0.0,6,all_feeds,observed_source,unclassified,source-schemas/restauration.json
restauration,Structure.Address3,relation,Structure,Address3,Edm.String,True,True,100,0,100,0.0,6,all_feeds,observed_source,unclassified,source-schemas/restauration.json
restauration,Structure.City,relation,Structure,City,Edm.String,True,True,100,100,0,100.0,6,all_feeds,observed_source,unclassified,source-schemas/restauration.json
restauration,Structure.Country,relation,Structure,Country,Edm.String,True,True,100,0,100,0.0,6,all_feeds,observed_source,unclassified,source-schemas/restauration.json
restauration,Structure.Email,relation,Structure,Email,Edm.String,True,True,100,100,0,100.0,6,all_feeds,observed_source,unclassified,source-schemas/restauration.json
restauration,Structure.EmailName,relation,Structure,EmailName,Edm.String,True,True,100,0,100,0.0,6,all_feeds,observed_source,unclassified,source-schemas/restauration.json
restauration,Structure.Name,relation,Structure,Name,Edm.String,True,True,100,100,0,100.0,6,all_feeds,observed_source,unclassified,source-schemas/restauration.json
restauration,Structure.Phone,relation,Structure,Phone,Edm.String,True,True,100,0,100,0.0,6,all_feeds,observed_source,unclassified,source-schemas/restauration.json
restauration,Structure.Postcode,relation,Structure,Postcode,Edm.String,True,True,100,100,0,100.0,6,all_feeds,observed_source,unclassified,source-schemas/restauration.json
restauration,Structure.SyndicStructureId,relation,Structure,SyndicStructureId,Edm.Guid,True,True,100,100,0,100.0,6,all_feeds,observed_source,unclassified,source-schemas/restauration.json
restauration,Structure.Url,relation,Structure,Url,Edm.String,True,True,100,0,100,0.0,6,all_feeds,observed_source,unclassified,source-schemas/restauration.json
restauration,Tarifs.complementtarifs,relation,Tarifs,complementtarifs,Edm.String,True,True,9,0,9,0.0,5,shared,observed_source,unclassified,source-schemas/restauration.json
restauration,Tarifs.Datedebutaffichage,relation,Tarifs,Datedebutaffichage,Edm.DateTime,True,True,9,9,0,100.0,5,shared,observed_source,unclassified,source-schemas/restauration.json
restauration,Tarifs.Datedebutvalidite,relation,Tarifs,Datedebutvalidite,Edm.DateTime,True,True,9,0,9,0.0,5,shared,observed_source,unclassified,source-schemas/restauration.json
restauration,Tarifs.Datefinaffichage,relation,Tarifs,Datefinaffichage,Edm.DateTime,True,True,9,0,9,0.0,5,shared,observed_source,unclassified,source-schemas/restauration.json
restauration,Tarifs.Datefinvalidite,relation,Tarifs,Datefinvalidite,Edm.DateTime,True,True,9,0,9,0.0,5,shared,observed_source,unclassified,source-schemas/restauration.json
restauration,Tarifs.ID,relation,Tarifs,ID,Edm.Int64,True,True,9,9,0,100.0,5,shared,observed_source,unclassified,source-schemas/restauration.json
restauration,Tarifs.IntituleTarifs,relation,Tarifs,IntituleTarifs,TourInSoft.V5.Syndication.Syndication_FSRestaurationOTISud_CB2825CEC3B7425D8F6A9313DD745C1E.ListeComplexType,False,True,9,0,9,0.0,5,shared,observed_source,unclassified,source-schemas/restauration.json
restauration,Tarifs.IntituleTarifs.ThesCode,relation,Tarifs,IntituleTarifs.ThesCode,Edm.String,True,False,0,0,0,0,5,shared,declared_unobserved,unclassified,source-schemas/restauration.json
restauration,Tarifs.IntituleTarifs.ThesID,relation,Tarifs,IntituleTarifs.ThesID,Edm.Guid,True,False,0,0,0,0,5,shared,declared_unobserved,unclassified,source-schemas/restauration.json
restauration,Tarifs.IntituleTarifs.ThesLibelle,relation,Tarifs,IntituleTarifs.ThesLibelle,Edm.String,True,False,0,0,0,0,5,shared,declared_unobserved,unclassified,source-schemas/restauration.json
restauration,Tarifs.IntituleTarifs.ThesOrdre,relation,Tarifs,IntituleTarifs.ThesOrdre,Edm.Int32,True,False,0,0,0,0,5,shared,declared_unobserved,unclassified,source-schemas/restauration.json
restauration,Tarifs.IntituleTarifs.ThesPicto,relation,Tarifs,IntituleTarifs.ThesPicto,Edm.String,True,False,0,0,0,0,5,shared,declared_unobserved,unclassified,source-schemas/restauration.json
restauration,Tarifs.MaximumEuro,relation,Tarifs,MaximumEuro,Edm.Decimal,True,True,9,9,0,100.0,5,shared,observed_source,unclassified,source-schemas/restauration.json
restauration,Tarifs.MinimumEuro,relation,Tarifs,MinimumEuro,Edm.Decimal,True,True,9,9,0,100.0,5,shared,observed_source,unclassified,source-schemas/restauration.json
restauration,Tarifs.Ordre,relation,Tarifs,Ordre,Edm.Int64,True,True,9,9,0,100.0,5,shared,observed_source,unclassified,source-schemas/restauration.json
restauration,Tarifs.Saisonnalite,relation,Tarifs,Saisonnalite,TourInSoft.V5.Syndication.Syndication_FSRestaurationOTISud_CB2825CEC3B7425D8F6A9313DD745C1E.ListeComplexType,False,True,9,0,9,0.0,5,shared,observed_source,unclassified,source-schemas/restauration.json
restauration,Tarifs.Saisonnalite.ThesCode,relation,Tarifs,Saisonnalite.ThesCode,Edm.String,True,False,0,0,0,0,5,shared,declared_unobserved,unclassified,source-schemas/restauration.json
restauration,Tarifs.Saisonnalite.ThesID,relation,Tarifs,Saisonnalite.ThesID,Edm.Guid,True,False,0,0,0,0,5,shared,declared_unobserved,unclassified,source-schemas/restauration.json
restauration,Tarifs.Saisonnalite.ThesLibelle,relation,Tarifs,Saisonnalite.ThesLibelle,Edm.String,True,False,0,0,0,0,5,shared,declared_unobserved,unclassified,source-schemas/restauration.json
restauration,Tarifs.Saisonnalite.ThesOrdre,relation,Tarifs,Saisonnalite.ThesOrdre,Edm.Int32,True,False,0,0,0,0,5,shared,declared_unobserved,unclassified,source-schemas/restauration.json
restauration,Tarifs.Saisonnalite.ThesPicto,relation,Tarifs,Saisonnalite.ThesPicto,Edm.String,True,False,0,0,0,0,5,shared,declared_unobserved,unclassified,source-schemas/restauration.json
restauration,Tarifs.SyndicObjectId,relation,Tarifs,SyndicObjectId,Edm.String,True,True,9,9,0,100.0,5,shared,observed_source,unclassified,source-schemas/restauration.json
restauration,Thematiques.ID,relation,Thematiques,ID,Edm.Int64,True,False,0,0,0,0,6,all_feeds,declared_unobserved,unclassified,source-schemas/restauration.json
restauration,Thematiques.Ordre,relation,Thematiques,Ordre,Edm.Int64,True,False,0,0,0,0,6,all_feeds,declared_unobserved,unclassified,source-schemas/restauration.json
restauration,Thematiques.SyndicObjectId,relation,Thematiques,SyndicObjectId,Edm.String,True,False,0,0,0,0,6,all_feeds,declared_unobserved,unclassified,source-schemas/restauration.json
restauration,Thematiques.ThesCode,relation,Thematiques,ThesCode,Edm.String,True,False,0,0,0,0,6,all_feeds,declared_unobserved,unclassified,source-schemas/restauration.json
restauration,Thematiques.ThesID,relation,Thematiques,ThesID,Edm.Guid,True,False,0,0,0,0,6,all_feeds,declared_unobserved,unclassified,source-schemas/restauration.json
restauration,Thematiques.ThesLibelle,relation,Thematiques,ThesLibelle,Edm.String,True,False,0,0,0,0,6,all_feeds,declared_unobserved,unclassified,source-schemas/restauration.json
restauration,Thematiques.ThesOrdre,relation,Thematiques,ThesOrdre,Edm.Int32,True,False,0,0,0,0,6,all_feeds,declared_unobserved,unclassified,source-schemas/restauration.json
restauration,Thematiques.ThesPicto,relation,Thematiques,ThesPicto,Edm.String,True,False,0,0,0,0,6,all_feeds,declared_unobserved,unclassified,source-schemas/restauration.json
restauration,TisTracking.CodeOffre,relation,TisTracking,CodeOffre,Edm.String,True,True,100,100,0,100.0,6,all_feeds,observed_source,unclassified,source-schemas/restauration.json
restauration,TisTracking.CodeStructure,relation,TisTracking,CodeStructure,Edm.String,True,True,100,100,0,100.0,6,all_feeds,observed_source,unclassified,source-schemas/restauration.json
restauration,TisTracking.CodeSyndication,relation,TisTracking,CodeSyndication,Edm.String,True,True,100,100,0,100.0,6,all_feeds,observed_source,unclassified,source-schemas/restauration.json
restauration,TisTracking.SyndicObjectId,relation,TisTracking,SyndicObjectId,Edm.String,True,True,100,100,0,100.0,6,all_feeds,observed_source,unclassified,source-schemas/restauration.json
restauration,Typecuisines.ID,relation,Typecuisines,ID,Edm.Int64,True,True,124,124,0,100.0,1,feed_specific,observed_source,unclassified,source-schemas/restauration.json
restauration,Typecuisines.Ordre,relation,Typecuisines,Ordre,Edm.Int64,True,True,124,124,0,100.0,1,feed_specific,observed_source,unclassified,source-schemas/restauration.json
restauration,Typecuisines.SyndicObjectId,relation,Typecuisines,SyndicObjectId,Edm.String,True,True,124,124,0,100.0,1,feed_specific,observed_source,unclassified,source-schemas/restauration.json
restauration,Typecuisines.ThesCode,relation,Typecuisines,ThesCode,Edm.String,True,True,124,124,0,100.0,1,feed_specific,observed_source,unclassified,source-schemas/restauration.json
restauration,Typecuisines.ThesID,relation,Typecuisines,ThesID,Edm.Guid,True,True,124,124,0,100.0,1,feed_specific,observed_source,unclassified,source-schemas/restauration.json
restauration,Typecuisines.ThesLibelle,relation,Typecuisines,ThesLibelle,Edm.String,True,True,124,124,0,100.0,1,feed_specific,observed_source,unclassified,source-schemas/restauration.json
restauration,Typecuisines.ThesOrdre,relation,Typecuisines,ThesOrdre,Edm.Int64,True,True,124,124,0,100.0,1,feed_specific,observed_source,unclassified,source-schemas/restauration.json
restauration,Typecuisines.ThesPicto,relation,Typecuisines,ThesPicto,Edm.String,True,True,124,0,124,0.0,1,feed_specific,observed_source,unclassified,source-schemas/restauration.json
restauration,Typeequipements.ID,relation,Typeequipements,ID,Edm.Int64,True,True,100,100,0,100.0,4,shared,observed_source,unclassified,source-schemas/restauration.json
restauration,Typeequipements.Ordre,relation,Typeequipements,Ordre,Edm.Int64,True,True,100,100,0,100.0,4,shared,observed_source,unclassified,source-schemas/restauration.json
restauration,Typeequipements.SyndicObjectId,relation,Typeequipements,SyndicObjectId,Edm.String,True,True,100,100,0,100.0,4,shared,observed_source,unclassified,source-schemas/restauration.json
restauration,Typeequipements.Typedactivite.ThesCode,relation,Typeequipements,Typedactivite.ThesCode,Edm.String,True,True,100,100,0,100.0,4,shared,observed_source,unclassified,source-schemas/restauration.json
restauration,Typeequipements.Typedactivite.ThesID,relation,Typeequipements,Typedactivite.ThesID,Edm.Guid,True,True,100,100,0,100.0,4,shared,observed_source,unclassified,source-schemas/restauration.json
restauration,Typeequipements.Typedactivite.ThesLibelle,relation,Typeequipements,Typedactivite.ThesLibelle,Edm.String,True,True,100,100,0,100.0,4,shared,observed_source,unclassified,source-schemas/restauration.json
restauration,Typeequipements.Typedactivite.ThesOrdre,relation,Typeequipements,Typedactivite.ThesOrdre,Edm.Int32,True,True,100,100,0,100.0,4,shared,observed_source,unclassified,source-schemas/restauration.json
restauration,Typeequipements.Typedactivite.ThesPicto,relation,Typeequipements,Typedactivite.ThesPicto,Edm.String,True,True,100,0,100,0.0,4,shared,observed_source,unclassified,source-schemas/restauration.json
restauration,Videos.ID,relation,Videos,ID,Edm.Int64,True,False,0,0,0,0,6,all_feeds,declared_unobserved,unclassified,source-schemas/restauration.json
restauration,Videos.IntegrerlavideosursonsitecopiercollerdeObjetouembedYoutubeouDailymotion,relation,Videos,IntegrerlavideosursonsitecopiercollerdeObjetouembedYoutubeouDailymotion,Edm.String,True,False,0,0,0,0,6,all_feeds,declared_unobserved,unclassified,source-schemas/restauration.json
restauration,Videos.Licencecreativecommons,relation,Videos,Licencecreativecommons,Edm.Boolean,True,False,0,0,0,0,6,all_feeds,declared_unobserved,unclassified,source-schemas/restauration.json
restauration,Videos.Ordre,relation,Videos,Ordre,Edm.Int64,True,False,0,0,0,0,6,all_feeds,declared_unobserved,unclassified,source-schemas/restauration.json
restauration,Videos.SyndicObjectId,relation,Videos,SyndicObjectId,Edm.String,True,False,0,0,0,0,6,all_feeds,declared_unobserved,unclassified,source-schemas/restauration.json
restauration,Videos.URLvideo,relation,Videos,URLvideo,Edm.String,True,False,0,0,0,0,6,all_feeds,declared_unobserved,unclassified,source-schemas/restauration.json
transport,object.Adresse1,object,,Adresse1,Edm.String,True,True,18,18,0,100.0,6,all_feeds,observed_source,unclassified,source-schemas/transport.json
transport,object.Adresse2,object,,Adresse2,Edm.String,True,True,18,2,16,11.1,6,all_feeds,observed_source,unclassified,source-schemas/transport.json
transport,object.Adresse3,object,,Adresse3,Edm.String,True,True,18,0,18,0.0,6,all_feeds,observed_source,unclassified,source-schemas/transport.json
transport,object.Bureau.ThesCode,object,,Bureau.ThesCode,Edm.String,True,True,18,18,0,100.0,6,all_feeds,observed_source,unclassified,source-schemas/transport.json
transport,object.Bureau.ThesID,object,,Bureau.ThesID,Edm.Guid,True,True,18,18,0,100.0,6,all_feeds,observed_source,unclassified,source-schemas/transport.json
transport,object.Bureau.ThesLibelle,object,,Bureau.ThesLibelle,Edm.String,True,True,18,18,0,100.0,6,all_feeds,observed_source,unclassified,source-schemas/transport.json
transport,object.Bureau.ThesOrdre,object,,Bureau.ThesOrdre,Edm.Int32,True,True,18,18,0,100.0,6,all_feeds,observed_source,unclassified,source-schemas/transport.json
transport,object.Bureau.ThesPicto,object,,Bureau.ThesPicto,Edm.String,True,True,18,0,18,0.0,6,all_feeds,observed_source,unclassified,source-schemas/transport.json
transport,object.ClassificationType.ThesCode,object,,ClassificationType.ThesCode,Edm.String,True,True,18,18,0,100.0,6,all_feeds,observed_source,unclassified,source-schemas/transport.json
transport,object.ClassificationType.ThesID,object,,ClassificationType.ThesID,Edm.Guid,True,True,18,18,0,100.0,6,all_feeds,observed_source,unclassified,source-schemas/transport.json
transport,object.ClassificationType.ThesLibelle,object,,ClassificationType.ThesLibelle,Edm.String,True,True,18,18,0,100.0,6,all_feeds,observed_source,unclassified,source-schemas/transport.json
transport,object.ClassificationType.ThesOrdre,object,,ClassificationType.ThesOrdre,Edm.Int32,True,True,18,18,0,100.0,6,all_feeds,observed_source,unclassified,source-schemas/transport.json
transport,object.ClassificationType.ThesPicto,object,,ClassificationType.ThesPicto,Edm.String,True,True,18,0,18,0.0,6,all_feeds,observed_source,unclassified,source-schemas/transport.json
transport,object.CodeINSEE,object,,CodeINSEE,Edm.String,True,True,18,18,0,100.0,6,all_feeds,observed_source,unclassified,source-schemas/transport.json
transport,object.CodePostal,object,,CodePostal,Edm.String,True,True,18,18,0,100.0,6,all_feeds,observed_source,unclassified,source-schemas/transport.json
transport,object.Commune,object,,Commune,Edm.String,True,True,18,18,0,100.0,6,all_feeds,observed_source,unclassified,source-schemas/transport.json
transport,object.GmapLatitude,object,,GmapLatitude,Edm.String,True,True,18,17,1,94.4,6,all_feeds,observed_source,unclassified,source-schemas/transport.json
transport,object.GmapLongitude,object,,GmapLongitude,Edm.String,True,True,18,17,1,94.4,6,all_feeds,observed_source,unclassified,source-schemas/transport.json
transport,object.IdentifiantSoubik,object,,IdentifiantSoubik,Edm.String,True,True,18,17,1,94.4,6,all_feeds,observed_source,unclassified,source-schemas/transport.json
transport,object.Lieudit,object,,Lieudit,TourInSoft.V5.Syndication.Syndication_FSTRANSPORTOTISud_06FE61F16E764FECA6567B8D83216608.ListeComplexType,False,True,16,0,16,0.0,6,all_feeds,observed_source,unclassified,source-schemas/transport.json
transport,object.Lieudit.ThesCode,object,,Lieudit.ThesCode,Edm.String,True,True,2,2,0,100.0,6,all_feeds,observed_source,unclassified,source-schemas/transport.json
transport,object.Lieudit.ThesID,object,,Lieudit.ThesID,Edm.Guid,True,True,2,2,0,100.0,6,all_feeds,observed_source,unclassified,source-schemas/transport.json
transport,object.Lieudit.ThesLibelle,object,,Lieudit.ThesLibelle,Edm.String,True,True,2,2,0,100.0,6,all_feeds,observed_source,unclassified,source-schemas/transport.json
transport,object.Lieudit.ThesOrdre,object,,Lieudit.ThesOrdre,Edm.Int32,True,True,2,2,0,100.0,6,all_feeds,observed_source,unclassified,source-schemas/transport.json
transport,object.Lieudit.ThesPicto,object,,Lieudit.ThesPicto,Edm.String,True,True,2,0,2,0.0,6,all_feeds,observed_source,unclassified,source-schemas/transport.json
transport,object.Nometablissement,object,,Nometablissement,Edm.String,True,True,18,18,0,100.0,6,all_feeds,observed_source,unclassified,source-schemas/transport.json
transport,object.ObjectTypeFix,object,,ObjectTypeFix,Edm.String,True,True,18,18,0,100.0,6,all_feeds,observed_source,unclassified,source-schemas/transport.json
transport,object.ObjectTypeName,object,,ObjectTypeName,Edm.String,True,True,18,18,0,100.0,6,all_feeds,observed_source,unclassified,source-schemas/transport.json
transport,object.Published,object,,Published,Edm.DateTime,True,True,18,18,0,100.0,6,all_feeds,observed_source,unclassified,source-schemas/transport.json
transport,object.RaisonSociale,object,,RaisonSociale,Edm.String,True,True,18,10,8,55.6,6,all_feeds,observed_source,unclassified,source-schemas/transport.json
transport,object.SIRET,object,,SIRET,Edm.String,True,True,18,18,0,100.0,6,all_feeds,observed_source,unclassified,source-schemas/transport.json
transport,object.Surreservation,object,,Surreservation,Edm.Boolean,True,True,18,1,17,5.6,3,shared,observed_source,unclassified,source-schemas/transport.json
transport,object.SyndicObjectID,object,,SyndicObjectID,Edm.String,True,True,18,18,0,100.0,6,all_feeds,observed_source,unclassified,source-schemas/transport.json
transport,object.SyndicObjectName,object,,SyndicObjectName,Edm.String,True,True,18,18,0,100.0,6,all_feeds,observed_source,unclassified,source-schemas/transport.json
transport,object.SyndicObjectOrder,object,,SyndicObjectOrder,Edm.Int64,True,True,18,18,0,100.0,6,all_feeds,observed_source,unclassified,source-schemas/transport.json
transport,object.SyndicStructureId,object,,SyndicStructureId,Edm.Guid,True,True,18,18,0,100.0,6,all_feeds,observed_source,unclassified,source-schemas/transport.json
transport,object.TIS_TRACKING_LISTING_OFFRE,object,,TIS_TRACKING_LISTING_OFFRE,Edm.String,True,True,18,18,0,100.0,6,all_feeds,observed_source,unclassified,source-schemas/transport.json
transport,object.TIS_TRACKING_OFFRE,object,,TIS_TRACKING_OFFRE,Edm.String,True,True,18,18,0,100.0,6,all_feeds,observed_source,unclassified,source-schemas/transport.json
transport,object.Updated,object,,Updated,Edm.DateTime,True,True,18,18,0,100.0,6,all_feeds,observed_source,unclassified,source-schemas/transport.json
transport,Chaines.Groupe,relation,Chaines,Groupe,TourInSoft.V5.Syndication.Syndication_FSTRANSPORTOTISud_06FE61F16E764FECA6567B8D83216608.ListeComplexType,False,True,2,0,2,0.0,5,shared,observed_source,unclassified,source-schemas/transport.json
transport,Chaines.Groupe.ThesCode,relation,Chaines,Groupe.ThesCode,Edm.String,True,False,0,0,0,0,5,shared,declared_unobserved,unclassified,source-schemas/transport.json
transport,Chaines.Groupe.ThesID,relation,Chaines,Groupe.ThesID,Edm.Guid,True,False,0,0,0,0,5,shared,declared_unobserved,unclassified,source-schemas/transport.json
transport,Chaines.Groupe.ThesLibelle,relation,Chaines,Groupe.ThesLibelle,Edm.String,True,False,0,0,0,0,5,shared,declared_unobserved,unclassified,source-schemas/transport.json
transport,Chaines.Groupe.ThesOrdre,relation,Chaines,Groupe.ThesOrdre,Edm.Int32,True,False,0,0,0,0,5,shared,declared_unobserved,unclassified,source-schemas/transport.json
transport,Chaines.Groupe.ThesPicto,relation,Chaines,Groupe.ThesPicto,Edm.String,True,False,0,0,0,0,5,shared,declared_unobserved,unclassified,source-schemas/transport.json
transport,Chaines.ID,relation,Chaines,ID,Edm.Int64,True,True,2,2,0,100.0,5,shared,observed_source,unclassified,source-schemas/transport.json
transport,Chaines.Ordre,relation,Chaines,Ordre,Edm.Int64,True,True,2,2,0,100.0,5,shared,observed_source,unclassified,source-schemas/transport.json
transport,Chaines.Reseaux,relation,Chaines,Reseaux,TourInSoft.V5.Syndication.Syndication_FSTRANSPORTOTISud_06FE61F16E764FECA6567B8D83216608.ListeComplexType,False,True,2,0,2,0.0,5,shared,observed_source,unclassified,source-schemas/transport.json
transport,Chaines.Reseaux.ThesCode,relation,Chaines,Reseaux.ThesCode,Edm.String,True,False,0,0,0,0,5,shared,declared_unobserved,unclassified,source-schemas/transport.json
transport,Chaines.Reseaux.ThesID,relation,Chaines,Reseaux.ThesID,Edm.Guid,True,False,0,0,0,0,5,shared,declared_unobserved,unclassified,source-schemas/transport.json
transport,Chaines.Reseaux.ThesLibelle,relation,Chaines,Reseaux.ThesLibelle,Edm.String,True,False,0,0,0,0,5,shared,declared_unobserved,unclassified,source-schemas/transport.json
transport,Chaines.Reseaux.ThesOrdre,relation,Chaines,Reseaux.ThesOrdre,Edm.Int32,True,False,0,0,0,0,5,shared,declared_unobserved,unclassified,source-schemas/transport.json
transport,Chaines.Reseaux.ThesPicto,relation,Chaines,Reseaux.ThesPicto,Edm.String,True,False,0,0,0,0,5,shared,declared_unobserved,unclassified,source-schemas/transport.json
transport,Chaines.SyndicObjectId,relation,Chaines,SyndicObjectId,Edm.String,True,True,2,2,0,100.0,5,shared,observed_source,unclassified,source-schemas/transport.json
transport,ClassificationCategories.ID,relation,ClassificationCategories,ID,Edm.Int64,True,True,18,18,0,100.0,3,shared,observed_source,unclassified,source-schemas/transport.json
transport,ClassificationCategories.Ordre,relation,ClassificationCategories,Ordre,Edm.Int64,True,True,18,18,0,100.0,3,shared,observed_source,unclassified,source-schemas/transport.json
transport,ClassificationCategories.SyndicObjectId,relation,ClassificationCategories,SyndicObjectId,Edm.String,True,True,18,18,0,100.0,3,shared,observed_source,unclassified,source-schemas/transport.json
transport,ClassificationCategories.ThesCode,relation,ClassificationCategories,ThesCode,Edm.String,True,True,18,18,0,100.0,3,shared,observed_source,unclassified,source-schemas/transport.json
transport,ClassificationCategories.ThesID,relation,ClassificationCategories,ThesID,Edm.Guid,True,True,18,18,0,100.0,3,shared,observed_source,unclassified,source-schemas/transport.json
transport,ClassificationCategories.ThesLibelle,relation,ClassificationCategories,ThesLibelle,Edm.String,True,True,18,18,0,100.0,3,shared,observed_source,unclassified,source-schemas/transport.json
transport,ClassificationCategories.ThesOrdre,relation,ClassificationCategories,ThesOrdre,Edm.Int64,True,True,18,18,0,100.0,3,shared,observed_source,unclassified,source-schemas/transport.json
transport,ClassificationCategories.ThesPicto,relation,ClassificationCategories,ThesPicto,Edm.String,True,True,18,0,18,0.0,3,shared,observed_source,unclassified,source-schemas/transport.json
transport,ClassificationSousCategorieLocVehicules.ID,relation,ClassificationSousCategorieLocVehicules,ID,Edm.Int64,True,True,4,4,0,100.0,1,feed_specific,observed_source,unclassified,source-schemas/transport.json
transport,ClassificationSousCategorieLocVehicules.Ordre,relation,ClassificationSousCategorieLocVehicules,Ordre,Edm.Int64,True,True,4,4,0,100.0,1,feed_specific,observed_source,unclassified,source-schemas/transport.json
transport,ClassificationSousCategorieLocVehicules.SyndicObjectId,relation,ClassificationSousCategorieLocVehicules,SyndicObjectId,Edm.String,True,True,4,4,0,100.0,1,feed_specific,observed_source,unclassified,source-schemas/transport.json
transport,ClassificationSousCategorieLocVehicules.ThesCode,relation,ClassificationSousCategorieLocVehicules,ThesCode,Edm.String,True,True,4,4,0,100.0,1,feed_specific,observed_source,unclassified,source-schemas/transport.json
transport,ClassificationSousCategorieLocVehicules.ThesID,relation,ClassificationSousCategorieLocVehicules,ThesID,Edm.Guid,True,True,4,4,0,100.0,1,feed_specific,observed_source,unclassified,source-schemas/transport.json
transport,ClassificationSousCategorieLocVehicules.ThesLibelle,relation,ClassificationSousCategorieLocVehicules,ThesLibelle,Edm.String,True,True,4,4,0,100.0,1,feed_specific,observed_source,unclassified,source-schemas/transport.json
transport,ClassificationSousCategorieLocVehicules.ThesOrdre,relation,ClassificationSousCategorieLocVehicules,ThesOrdre,Edm.Int64,True,True,4,4,0,100.0,1,feed_specific,observed_source,unclassified,source-schemas/transport.json
transport,ClassificationSousCategorieLocVehicules.ThesPicto,relation,ClassificationSousCategorieLocVehicules,ThesPicto,Edm.String,True,True,4,0,4,0.0,1,feed_specific,observed_source,unclassified,source-schemas/transport.json
transport,ClassificationSousCategorieServicess.ID,relation,ClassificationSousCategorieServicess,ID,Edm.Int64,True,True,15,15,0,100.0,1,feed_specific,observed_source,unclassified,source-schemas/transport.json
transport,ClassificationSousCategorieServicess.Ordre,relation,ClassificationSousCategorieServicess,Ordre,Edm.Int64,True,True,15,15,0,100.0,1,feed_specific,observed_source,unclassified,source-schemas/transport.json
transport,ClassificationSousCategorieServicess.SyndicObjectId,relation,ClassificationSousCategorieServicess,SyndicObjectId,Edm.String,True,True,15,15,0,100.0,1,feed_specific,observed_source,unclassified,source-schemas/transport.json
transport,ClassificationSousCategorieServicess.ThesCode,relation,ClassificationSousCategorieServicess,ThesCode,Edm.String,True,True,15,15,0,100.0,1,feed_specific,observed_source,unclassified,source-schemas/transport.json
transport,ClassificationSousCategorieServicess.ThesID,relation,ClassificationSousCategorieServicess,ThesID,Edm.Guid,True,True,15,15,0,100.0,1,feed_specific,observed_source,unclassified,source-schemas/transport.json
transport,ClassificationSousCategorieServicess.ThesLibelle,relation,ClassificationSousCategorieServicess,ThesLibelle,Edm.String,True,True,15,15,0,100.0,1,feed_specific,observed_source,unclassified,source-schemas/transport.json
transport,ClassificationSousCategorieServicess.ThesOrdre,relation,ClassificationSousCategorieServicess,ThesOrdre,Edm.Int64,True,True,15,15,0,100.0,1,feed_specific,observed_source,unclassified,source-schemas/transport.json
transport,ClassificationSousCategorieServicess.ThesPicto,relation,ClassificationSousCategorieServicess,ThesPicto,Edm.String,True,True,15,0,15,0.0,1,feed_specific,observed_source,unclassified,source-schemas/transport.json
transport,ClassificationSousCategorieTransAeriens.ID,relation,ClassificationSousCategorieTransAeriens,ID,Edm.Int64,True,False,0,0,0,0,1,feed_specific,declared_unobserved,unclassified,source-schemas/transport.json
transport,ClassificationSousCategorieTransAeriens.Ordre,relation,ClassificationSousCategorieTransAeriens,Ordre,Edm.Int64,True,False,0,0,0,0,1,feed_specific,declared_unobserved,unclassified,source-schemas/transport.json
transport,ClassificationSousCategorieTransAeriens.SyndicObjectId,relation,ClassificationSousCategorieTransAeriens,SyndicObjectId,Edm.String,True,False,0,0,0,0,1,feed_specific,declared_unobserved,unclassified,source-schemas/transport.json
transport,ClassificationSousCategorieTransAeriens.ThesCode,relation,ClassificationSousCategorieTransAeriens,ThesCode,Edm.String,True,False,0,0,0,0,1,feed_specific,declared_unobserved,unclassified,source-schemas/transport.json
transport,ClassificationSousCategorieTransAeriens.ThesID,relation,ClassificationSousCategorieTransAeriens,ThesID,Edm.Guid,True,False,0,0,0,0,1,feed_specific,declared_unobserved,unclassified,source-schemas/transport.json
transport,ClassificationSousCategorieTransAeriens.ThesLibelle,relation,ClassificationSousCategorieTransAeriens,ThesLibelle,Edm.String,True,False,0,0,0,0,1,feed_specific,declared_unobserved,unclassified,source-schemas/transport.json
transport,ClassificationSousCategorieTransAeriens.ThesOrdre,relation,ClassificationSousCategorieTransAeriens,ThesOrdre,Edm.Int32,True,False,0,0,0,0,1,feed_specific,declared_unobserved,unclassified,source-schemas/transport.json
transport,ClassificationSousCategorieTransAeriens.ThesPicto,relation,ClassificationSousCategorieTransAeriens,ThesPicto,Edm.String,True,False,0,0,0,0,1,feed_specific,declared_unobserved,unclassified,source-schemas/transport.json
transport,Descriptifaccess.Descriptifduplandacces,relation,Descriptifaccess,Descriptifduplandacces,Edm.String,True,True,18,8,10,44.4,5,shared,observed_source,unclassified,source-schemas/transport.json
transport,Descriptifaccess.ID,relation,Descriptifaccess,ID,Edm.Int64,True,True,18,18,0,100.0,5,shared,observed_source,unclassified,source-schemas/transport.json
transport,Descriptifaccess.Ordre,relation,Descriptifaccess,Ordre,Edm.Int64,True,True,18,18,0,100.0,5,shared,observed_source,unclassified,source-schemas/transport.json
transport,Descriptifaccess.SyndicObjectId,relation,Descriptifaccess,SyndicObjectId,Edm.String,True,True,18,18,0,100.0,5,shared,observed_source,unclassified,source-schemas/transport.json
transport,Descriptifss.Accroche,relation,Descriptifss,Accroche,Edm.String,True,True,18,18,0,100.0,6,all_feeds,observed_source,unclassified,source-schemas/transport.json
transport,Descriptifss.Descriptioncommerciale,relation,Descriptifss,Descriptioncommerciale,Edm.String,True,True,18,18,0,100.0,6,all_feeds,observed_source,unclassified,source-schemas/transport.json
transport,Descriptifss.ID,relation,Descriptifss,ID,Edm.Int64,True,True,18,18,0,100.0,6,all_feeds,observed_source,unclassified,source-schemas/transport.json
transport,Descriptifss.Ordre,relation,Descriptifss,Ordre,Edm.Int64,True,True,18,18,0,100.0,6,all_feeds,observed_source,unclassified,source-schemas/transport.json
transport,Descriptifss.SyndicObjectId,relation,Descriptifss,SyndicObjectId,Edm.String,True,True,18,18,0,100.0,6,all_feeds,observed_source,unclassified,source-schemas/transport.json
transport,Fichiers.DocumentFichier.Credit,relation,Fichiers,DocumentFichier.Credit,Edm.String,True,False,0,0,0,0,6,all_feeds,declared_unobserved,unclassified,source-schemas/transport.json
transport,Fichiers.DocumentFichier.MediaID,relation,Fichiers,DocumentFichier.MediaID,Edm.Guid,True,False,0,0,0,0,6,all_feeds,declared_unobserved,unclassified,source-schemas/transport.json
transport,Fichiers.DocumentFichier.Titre,relation,Fichiers,DocumentFichier.Titre,Edm.String,True,False,0,0,0,0,6,all_feeds,declared_unobserved,unclassified,source-schemas/transport.json
transport,Fichiers.DocumentFichier.Url,relation,Fichiers,DocumentFichier.Url,Edm.String,True,False,0,0,0,0,6,all_feeds,declared_unobserved,unclassified,source-schemas/transport.json
transport,Fichiers.ID,relation,Fichiers,ID,Edm.Int64,True,False,0,0,0,0,6,all_feeds,declared_unobserved,unclassified,source-schemas/transport.json
transport,Fichiers.Ordre,relation,Fichiers,Ordre,Edm.Int64,True,False,0,0,0,0,6,all_feeds,declared_unobserved,unclassified,source-schemas/transport.json
transport,Fichiers.SyndicObjectId,relation,Fichiers,SyndicObjectId,Edm.String,True,False,0,0,0,0,6,all_feeds,declared_unobserved,unclassified,source-schemas/transport.json
transport,Handicaps.ID,relation,Handicaps,ID,Edm.Int64,True,False,0,0,0,0,6,all_feeds,declared_unobserved,unclassified,source-schemas/transport.json
transport,Handicaps.Ordre,relation,Handicaps,Ordre,Edm.Int64,True,False,0,0,0,0,6,all_feeds,declared_unobserved,unclassified,source-schemas/transport.json
transport,Handicaps.SyndicObjectId,relation,Handicaps,SyndicObjectId,Edm.String,True,False,0,0,0,0,6,all_feeds,declared_unobserved,unclassified,source-schemas/transport.json
transport,Handicaps.ThesCode,relation,Handicaps,ThesCode,Edm.String,True,False,0,0,0,0,6,all_feeds,declared_unobserved,unclassified,source-schemas/transport.json
transport,Handicaps.ThesID,relation,Handicaps,ThesID,Edm.Guid,True,False,0,0,0,0,6,all_feeds,declared_unobserved,unclassified,source-schemas/transport.json
transport,Handicaps.ThesLibelle,relation,Handicaps,ThesLibelle,Edm.String,True,False,0,0,0,0,6,all_feeds,declared_unobserved,unclassified,source-schemas/transport.json
transport,Handicaps.ThesOrdre,relation,Handicaps,ThesOrdre,Edm.Int32,True,False,0,0,0,0,6,all_feeds,declared_unobserved,unclassified,source-schemas/transport.json
transport,Handicaps.ThesPicto,relation,Handicaps,ThesPicto,Edm.String,True,False,0,0,0,0,6,all_feeds,declared_unobserved,unclassified,source-schemas/transport.json
transport,Labels.ID,relation,Labels,ID,Edm.Int64,True,False,0,0,0,0,6,all_feeds,declared_unobserved,unclassified,source-schemas/transport.json
transport,Labels.Ordre,relation,Labels,Ordre,Edm.Int64,True,False,0,0,0,0,6,all_feeds,declared_unobserved,unclassified,source-schemas/transport.json
transport,Labels.SyndicObjectId,relation,Labels,SyndicObjectId,Edm.String,True,False,0,0,0,0,6,all_feeds,declared_unobserved,unclassified,source-schemas/transport.json
transport,Labels.ThesCode,relation,Labels,ThesCode,Edm.String,True,False,0,0,0,0,4,shared,declared_unobserved,unclassified,source-schemas/transport.json
transport,Labels.ThesID,relation,Labels,ThesID,Edm.Guid,True,False,0,0,0,0,4,shared,declared_unobserved,unclassified,source-schemas/transport.json
transport,Labels.ThesLibelle,relation,Labels,ThesLibelle,Edm.String,True,False,0,0,0,0,4,shared,declared_unobserved,unclassified,source-schemas/transport.json
transport,Labels.ThesOrdre,relation,Labels,ThesOrdre,Edm.Int32,True,False,0,0,0,0,4,shared,declared_unobserved,unclassified,source-schemas/transport.json
transport,Labels.ThesPicto,relation,Labels,ThesPicto,Edm.String,True,False,0,0,0,0,4,shared,declared_unobserved,unclassified,source-schemas/transport.json
transport,LanguesParleess.ID,relation,LanguesParleess,ID,Edm.Int64,True,True,43,43,0,100.0,6,all_feeds,observed_source,unclassified,source-schemas/transport.json
transport,LanguesParleess.Ordre,relation,LanguesParleess,Ordre,Edm.Int64,True,True,43,43,0,100.0,6,all_feeds,observed_source,unclassified,source-schemas/transport.json
transport,LanguesParleess.SyndicObjectId,relation,LanguesParleess,SyndicObjectId,Edm.String,True,True,43,43,0,100.0,6,all_feeds,observed_source,unclassified,source-schemas/transport.json
transport,LanguesParleess.ThesCode,relation,LanguesParleess,ThesCode,Edm.String,True,True,43,43,0,100.0,6,all_feeds,observed_source,unclassified,source-schemas/transport.json
transport,LanguesParleess.ThesID,relation,LanguesParleess,ThesID,Edm.Guid,True,True,43,43,0,100.0,6,all_feeds,observed_source,unclassified,source-schemas/transport.json
transport,LanguesParleess.ThesLibelle,relation,LanguesParleess,ThesLibelle,Edm.String,True,True,43,43,0,100.0,6,all_feeds,observed_source,unclassified,source-schemas/transport.json
transport,LanguesParleess.ThesOrdre,relation,LanguesParleess,ThesOrdre,Edm.Int64,True,True,43,43,0,100.0,6,all_feeds,observed_source,unclassified,source-schemas/transport.json
transport,LanguesParleess.ThesPicto,relation,LanguesParleess,ThesPicto,Edm.String,True,True,43,0,43,0.0,6,all_feeds,observed_source,unclassified,source-schemas/transport.json
transport,Localisations.ID,relation,Localisations,ID,Edm.Int64,True,True,11,11,0,100.0,5,shared,observed_source,unclassified,source-schemas/transport.json
transport,Localisations.Ordre,relation,Localisations,Ordre,Edm.Int64,True,True,11,11,0,100.0,5,shared,observed_source,unclassified,source-schemas/transport.json
transport,Localisations.SyndicObjectId,relation,Localisations,SyndicObjectId,Edm.String,True,True,11,11,0,100.0,5,shared,observed_source,unclassified,source-schemas/transport.json
transport,Localisations.ThesCode,relation,Localisations,ThesCode,Edm.String,True,True,11,11,0,100.0,5,shared,observed_source,unclassified,source-schemas/transport.json
transport,Localisations.ThesID,relation,Localisations,ThesID,Edm.Guid,True,True,11,11,0,100.0,5,shared,observed_source,unclassified,source-schemas/transport.json
transport,Localisations.ThesLibelle,relation,Localisations,ThesLibelle,Edm.String,True,True,11,11,0,100.0,5,shared,observed_source,unclassified,source-schemas/transport.json
transport,Localisations.ThesOrdre,relation,Localisations,ThesOrdre,Edm.Int64,True,True,11,11,0,100.0,5,shared,observed_source,unclassified,source-schemas/transport.json
transport,Localisations.ThesPicto,relation,Localisations,ThesPicto,Edm.String,True,True,11,0,11,0.0,5,shared,observed_source,unclassified,source-schemas/transport.json
transport,Marques.ID,relation,Marques,ID,Edm.Int64,True,False,0,0,0,0,5,shared,declared_unobserved,unclassified,source-schemas/transport.json
transport,Marques.Ordre,relation,Marques,Ordre,Edm.Int64,True,False,0,0,0,0,5,shared,declared_unobserved,unclassified,source-schemas/transport.json
transport,Marques.SyndicObjectId,relation,Marques,SyndicObjectId,Edm.String,True,False,0,0,0,0,5,shared,declared_unobserved,unclassified,source-schemas/transport.json
transport,Marques.ThesCode,relation,Marques,ThesCode,Edm.String,True,False,0,0,0,0,3,shared,declared_unobserved,unclassified,source-schemas/transport.json
transport,Marques.ThesID,relation,Marques,ThesID,Edm.Guid,True,False,0,0,0,0,3,shared,declared_unobserved,unclassified,source-schemas/transport.json
transport,Marques.ThesLibelle,relation,Marques,ThesLibelle,Edm.String,True,False,0,0,0,0,3,shared,declared_unobserved,unclassified,source-schemas/transport.json
transport,Marques.ThesOrdre,relation,Marques,ThesOrdre,Edm.Int32,True,False,0,0,0,0,3,shared,declared_unobserved,unclassified,source-schemas/transport.json
transport,Marques.ThesPicto,relation,Marques,ThesPicto,Edm.String,True,False,0,0,0,0,3,shared,declared_unobserved,unclassified,source-schemas/transport.json
transport,ModesPaiements.ID,relation,ModesPaiements,ID,Edm.Int64,True,True,45,45,0,100.0,6,all_feeds,observed_source,unclassified,source-schemas/transport.json
transport,ModesPaiements.Ordre,relation,ModesPaiements,Ordre,Edm.Int64,True,True,45,45,0,100.0,6,all_feeds,observed_source,unclassified,source-schemas/transport.json
transport,ModesPaiements.SyndicObjectId,relation,ModesPaiements,SyndicObjectId,Edm.String,True,True,45,45,0,100.0,6,all_feeds,observed_source,unclassified,source-schemas/transport.json
transport,ModesPaiements.ThesCode,relation,ModesPaiements,ThesCode,Edm.String,True,True,45,45,0,100.0,6,all_feeds,observed_source,unclassified,source-schemas/transport.json
transport,ModesPaiements.ThesID,relation,ModesPaiements,ThesID,Edm.Guid,True,True,45,45,0,100.0,6,all_feeds,observed_source,unclassified,source-schemas/transport.json
transport,ModesPaiements.ThesLibelle,relation,ModesPaiements,ThesLibelle,Edm.String,True,True,45,45,0,100.0,6,all_feeds,observed_source,unclassified,source-schemas/transport.json
transport,ModesPaiements.ThesOrdre,relation,ModesPaiements,ThesOrdre,Edm.Int64,True,True,45,45,0,100.0,6,all_feeds,observed_source,unclassified,source-schemas/transport.json
transport,ModesPaiements.ThesPicto,relation,ModesPaiements,ThesPicto,Edm.String,True,True,45,0,45,0.0,6,all_feeds,observed_source,unclassified,source-schemas/transport.json
transport,Moyencommunications.Complementdinformations,relation,Moyencommunications,Complementdinformations,Edm.String,True,True,53,0,53,0.0,6,all_feeds,observed_source,unclassified,source-schemas/transport.json
transport,Moyencommunications.Coordonnees,relation,Moyencommunications,Coordonnees,Edm.String,True,True,53,52,1,98.1,6,all_feeds,observed_source,unclassified,source-schemas/transport.json
transport,Moyencommunications.ID,relation,Moyencommunications,ID,Edm.Int64,True,True,53,53,0,100.0,6,all_feeds,observed_source,unclassified,source-schemas/transport.json
transport,Moyencommunications.Moyendecommunication,relation,Moyencommunications,Moyendecommunication,TourInSoft.V5.Syndication.Syndication_FSTRANSPORTOTISud_06FE61F16E764FECA6567B8D83216608.ListeComplexType,False,True,5,0,5,0.0,5,shared,observed_source,unclassified,source-schemas/transport.json
transport,Moyencommunications.Moyendecommunication.ThesCode,relation,Moyencommunications,Moyendecommunication.ThesCode,Edm.String,True,True,48,48,0,100.0,6,all_feeds,observed_source,unclassified,source-schemas/transport.json
transport,Moyencommunications.Moyendecommunication.ThesID,relation,Moyencommunications,Moyendecommunication.ThesID,Edm.Guid,True,True,48,48,0,100.0,6,all_feeds,observed_source,unclassified,source-schemas/transport.json
transport,Moyencommunications.Moyendecommunication.ThesLibelle,relation,Moyencommunications,Moyendecommunication.ThesLibelle,Edm.String,True,True,48,48,0,100.0,6,all_feeds,observed_source,unclassified,source-schemas/transport.json
transport,Moyencommunications.Moyendecommunication.ThesOrdre,relation,Moyencommunications,Moyendecommunication.ThesOrdre,Edm.Int32,True,True,48,48,0,100.0,6,all_feeds,observed_source,unclassified,source-schemas/transport.json
transport,Moyencommunications.Moyendecommunication.ThesPicto,relation,Moyencommunications,Moyendecommunication.ThesPicto,Edm.String,True,True,48,0,48,0.0,6,all_feeds,observed_source,unclassified,source-schemas/transport.json
transport,Moyencommunications.Ordre,relation,Moyencommunications,Ordre,Edm.Int64,True,True,53,53,0,100.0,6,all_feeds,observed_source,unclassified,source-schemas/transport.json
transport,Moyencommunications.SyndicObjectId,relation,Moyencommunications,SyndicObjectId,Edm.String,True,True,53,53,0,100.0,6,all_feeds,observed_source,unclassified,source-schemas/transport.json
transport,Moyencommunications.Typedecoordonnees.ThesCode,relation,Moyencommunications,Typedecoordonnees.ThesCode,Edm.String,True,True,53,53,0,100.0,6,all_feeds,observed_source,unclassified,source-schemas/transport.json
transport,Moyencommunications.Typedecoordonnees.ThesID,relation,Moyencommunications,Typedecoordonnees.ThesID,Edm.Guid,True,True,53,53,0,100.0,6,all_feeds,observed_source,unclassified,source-schemas/transport.json
transport,Moyencommunications.Typedecoordonnees.ThesLibelle,relation,Moyencommunications,Typedecoordonnees.ThesLibelle,Edm.String,True,True,53,53,0,100.0,6,all_feeds,observed_source,unclassified,source-schemas/transport.json
transport,Moyencommunications.Typedecoordonnees.ThesOrdre,relation,Moyencommunications,Typedecoordonnees.ThesOrdre,Edm.Int32,True,True,53,53,0,100.0,6,all_feeds,observed_source,unclassified,source-schemas/transport.json
transport,Moyencommunications.Typedecoordonnees.ThesPicto,relation,Moyencommunications,Typedecoordonnees.ThesPicto,Edm.String,True,True,53,0,53,0.0,6,all_feeds,observed_source,unclassified,source-schemas/transport.json
transport,PeriodeOuvertures.Datedebut,relation,PeriodeOuvertures,Datedebut,Edm.DateTime,True,False,0,0,0,0,6,all_feeds,declared_unobserved,unclassified,source-schemas/transport.json
transport,PeriodeOuvertures.Datefin,relation,PeriodeOuvertures,Datefin,Edm.DateTime,True,False,0,0,0,0,6,all_feeds,declared_unobserved,unclassified,source-schemas/transport.json
transport,PeriodeOuvertures.dimancheheuredebut1,relation,PeriodeOuvertures,dimancheheuredebut1,Edm.Time,True,False,0,0,0,0,6,all_feeds,declared_unobserved,unclassified,source-schemas/transport.json
transport,PeriodeOuvertures.dimancheheuredebut2,relation,PeriodeOuvertures,dimancheheuredebut2,Edm.Time,True,False,0,0,0,0,6,all_feeds,declared_unobserved,unclassified,source-schemas/transport.json
transport,PeriodeOuvertures.dimancheheurefin1,relation,PeriodeOuvertures,dimancheheurefin1,Edm.Time,True,False,0,0,0,0,6,all_feeds,declared_unobserved,unclassified,source-schemas/transport.json
transport,PeriodeOuvertures.dimancheheurefin2,relation,PeriodeOuvertures,dimancheheurefin2,Edm.Time,True,False,0,0,0,0,6,all_feeds,declared_unobserved,unclassified,source-schemas/transport.json
transport,PeriodeOuvertures.heuredebut1,relation,PeriodeOuvertures,heuredebut1,Edm.Time,True,False,0,0,0,0,6,all_feeds,declared_unobserved,unclassified,source-schemas/transport.json
transport,PeriodeOuvertures.heuredebut2,relation,PeriodeOuvertures,heuredebut2,Edm.Time,True,False,0,0,0,0,6,all_feeds,declared_unobserved,unclassified,source-schemas/transport.json
transport,PeriodeOuvertures.heurefin1,relation,PeriodeOuvertures,heurefin1,Edm.Time,True,False,0,0,0,0,6,all_feeds,declared_unobserved,unclassified,source-schemas/transport.json
transport,PeriodeOuvertures.heurefin2,relation,PeriodeOuvertures,heurefin2,Edm.Time,True,False,0,0,0,0,6,all_feeds,declared_unobserved,unclassified,source-schemas/transport.json
transport,PeriodeOuvertures.ID,relation,PeriodeOuvertures,ID,Edm.Int64,True,False,0,0,0,0,6,all_feeds,declared_unobserved,unclassified,source-schemas/transport.json
transport,PeriodeOuvertures.jeudiheuredebut1,relation,PeriodeOuvertures,jeudiheuredebut1,Edm.Time,True,False,0,0,0,0,6,all_feeds,declared_unobserved,unclassified,source-schemas/transport.json
transport,PeriodeOuvertures.jeudiheuredebut2,relation,PeriodeOuvertures,jeudiheuredebut2,Edm.Time,True,False,0,0,0,0,6,all_feeds,declared_unobserved,unclassified,source-schemas/transport.json
transport,PeriodeOuvertures.jeudiheurefin1,relation,PeriodeOuvertures,jeudiheurefin1,Edm.Time,True,False,0,0,0,0,6,all_feeds,declared_unobserved,unclassified,source-schemas/transport.json
transport,PeriodeOuvertures.jeudiheurefin2,relation,PeriodeOuvertures,jeudiheurefin2,Edm.Time,True,False,0,0,0,0,6,all_feeds,declared_unobserved,unclassified,source-schemas/transport.json
transport,PeriodeOuvertures.lundiheuredebut1,relation,PeriodeOuvertures,lundiheuredebut1,Edm.Time,True,False,0,0,0,0,6,all_feeds,declared_unobserved,unclassified,source-schemas/transport.json
transport,PeriodeOuvertures.lundiheuredebut2,relation,PeriodeOuvertures,lundiheuredebut2,Edm.Time,True,False,0,0,0,0,6,all_feeds,declared_unobserved,unclassified,source-schemas/transport.json
transport,PeriodeOuvertures.lundiheurefin1,relation,PeriodeOuvertures,lundiheurefin1,Edm.Time,True,False,0,0,0,0,6,all_feeds,declared_unobserved,unclassified,source-schemas/transport.json
transport,PeriodeOuvertures.lundiheurefin2,relation,PeriodeOuvertures,lundiheurefin2,Edm.Time,True,False,0,0,0,0,6,all_feeds,declared_unobserved,unclassified,source-schemas/transport.json
transport,PeriodeOuvertures.mardiheuredebut1,relation,PeriodeOuvertures,mardiheuredebut1,Edm.Time,True,False,0,0,0,0,6,all_feeds,declared_unobserved,unclassified,source-schemas/transport.json
transport,PeriodeOuvertures.mardiheuredebut2,relation,PeriodeOuvertures,mardiheuredebut2,Edm.Time,True,False,0,0,0,0,6,all_feeds,declared_unobserved,unclassified,source-schemas/transport.json
transport,PeriodeOuvertures.mardiheurefin1,relation,PeriodeOuvertures,mardiheurefin1,Edm.Time,True,False,0,0,0,0,6,all_feeds,declared_unobserved,unclassified,source-schemas/transport.json
transport,PeriodeOuvertures.mardiheurefin2,relation,PeriodeOuvertures,mardiheurefin2,Edm.Time,True,False,0,0,0,0,6,all_feeds,declared_unobserved,unclassified,source-schemas/transport.json
transport,PeriodeOuvertures.mercrediheuredebut1,relation,PeriodeOuvertures,mercrediheuredebut1,Edm.Time,True,False,0,0,0,0,6,all_feeds,declared_unobserved,unclassified,source-schemas/transport.json
transport,PeriodeOuvertures.mercrediheuredebut2,relation,PeriodeOuvertures,mercrediheuredebut2,Edm.Time,True,False,0,0,0,0,6,all_feeds,declared_unobserved,unclassified,source-schemas/transport.json
transport,PeriodeOuvertures.mercrediheurefin1,relation,PeriodeOuvertures,mercrediheurefin1,Edm.Time,True,False,0,0,0,0,6,all_feeds,declared_unobserved,unclassified,source-schemas/transport.json
transport,PeriodeOuvertures.mercrediheurefin2,relation,PeriodeOuvertures,mercrediheurefin2,Edm.Time,True,False,0,0,0,0,6,all_feeds,declared_unobserved,unclassified,source-schemas/transport.json
transport,PeriodeOuvertures.Ordre,relation,PeriodeOuvertures,Ordre,Edm.Int64,True,False,0,0,0,0,6,all_feeds,declared_unobserved,unclassified,source-schemas/transport.json
transport,PeriodeOuvertures.Precisionssurlesfermetures,relation,PeriodeOuvertures,Precisionssurlesfermetures,Edm.String,True,False,0,0,0,0,6,all_feeds,declared_unobserved,unclassified,source-schemas/transport.json
transport,PeriodeOuvertures.Precisionssurlesouvertures,relation,PeriodeOuvertures,Precisionssurlesouvertures,Edm.String,True,False,0,0,0,0,6,all_feeds,declared_unobserved,unclassified,source-schemas/transport.json
transport,PeriodeOuvertures.samediheuredebut1,relation,PeriodeOuvertures,samediheuredebut1,Edm.Time,True,False,0,0,0,0,6,all_feeds,declared_unobserved,unclassified,source-schemas/transport.json
transport,PeriodeOuvertures.samediheuredebut2,relation,PeriodeOuvertures,samediheuredebut2,Edm.Time,True,False,0,0,0,0,6,all_feeds,declared_unobserved,unclassified,source-schemas/transport.json
transport,PeriodeOuvertures.samediheurefin1,relation,PeriodeOuvertures,samediheurefin1,Edm.Time,True,False,0,0,0,0,6,all_feeds,declared_unobserved,unclassified,source-schemas/transport.json
transport,PeriodeOuvertures.samediheurefin2,relation,PeriodeOuvertures,samediheurefin2,Edm.Time,True,False,0,0,0,0,6,all_feeds,declared_unobserved,unclassified,source-schemas/transport.json
transport,PeriodeOuvertures.SyndicObjectId,relation,PeriodeOuvertures,SyndicObjectId,Edm.String,True,False,0,0,0,0,6,all_feeds,declared_unobserved,unclassified,source-schemas/transport.json
transport,PeriodeOuvertures.vendrediheuredebut1,relation,PeriodeOuvertures,vendrediheuredebut1,Edm.Time,True,False,0,0,0,0,6,all_feeds,declared_unobserved,unclassified,source-schemas/transport.json
transport,PeriodeOuvertures.vendrediheuredebut2,relation,PeriodeOuvertures,vendrediheuredebut2,Edm.Time,True,False,0,0,0,0,6,all_feeds,declared_unobserved,unclassified,source-schemas/transport.json
transport,PeriodeOuvertures.vendrediheurefin1,relation,PeriodeOuvertures,vendrediheurefin1,Edm.Time,True,False,0,0,0,0,6,all_feeds,declared_unobserved,unclassified,source-schemas/transport.json
transport,PeriodeOuvertures.vendrediheurefin2,relation,PeriodeOuvertures,vendrediheurefin2,Edm.Time,True,False,0,0,0,0,6,all_feeds,declared_unobserved,unclassified,source-schemas/transport.json
transport,Photos.Datedefindutilisation,relation,Photos,Datedefindutilisation,Edm.DateTime,True,True,94,0,94,0.0,6,all_feeds,observed_source,unclassified,source-schemas/transport.json
transport,Photos.ID,relation,Photos,ID,Edm.Int64,True,True,94,94,0,100.0,6,all_feeds,observed_source,unclassified,source-schemas/transport.json
transport,Photos.Licencecreativecommons,relation,Photos,Licencecreativecommons,Edm.Boolean,True,True,94,0,94,0.0,6,all_feeds,observed_source,unclassified,source-schemas/transport.json
transport,Photos.Ordre,relation,Photos,Ordre,Edm.Int64,True,True,94,94,0,100.0,6,all_feeds,observed_source,unclassified,source-schemas/transport.json
transport,Photos.Photo.Credit,relation,Photos,Photo.Credit,Edm.String,True,True,94,94,0,100.0,6,all_feeds,observed_source,unclassified,source-schemas/transport.json
transport,Photos.Photo.MediaID,relation,Photos,Photo.MediaID,Edm.Guid,True,True,94,94,0,100.0,6,all_feeds,observed_source,unclassified,source-schemas/transport.json
transport,Photos.Photo.Titre,relation,Photos,Photo.Titre,Edm.String,True,True,94,94,0,100.0,6,all_feeds,observed_source,unclassified,source-schemas/transport.json
transport,Photos.Photo.Url,relation,Photos,Photo.Url,Edm.String,True,True,94,94,0,100.0,6,all_feeds,observed_source,unclassified,source-schemas/transport.json
transport,Photos.SyndicObjectId,relation,Photos,SyndicObjectId,Edm.String,True,True,94,94,0,100.0,6,all_feeds,observed_source,unclassified,source-schemas/transport.json
transport,PrestationProximites.ID,relation,PrestationProximites,ID,Edm.Int64,True,False,0,0,0,0,6,all_feeds,declared_unobserved,unclassified,source-schemas/transport.json
transport,PrestationProximites.Ordre,relation,PrestationProximites,Ordre,Edm.Int64,True,False,0,0,0,0,6,all_feeds,declared_unobserved,unclassified,source-schemas/transport.json
transport,PrestationProximites.SyndicObjectId,relation,PrestationProximites,SyndicObjectId,Edm.String,True,False,0,0,0,0,6,all_feeds,declared_unobserved,unclassified,source-schemas/transport.json
transport,PrestationProximites.ThesCode,relation,PrestationProximites,ThesCode,Edm.String,True,False,0,0,0,0,6,all_feeds,declared_unobserved,unclassified,source-schemas/transport.json
transport,PrestationProximites.ThesID,relation,PrestationProximites,ThesID,Edm.Guid,True,False,0,0,0,0,6,all_feeds,declared_unobserved,unclassified,source-schemas/transport.json
transport,PrestationProximites.ThesLibelle,relation,PrestationProximites,ThesLibelle,Edm.String,True,False,0,0,0,0,6,all_feeds,declared_unobserved,unclassified,source-schemas/transport.json
transport,PrestationProximites.ThesOrdre,relation,PrestationProximites,ThesOrdre,Edm.Int32,True,False,0,0,0,0,6,all_feeds,declared_unobserved,unclassified,source-schemas/transport.json
transport,PrestationProximites.ThesPicto,relation,PrestationProximites,ThesPicto,Edm.String,True,False,0,0,0,0,6,all_feeds,declared_unobserved,unclassified,source-schemas/transport.json
transport,PrestationsEquipementss.ID,relation,PrestationsEquipementss,ID,Edm.Int64,True,True,3,3,0,100.0,6,all_feeds,observed_source,unclassified,source-schemas/transport.json
transport,PrestationsEquipementss.Ordre,relation,PrestationsEquipementss,Ordre,Edm.Int64,True,True,3,3,0,100.0,6,all_feeds,observed_source,unclassified,source-schemas/transport.json
transport,PrestationsEquipementss.SyndicObjectId,relation,PrestationsEquipementss,SyndicObjectId,Edm.String,True,True,3,3,0,100.0,6,all_feeds,observed_source,unclassified,source-schemas/transport.json
transport,PrestationsEquipementss.ThesCode,relation,PrestationsEquipementss,ThesCode,Edm.String,True,True,3,3,0,100.0,6,all_feeds,observed_source,unclassified,source-schemas/transport.json
transport,PrestationsEquipementss.ThesID,relation,PrestationsEquipementss,ThesID,Edm.Guid,True,True,3,3,0,100.0,6,all_feeds,observed_source,unclassified,source-schemas/transport.json
transport,PrestationsEquipementss.ThesLibelle,relation,PrestationsEquipementss,ThesLibelle,Edm.String,True,True,3,3,0,100.0,6,all_feeds,observed_source,unclassified,source-schemas/transport.json
transport,PrestationsEquipementss.ThesOrdre,relation,PrestationsEquipementss,ThesOrdre,Edm.Int64,True,True,3,3,0,100.0,6,all_feeds,observed_source,unclassified,source-schemas/transport.json
transport,PrestationsEquipementss.ThesPicto,relation,PrestationsEquipementss,ThesPicto,Edm.String,True,True,3,0,3,0.0,6,all_feeds,observed_source,unclassified,source-schemas/transport.json
transport,Reservations.ID,relation,Reservations,ID,Edm.Int64,True,True,1,1,0,100.0,5,shared,observed_source,unclassified,source-schemas/transport.json
transport,Reservations.Lien,relation,Reservations,Lien,Edm.String,True,True,1,1,0,100.0,5,shared,observed_source,unclassified,source-schemas/transport.json
transport,Reservations.Listeplateforme.ThesCode,relation,Reservations,Listeplateforme.ThesCode,Edm.String,True,True,1,1,0,100.0,5,shared,observed_source,unclassified,source-schemas/transport.json
transport,Reservations.Listeplateforme.ThesID,relation,Reservations,Listeplateforme.ThesID,Edm.Guid,True,True,1,1,0,100.0,5,shared,observed_source,unclassified,source-schemas/transport.json
transport,Reservations.Listeplateforme.ThesLibelle,relation,Reservations,Listeplateforme.ThesLibelle,Edm.String,True,True,1,1,0,100.0,5,shared,observed_source,unclassified,source-schemas/transport.json
transport,Reservations.Listeplateforme.ThesOrdre,relation,Reservations,Listeplateforme.ThesOrdre,Edm.Int32,True,True,1,1,0,100.0,5,shared,observed_source,unclassified,source-schemas/transport.json
transport,Reservations.Listeplateforme.ThesPicto,relation,Reservations,Listeplateforme.ThesPicto,Edm.String,True,True,1,0,1,0.0,5,shared,observed_source,unclassified,source-schemas/transport.json
transport,Reservations.Ordre,relation,Reservations,Ordre,Edm.Int64,True,True,1,1,0,100.0,5,shared,observed_source,unclassified,source-schemas/transport.json
transport,Reservations.SyndicObjectId,relation,Reservations,SyndicObjectId,Edm.String,True,True,1,1,0,100.0,5,shared,observed_source,unclassified,source-schemas/transport.json
transport,Structure.Address1,relation,Structure,Address1,Edm.String,True,True,18,18,0,100.0,6,all_feeds,observed_source,unclassified,source-schemas/transport.json
transport,Structure.Address2,relation,Structure,Address2,Edm.String,True,True,18,0,18,0.0,6,all_feeds,observed_source,unclassified,source-schemas/transport.json
transport,Structure.Address3,relation,Structure,Address3,Edm.String,True,True,18,0,18,0.0,6,all_feeds,observed_source,unclassified,source-schemas/transport.json
transport,Structure.City,relation,Structure,City,Edm.String,True,True,18,18,0,100.0,6,all_feeds,observed_source,unclassified,source-schemas/transport.json
transport,Structure.Country,relation,Structure,Country,Edm.String,True,True,18,0,18,0.0,6,all_feeds,observed_source,unclassified,source-schemas/transport.json
transport,Structure.Email,relation,Structure,Email,Edm.String,True,True,18,18,0,100.0,6,all_feeds,observed_source,unclassified,source-schemas/transport.json
transport,Structure.EmailName,relation,Structure,EmailName,Edm.String,True,True,18,0,18,0.0,6,all_feeds,observed_source,unclassified,source-schemas/transport.json
transport,Structure.Name,relation,Structure,Name,Edm.String,True,True,18,18,0,100.0,6,all_feeds,observed_source,unclassified,source-schemas/transport.json
transport,Structure.Phone,relation,Structure,Phone,Edm.String,True,True,18,0,18,0.0,6,all_feeds,observed_source,unclassified,source-schemas/transport.json
transport,Structure.Postcode,relation,Structure,Postcode,Edm.String,True,True,18,18,0,100.0,6,all_feeds,observed_source,unclassified,source-schemas/transport.json
transport,Structure.SyndicStructureId,relation,Structure,SyndicStructureId,Edm.Guid,True,True,18,18,0,100.0,6,all_feeds,observed_source,unclassified,source-schemas/transport.json
transport,Structure.Url,relation,Structure,Url,Edm.String,True,True,18,0,18,0.0,6,all_feeds,observed_source,unclassified,source-schemas/transport.json
transport,Tarifs.Capacites,relation,Tarifs,Capacites,Edm.Double,True,True,2,0,2,0.0,2,shared,observed_source,unclassified,source-schemas/transport.json
transport,Tarifs.complementtarifs,relation,Tarifs,complementtarifs,Edm.String,True,True,2,0,2,0.0,5,shared,observed_source,unclassified,source-schemas/transport.json
transport,Tarifs.Datedebutaffichage,relation,Tarifs,Datedebutaffichage,Edm.DateTime,True,True,2,1,1,50.0,5,shared,observed_source,unclassified,source-schemas/transport.json
transport,Tarifs.Datedebutvalidite,relation,Tarifs,Datedebutvalidite,Edm.DateTime,True,True,2,0,2,0.0,5,shared,observed_source,unclassified,source-schemas/transport.json
transport,Tarifs.Datefinaffichage,relation,Tarifs,Datefinaffichage,Edm.DateTime,True,True,2,0,2,0.0,5,shared,observed_source,unclassified,source-schemas/transport.json
transport,Tarifs.Datefinvalidite,relation,Tarifs,Datefinvalidite,Edm.DateTime,True,True,2,0,2,0.0,5,shared,observed_source,unclassified,source-schemas/transport.json
transport,Tarifs.ID,relation,Tarifs,ID,Edm.Int64,True,True,2,2,0,100.0,5,shared,observed_source,unclassified,source-schemas/transport.json
transport,Tarifs.IntituleTarifs,relation,Tarifs,IntituleTarifs,TourInSoft.V5.Syndication.Syndication_FSTRANSPORTOTISud_06FE61F16E764FECA6567B8D83216608.ListeComplexType,False,True,1,0,1,0.0,5,shared,observed_source,unclassified,source-schemas/transport.json
transport,Tarifs.IntituleTarifs.ThesCode,relation,Tarifs,IntituleTarifs.ThesCode,Edm.String,True,True,1,1,0,100.0,5,shared,observed_source,unclassified,source-schemas/transport.json
transport,Tarifs.IntituleTarifs.ThesID,relation,Tarifs,IntituleTarifs.ThesID,Edm.Guid,True,True,1,1,0,100.0,5,shared,observed_source,unclassified,source-schemas/transport.json
transport,Tarifs.IntituleTarifs.ThesLibelle,relation,Tarifs,IntituleTarifs.ThesLibelle,Edm.String,True,True,1,1,0,100.0,5,shared,observed_source,unclassified,source-schemas/transport.json
transport,Tarifs.IntituleTarifs.ThesOrdre,relation,Tarifs,IntituleTarifs.ThesOrdre,Edm.Int32,True,True,1,1,0,100.0,5,shared,observed_source,unclassified,source-schemas/transport.json
transport,Tarifs.IntituleTarifs.ThesPicto,relation,Tarifs,IntituleTarifs.ThesPicto,Edm.String,True,True,1,0,1,0.0,5,shared,observed_source,unclassified,source-schemas/transport.json
transport,Tarifs.MaximumEuro,relation,Tarifs,MaximumEuro,Edm.Decimal,True,True,2,1,1,50.0,5,shared,observed_source,unclassified,source-schemas/transport.json
transport,Tarifs.MinimumEuro,relation,Tarifs,MinimumEuro,Edm.Decimal,True,True,2,2,0,100.0,5,shared,observed_source,unclassified,source-schemas/transport.json
transport,Tarifs.Nom,relation,Tarifs,Nom,Edm.String,True,True,2,0,2,0.0,3,shared,observed_source,unclassified,source-schemas/transport.json
transport,Tarifs.Ordre,relation,Tarifs,Ordre,Edm.Int64,True,True,2,2,0,100.0,5,shared,observed_source,unclassified,source-schemas/transport.json
transport,Tarifs.Saisonnalite,relation,Tarifs,Saisonnalite,TourInSoft.V5.Syndication.Syndication_FSTRANSPORTOTISud_06FE61F16E764FECA6567B8D83216608.ListeComplexType,False,True,2,0,2,0.0,5,shared,observed_source,unclassified,source-schemas/transport.json
transport,Tarifs.Saisonnalite.ThesCode,relation,Tarifs,Saisonnalite.ThesCode,Edm.String,True,False,0,0,0,0,5,shared,declared_unobserved,unclassified,source-schemas/transport.json
transport,Tarifs.Saisonnalite.ThesID,relation,Tarifs,Saisonnalite.ThesID,Edm.Guid,True,False,0,0,0,0,5,shared,declared_unobserved,unclassified,source-schemas/transport.json
transport,Tarifs.Saisonnalite.ThesLibelle,relation,Tarifs,Saisonnalite.ThesLibelle,Edm.String,True,False,0,0,0,0,5,shared,declared_unobserved,unclassified,source-schemas/transport.json
transport,Tarifs.Saisonnalite.ThesOrdre,relation,Tarifs,Saisonnalite.ThesOrdre,Edm.Int32,True,False,0,0,0,0,5,shared,declared_unobserved,unclassified,source-schemas/transport.json
transport,Tarifs.Saisonnalite.ThesPicto,relation,Tarifs,Saisonnalite.ThesPicto,Edm.String,True,False,0,0,0,0,5,shared,declared_unobserved,unclassified,source-schemas/transport.json
transport,Tarifs.SyndicObjectId,relation,Tarifs,SyndicObjectId,Edm.String,True,True,2,2,0,100.0,5,shared,observed_source,unclassified,source-schemas/transport.json
transport,Thematiques.ID,relation,Thematiques,ID,Edm.Int64,True,False,0,0,0,0,6,all_feeds,declared_unobserved,unclassified,source-schemas/transport.json
transport,Thematiques.Ordre,relation,Thematiques,Ordre,Edm.Int64,True,False,0,0,0,0,6,all_feeds,declared_unobserved,unclassified,source-schemas/transport.json
transport,Thematiques.SyndicObjectId,relation,Thematiques,SyndicObjectId,Edm.String,True,False,0,0,0,0,6,all_feeds,declared_unobserved,unclassified,source-schemas/transport.json
transport,Thematiques.ThesCode,relation,Thematiques,ThesCode,Edm.String,True,False,0,0,0,0,6,all_feeds,declared_unobserved,unclassified,source-schemas/transport.json
transport,Thematiques.ThesID,relation,Thematiques,ThesID,Edm.Guid,True,False,0,0,0,0,6,all_feeds,declared_unobserved,unclassified,source-schemas/transport.json
transport,Thematiques.ThesLibelle,relation,Thematiques,ThesLibelle,Edm.String,True,False,0,0,0,0,6,all_feeds,declared_unobserved,unclassified,source-schemas/transport.json
transport,Thematiques.ThesOrdre,relation,Thematiques,ThesOrdre,Edm.Int32,True,False,0,0,0,0,6,all_feeds,declared_unobserved,unclassified,source-schemas/transport.json
transport,Thematiques.ThesPicto,relation,Thematiques,ThesPicto,Edm.String,True,False,0,0,0,0,6,all_feeds,declared_unobserved,unclassified,source-schemas/transport.json
transport,TisTracking.CodeOffre,relation,TisTracking,CodeOffre,Edm.String,True,True,18,18,0,100.0,6,all_feeds,observed_source,unclassified,source-schemas/transport.json
transport,TisTracking.CodeStructure,relation,TisTracking,CodeStructure,Edm.String,True,True,18,18,0,100.0,6,all_feeds,observed_source,unclassified,source-schemas/transport.json
transport,TisTracking.CodeSyndication,relation,TisTracking,CodeSyndication,Edm.String,True,True,18,18,0,100.0,6,all_feeds,observed_source,unclassified,source-schemas/transport.json
transport,TisTracking.SyndicObjectId,relation,TisTracking,SyndicObjectId,Edm.String,True,True,18,18,0,100.0,6,all_feeds,observed_source,unclassified,source-schemas/transport.json
transport,Transporteurcertifies.Expertaccrediteprestationliee,relation,Transporteurcertifies,Expertaccrediteprestationliee,Edm.String,True,False,0,0,0,0,1,feed_specific,declared_unobserved,unclassified,source-schemas/transport.json
transport,Transporteurcertifies.ID,relation,Transporteurcertifies,ID,Edm.Int64,True,False,0,0,0,0,1,feed_specific,declared_unobserved,unclassified,source-schemas/transport.json
transport,Transporteurcertifies.Ordre,relation,Transporteurcertifies,Ordre,Edm.Int64,True,False,0,0,0,0,1,feed_specific,declared_unobserved,unclassified,source-schemas/transport.json
transport,Transporteurcertifies.SyndicObjectId,relation,Transporteurcertifies,SyndicObjectId,Edm.String,True,False,0,0,0,0,1,feed_specific,declared_unobserved,unclassified,source-schemas/transport.json
transport,Typeequipements.ID,relation,Typeequipements,ID,Edm.Int64,True,True,18,18,0,100.0,4,shared,observed_source,unclassified,source-schemas/transport.json
transport,Typeequipements.Ordre,relation,Typeequipements,Ordre,Edm.Int64,True,True,18,18,0,100.0,4,shared,observed_source,unclassified,source-schemas/transport.json
transport,Typeequipements.SyndicObjectId,relation,Typeequipements,SyndicObjectId,Edm.String,True,True,18,18,0,100.0,4,shared,observed_source,unclassified,source-schemas/transport.json
transport,Typeequipements.Typedactivite.ThesCode,relation,Typeequipements,Typedactivite.ThesCode,Edm.String,True,True,18,18,0,100.0,4,shared,observed_source,unclassified,source-schemas/transport.json
transport,Typeequipements.Typedactivite.ThesID,relation,Typeequipements,Typedactivite.ThesID,Edm.Guid,True,True,18,18,0,100.0,4,shared,observed_source,unclassified,source-schemas/transport.json
transport,Typeequipements.Typedactivite.ThesLibelle,relation,Typeequipements,Typedactivite.ThesLibelle,Edm.String,True,True,18,18,0,100.0,4,shared,observed_source,unclassified,source-schemas/transport.json
transport,Typeequipements.Typedactivite.ThesOrdre,relation,Typeequipements,Typedactivite.ThesOrdre,Edm.Int32,True,True,18,18,0,100.0,4,shared,observed_source,unclassified,source-schemas/transport.json
transport,Typeequipements.Typedactivite.ThesPicto,relation,Typeequipements,Typedactivite.ThesPicto,Edm.String,True,True,18,0,18,0.0,4,shared,observed_source,unclassified,source-schemas/transport.json
transport,Videos.ID,relation,Videos,ID,Edm.Int64,True,False,0,0,0,0,6,all_feeds,declared_unobserved,unclassified,source-schemas/transport.json
transport,Videos.IntegrerlavideosursonsitecopiercollerdeObjetouembedYoutubeouDailymotion,relation,Videos,IntegrerlavideosursonsitecopiercollerdeObjetouembedYoutubeouDailymotion,Edm.String,True,False,0,0,0,0,6,all_feeds,declared_unobserved,unclassified,source-schemas/transport.json
transport,Videos.Licencecreativecommons,relation,Videos,Licencecreativecommons,Edm.Boolean,True,False,0,0,0,0,6,all_feeds,declared_unobserved,unclassified,source-schemas/transport.json
transport,Videos.Ordre,relation,Videos,Ordre,Edm.Int64,True,False,0,0,0,0,6,all_feeds,declared_unobserved,unclassified,source-schemas/transport.json
transport,Videos.SyndicObjectId,relation,Videos,SyndicObjectId,Edm.String,True,False,0,0,0,0,6,all_feeds,declared_unobserved,unclassified,source-schemas/transport.json
transport,Videos.URLvideo,relation,Videos,URLvideo,Edm.String,True,False,0,0,0,0,6,all_feeds,declared_unobserved,unclassified,source-schemas/transport.json
