feed,scope,collection,name,type,declared,observed,count,non_empty,empty,coverage_pct
decouverte,object,,AccueilPMR,Edm.Boolean,True,True,49,49,0,100.0
decouverte,object,,Adresse1,Edm.String,True,True,49,49,0,100.0
decouverte,object,,Adresse2,Edm.String,True,True,49,2,47,4.1
decouverte,object,,Adresse3,Edm.String,True,True,49,0,49,0.0
decouverte,object,,Bureau.ThesCode,Edm.String,True,True,49,49,0,100.0
decouverte,object,,Bureau.ThesID,Edm.Guid,True,True,49,49,0,100.0
decouverte,object,,Bureau.ThesLibelle,Edm.String,True,True,49,49,0,100.0
decouverte,object,,Bureau.ThesOrdre,Edm.Int32,True,True,49,49,0,100.0
decouverte,object,,Bureau.ThesPicto,Edm.String,True,True,49,0,49,0.0
decouverte,object,,ClassificationType.ThesCode,Edm.String,True,True,49,49,0,100.0
decouverte,object,,ClassificationType.ThesID,Edm.Guid,True,True,49,49,0,100.0
decouverte,object,,ClassificationType.ThesLibelle,Edm.String,True,True,49,49,0,100.0
decouverte,object,,ClassificationType.ThesOrdre,Edm.Int32,True,True,49,49,0,100.0
decouverte,object,,ClassificationType.ThesPicto,Edm.String,True,True,49,0,49,0.0
decouverte,object,,CodeINSEE,Edm.String,True,True,49,49,0,100.0
decouverte,object,,CodePostal,Edm.String,True,True,49,49,0,100.0
decouverte,object,,Commune,Edm.String,True,True,49,49,0,100.0
decouverte,object,,EnLigne,Edm.Boolean,True,True,49,49,0,100.0
decouverte,object,,GmapLatitude,Edm.String,True,True,49,49,0,100.0
decouverte,object,,GmapLongitude,Edm.String,True,True,49,49,0,100.0
decouverte,object,,Groupeaccepte,Edm.Boolean,True,True,49,1,48,2.0
decouverte,object,,IdentifiantSoubik,Edm.String,True,True,49,48,1,98.0
decouverte,object,,Lieudit,TourInSoft.V5.Syndication.Syndication_FSDECOUVERTEOTISud_428EC9B6BEE14C85B372B15969FB2A19.ListeComplexType,False,True,34,0,34,0.0
decouverte,object,,Lieudit.ThesCode,Edm.String,True,True,15,15,0,100.0
decouverte,object,,Lieudit.ThesID,Edm.Guid,True,True,15,15,0,100.0
decouverte,object,,Lieudit.ThesLibelle,Edm.String,True,True,15,15,0,100.0
decouverte,object,,Lieudit.ThesOrdre,Edm.Int32,True,True,15,15,0,100.0
decouverte,object,,Lieudit.ThesPicto,Edm.String,True,True,15,0,15,0.0
decouverte,object,,Nometablissement,Edm.String,True,True,49,49,0,100.0
decouverte,object,,ObjectTypeFix,Edm.String,True,True,49,49,0,100.0
decouverte,object,,ObjectTypeName,Edm.String,True,True,49,49,0,100.0
decouverte,object,,Published,Edm.DateTime,True,True,49,49,0,100.0
decouverte,object,,RaisonSociale,Edm.String,True,True,49,17,32,34.7
decouverte,object,,SIRET,Edm.String,True,True,49,37,12,75.5
decouverte,object,,SyndicObjectID,Edm.String,True,True,49,49,0,100.0
decouverte,object,,SyndicObjectName,Edm.String,True,True,49,49,0,100.0
decouverte,object,,SyndicObjectOrder,Edm.Int64,True,True,49,49,0,100.0
decouverte,object,,SyndicStructureId,Edm.Guid,True,True,49,49,0,100.0
decouverte,object,,TIS_TRACKING_LISTING_OFFRE,Edm.String,True,True,49,49,0,100.0
decouverte,object,,TIS_TRACKING_OFFRE,Edm.String,True,True,49,49,0,100.0
decouverte,object,,Updated,Edm.DateTime,True,True,49,49,0,100.0
decouverte,relation,Animauxs,Animauxacceptes,Edm.Boolean,True,True,3,1,2,33.3
decouverte,relation,Animauxs,Complementdinformations,Edm.String,True,True,3,0,3,0.0
decouverte,relation,Animauxs,ID,Edm.Int64,True,True,3,3,0,100.0
decouverte,relation,Animauxs,Ordre,Edm.Int64,True,True,3,3,0,100.0
decouverte,relation,Animauxs,SyndicObjectId,Edm.String,True,True,3,3,0,100.0
decouverte,relation,Capacites,Capacite,Edm.Double,True,True,3,2,1,66.7
decouverte,relation,Capacites,ID,Edm.Int64,True,True,3,3,0,100.0
decouverte,relation,Capacites,Ordre,Edm.Int64,True,True,3,3,0,100.0
decouverte,relation,Capacites,SyndicObjectId,Edm.String,True,True,3,3,0,100.0
decouverte,relation,Chaines,Groupe,TourInSoft.V5.Syndication.Syndication_FSDECOUVERTEOTISud_428EC9B6BEE14C85B372B15969FB2A19.ListeComplexType,False,True,3,0,3,0.0
decouverte,relation,Chaines,Groupe.ThesCode,Edm.String,True,False,0,0,0,0
decouverte,relation,Chaines,Groupe.ThesID,Edm.Guid,True,False,0,0,0,0
decouverte,relation,Chaines,Groupe.ThesLibelle,Edm.String,True,False,0,0,0,0
decouverte,relation,Chaines,Groupe.ThesOrdre,Edm.Int32,True,False,0,0,0,0
decouverte,relation,Chaines,Groupe.ThesPicto,Edm.String,True,False,0,0,0,0
decouverte,relation,Chaines,ID,Edm.Int64,True,True,3,3,0,100.0
decouverte,relation,Chaines,Ordre,Edm.Int64,True,True,3,3,0,100.0
decouverte,relation,Chaines,Reseaux,TourInSoft.V5.Syndication.Syndication_FSDECOUVERTEOTISud_428EC9B6BEE14C85B372B15969FB2A19.ListeComplexType,False,True,3,0,3,0.0
decouverte,relation,Chaines,Reseaux.ThesCode,Edm.String,True,False,0,0,0,0
decouverte,relation,Chaines,Reseaux.ThesID,Edm.Guid,True,False,0,0,0,0
decouverte,relation,Chaines,Reseaux.ThesLibelle,Edm.String,True,False,0,0,0,0
decouverte,relation,Chaines,Reseaux.ThesOrdre,Edm.Int32,True,False,0,0,0,0
decouverte,relation,Chaines,Reseaux.ThesPicto,Edm.String,True,False,0,0,0,0
decouverte,relation,Chaines,SyndicObjectId,Edm.String,True,True,3,3,0,100.0
decouverte,relation,ClassificationCategories,ID,Edm.Int64,True,True,52,52,0,100.0
decouverte,relation,ClassificationCategories,Ordre,Edm.Int64,True,True,52,52,0,100.0
decouverte,relation,ClassificationCategories,SyndicObjectId,Edm.String,True,True,52,52,0,100.0
decouverte,relation,ClassificationCategories,ThesCode,Edm.String,True,True,52,52,0,100.0
decouverte,relation,ClassificationCategories,ThesID,Edm.Guid,True,True,52,52,0,100.0
decouverte,relation,ClassificationCategories,ThesLibelle,Edm.String,True,True,52,52,0,100.0
decouverte,relation,ClassificationCategories,ThesOrdre,Edm.Int64,True,True,52,52,0,100.0
decouverte,relation,ClassificationCategories,ThesPicto,Edm.String,True,True,52,0,52,0.0
decouverte,relation,ClassificationSousCategorieArts,ID,Edm.Int64,True,False,0,0,0,0
decouverte,relation,ClassificationSousCategorieArts,Ordre,Edm.Int64,True,False,0,0,0,0
decouverte,relation,ClassificationSousCategorieArts,SyndicObjectId,Edm.String,True,False,0,0,0,0
decouverte,relation,ClassificationSousCategorieArts,ThesCode,Edm.String,True,False,0,0,0,0
decouverte,relation,ClassificationSousCategorieArts,ThesID,Edm.Guid,True,False,0,0,0,0
decouverte,relation,ClassificationSousCategorieArts,ThesLibelle,Edm.String,True,False,0,0,0,0
decouverte,relation,ClassificationSousCategorieArts,ThesOrdre,Edm.Int32,True,False,0,0,0,0
decouverte,relation,ClassificationSousCategorieArts,ThesPicto,Edm.String,True,False,0,0,0,0
decouverte,relation,ClassificationSousCategoriePatAgricoles,ID,Edm.Int64,True,True,8,8,0,100.0
decouverte,relation,ClassificationSousCategoriePatAgricoles,Ordre,Edm.Int64,True,True,8,8,0,100.0
decouverte,relation,ClassificationSousCategoriePatAgricoles,SyndicObjectId,Edm.String,True,True,8,8,0,100.0
decouverte,relation,ClassificationSousCategoriePatAgricoles,ThesCode,Edm.String,True,True,8,8,0,100.0
decouverte,relation,ClassificationSousCategoriePatAgricoles,ThesID,Edm.Guid,True,True,8,8,0,100.0
decouverte,relation,ClassificationSousCategoriePatAgricoles,ThesLibelle,Edm.String,True,True,8,8,0,100.0
decouverte,relation,ClassificationSousCategoriePatAgricoles,ThesOrdre,Edm.Int64,True,True,8,8,0,100.0
decouverte,relation,ClassificationSousCategoriePatAgricoles,ThesPicto,Edm.String,True,True,8,0,8,0.0
decouverte,relation,ClassificationSousCategoriePatCulturels,ID,Edm.Int64,True,True,14,14,0,100.0
decouverte,relation,ClassificationSousCategoriePatCulturels,Ordre,Edm.Int64,True,True,14,14,0,100.0
decouverte,relation,ClassificationSousCategoriePatCulturels,SyndicObjectId,Edm.String,True,True,14,14,0,100.0
decouverte,relation,ClassificationSousCategoriePatCulturels,ThesCode,Edm.String,True,True,14,14,0,100.0
decouverte,relation,ClassificationSousCategoriePatCulturels,ThesID,Edm.Guid,True,True,14,14,0,100.0
decouverte,relation,ClassificationSousCategoriePatCulturels,ThesLibelle,Edm.String,True,True,14,14,0,100.0
decouverte,relation,ClassificationSousCategoriePatCulturels,ThesOrdre,Edm.Int64,True,True,14,14,0,100.0
decouverte,relation,ClassificationSousCategoriePatCulturels,ThesPicto,Edm.String,True,True,14,0,14,0.0
decouverte,relation,ClassificationSousCategoriePatIndustriels,ID,Edm.Int64,True,False,0,0,0,0
decouverte,relation,ClassificationSousCategoriePatIndustriels,Ordre,Edm.Int64,True,False,0,0,0,0
decouverte,relation,ClassificationSousCategoriePatIndustriels,SyndicObjectId,Edm.String,True,False,0,0,0,0
decouverte,relation,ClassificationSousCategoriePatIndustriels,ThesCode,Edm.String,True,False,0,0,0,0
decouverte,relation,ClassificationSousCategoriePatIndustriels,ThesID,Edm.Guid,True,False,0,0,0,0
decouverte,relation,ClassificationSousCategoriePatIndustriels,ThesLibelle,Edm.String,True,False,0,0,0,0
decouverte,relation,ClassificationSousCategoriePatIndustriels,ThesOrdre,Edm.Int32,True,False,0,0,0,0
decouverte,relation,ClassificationSousCategoriePatIndustriels,ThesPicto,Edm.String,True,False,0,0,0,0
decouverte,relation,ClassificationSousCategoriePatNaturels,ID,Edm.Int64,True,True,1,1,0,100.0
decouverte,relation,ClassificationSousCategoriePatNaturels,Ordre,Edm.Int64,True,True,1,1,0,100.0
decouverte,relation,ClassificationSousCategoriePatNaturels,SyndicObjectId,Edm.String,True,True,1,1,0,100.0
decouverte,relation,ClassificationSousCategoriePatNaturels,ThesCode,Edm.String,True,True,1,1,0,100.0
decouverte,relation,ClassificationSousCategoriePatNaturels,ThesID,Edm.Guid,True,True,1,1,0,100.0
decouverte,relation,ClassificationSousCategoriePatNaturels,ThesLibelle,Edm.String,True,True,1,1,0,100.0
decouverte,relation,ClassificationSousCategoriePatNaturels,ThesOrdre,Edm.Int64,True,True,1,1,0,100.0
decouverte,relation,ClassificationSousCategoriePatNaturels,ThesPicto,Edm.String,True,True,1,0,1,0.0
decouverte,relation,ClassificationSousCategorieTerroirs,ID,Edm.Int64,True,True,29,29,0,100.0
decouverte,relation,ClassificationSousCategorieTerroirs,Ordre,Edm.Int64,True,True,29,29,0,100.0
decouverte,relation,ClassificationSousCategorieTerroirs,SyndicObjectId,Edm.String,True,True,29,29,0,100.0
decouverte,relation,ClassificationSousCategorieTerroirs,ThesCode,Edm.String,True,True,29,29,0,100.0
decouverte,relation,ClassificationSousCategorieTerroirs,ThesID,Edm.Guid,True,True,29,29,0,100.0
decouverte,relation,ClassificationSousCategorieTerroirs,ThesLibelle,Edm.String,True,True,29,29,0,100.0
decouverte,relation,ClassificationSousCategorieTerroirs,ThesOrdre,Edm.Int64,True,True,29,29,0,100.0
decouverte,relation,ClassificationSousCategorieTerroirs,ThesPicto,Edm.String,True,True,29,0,29,0.0
decouverte,relation,Descriptifaccess,Descriptifduplandacces,Edm.String,True,True,49,21,28,42.9
decouverte,relation,Descriptifaccess,ID,Edm.Int64,True,True,49,49,0,100.0
decouverte,relation,Descriptifaccess,Ordre,Edm.Int64,True,True,49,49,0,100.0
decouverte,relation,Descriptifaccess,SyndicObjectId,Edm.String,True,True,49,49,0,100.0
decouverte,relation,Descriptifss,Accroche,Edm.String,True,True,3,2,1,66.7
decouverte,relation,Descriptifss,Descriptioncommerciale,Edm.String,True,True,3,2,1,66.7
decouverte,relation,Descriptifss,ID,Edm.Int64,True,True,3,3,0,100.0
decouverte,relation,Descriptifss,Ordre,Edm.Int64,True,True,3,3,0,100.0
decouverte,relation,Descriptifss,SyndicObjectId,Edm.String,True,True,3,3,0,100.0
decouverte,relation,Fichiers,DocumentFichier.Credit,Edm.String,True,False,0,0,0,0
decouverte,relation,Fichiers,DocumentFichier.MediaID,Edm.Guid,True,False,0,0,0,0
decouverte,relation,Fichiers,DocumentFichier.Titre,Edm.String,True,False,0,0,0,0
decouverte,relation,Fichiers,DocumentFichier.Url,Edm.String,True,False,0,0,0,0
decouverte,relation,Fichiers,ID,Edm.Int64,True,False,0,0,0,0
decouverte,relation,Fichiers,Ordre,Edm.Int64,True,False,0,0,0,0
decouverte,relation,Fichiers,SyndicObjectId,Edm.String,True,False,0,0,0,0
decouverte,relation,Handicaps,ID,Edm.Int64,True,False,0,0,0,0
decouverte,relation,Handicaps,Ordre,Edm.Int64,True,False,0,0,0,0
decouverte,relation,Handicaps,SyndicObjectId,Edm.String,True,False,0,0,0,0
decouverte,relation,Handicaps,ThesCode,Edm.String,True,False,0,0,0,0
decouverte,relation,Handicaps,ThesID,Edm.Guid,True,False,0,0,0,0
decouverte,relation,Handicaps,ThesLibelle,Edm.String,True,False,0,0,0,0
decouverte,relation,Handicaps,ThesOrdre,Edm.Int32,True,False,0,0,0,0
decouverte,relation,Handicaps,ThesPicto,Edm.String,True,False,0,0,0,0
decouverte,relation,Labels,ID,Edm.Int64,True,True,5,5,0,100.0
decouverte,relation,Labels,Ordre,Edm.Int64,True,True,5,5,0,100.0
decouverte,relation,Labels,SyndicObjectId,Edm.String,True,True,5,5,0,100.0
decouverte,relation,Labels,ThesCode,Edm.String,True,True,5,5,0,100.0
decouverte,relation,Labels,ThesID,Edm.Guid,True,True,5,5,0,100.0
decouverte,relation,Labels,ThesLibelle,Edm.String,True,True,5,5,0,100.0
decouverte,relation,Labels,ThesOrdre,Edm.Int64,True,True,5,5,0,100.0
decouverte,relation,Labels,ThesPicto,Edm.String,True,True,5,0,5,0.0
decouverte,relation,LanguesParleess,ID,Edm.Int64,True,True,95,95,0,100.0
decouverte,relation,LanguesParleess,Ordre,Edm.Int64,True,True,95,95,0,100.0
decouverte,relation,LanguesParleess,SyndicObjectId,Edm.String,True,True,95,95,0,100.0
decouverte,relation,LanguesParleess,ThesCode,Edm.String,True,True,95,95,0,100.0
decouverte,relation,LanguesParleess,ThesID,Edm.Guid,True,True,95,95,0,100.0
decouverte,relation,LanguesParleess,ThesLibelle,Edm.String,True,True,95,95,0,100.0
decouverte,relation,LanguesParleess,ThesOrdre,Edm.Int64,True,True,95,95,0,100.0
decouverte,relation,LanguesParleess,ThesPicto,Edm.String,True,True,95,0,95,0.0
decouverte,relation,Localisations,ID,Edm.Int64,True,True,36,36,0,100.0
decouverte,relation,Localisations,Ordre,Edm.Int64,True,True,36,36,0,100.0
decouverte,relation,Localisations,SyndicObjectId,Edm.String,True,True,36,36,0,100.0
decouverte,relation,Localisations,ThesCode,Edm.String,True,True,36,36,0,100.0
decouverte,relation,Localisations,ThesID,Edm.Guid,True,True,36,36,0,100.0
decouverte,relation,Localisations,ThesLibelle,Edm.String,True,True,36,36,0,100.0
decouverte,relation,Localisations,ThesOrdre,Edm.Int64,True,True,36,36,0,100.0
decouverte,relation,Localisations,ThesPicto,Edm.String,True,True,36,0,36,0.0
decouverte,relation,Marques,ID,Edm.Int64,True,True,5,5,0,100.0
decouverte,relation,Marques,Ordre,Edm.Int64,True,True,5,5,0,100.0
decouverte,relation,Marques,SyndicObjectId,Edm.String,True,True,5,5,0,100.0
decouverte,relation,ModesPaiements,ID,Edm.Int64,True,True,110,110,0,100.0
decouverte,relation,ModesPaiements,Ordre,Edm.Int64,True,True,110,110,0,100.0
decouverte,relation,ModesPaiements,SyndicObjectId,Edm.String,True,True,110,110,0,100.0
decouverte,relation,ModesPaiements,ThesCode,Edm.String,True,True,110,110,0,100.0
decouverte,relation,ModesPaiements,ThesID,Edm.Guid,True,True,110,110,0,100.0
decouverte,relation,ModesPaiements,ThesLibelle,Edm.String,True,True,110,110,0,100.0
decouverte,relation,ModesPaiements,ThesOrdre,Edm.Int64,True,True,110,110,0,100.0
decouverte,relation,ModesPaiements,ThesPicto,Edm.String,True,True,110,0,110,0.0
decouverte,relation,Moyencommunications,Complementdinformations,Edm.String,True,True,139,0,139,0.0
decouverte,relation,Moyencommunications,Coordonnees,Edm.String,True,True,139,135,4,97.1
decouverte,relation,Moyencommunications,ID,Edm.Int64,True,True,139,139,0,100.0
decouverte,relation,Moyencommunications,Moyendecommunication,TourInSoft.V5.Syndication.Syndication_FSDECOUVERTEOTISud_428EC9B6BEE14C85B372B15969FB2A19.ListeComplexType,False,True,8,0,8,0.0
decouverte,relation,Moyencommunications,Moyendecommunication.ThesCode,Edm.String,True,True,131,131,0,100.0
decouverte,relation,Moyencommunications,Moyendecommunication.ThesID,Edm.Guid,True,True,131,131,0,100.0
decouverte,relation,Moyencommunications,Moyendecommunication.ThesLibelle,Edm.String,True,True,131,131,0,100.0
decouverte,relation,Moyencommunications,Moyendecommunication.ThesOrdre,Edm.Int32,True,True,131,131,0,100.0
decouverte,relation,Moyencommunications,Moyendecommunication.ThesPicto,Edm.String,True,True,131,0,131,0.0
decouverte,relation,Moyencommunications,Ordre,Edm.Int64,True,True,139,139,0,100.0
decouverte,relation,Moyencommunications,SyndicObjectId,Edm.String,True,True,139,139,0,100.0
decouverte,relation,Moyencommunications,Typedecoordonnees.ThesCode,Edm.String,True,True,139,139,0,100.0
decouverte,relation,Moyencommunications,Typedecoordonnees.ThesID,Edm.Guid,True,True,139,139,0,100.0
decouverte,relation,Moyencommunications,Typedecoordonnees.ThesLibelle,Edm.String,True,True,139,139,0,100.0
decouverte,relation,Moyencommunications,Typedecoordonnees.ThesOrdre,Edm.Int32,True,True,139,139,0,100.0
decouverte,relation,Moyencommunications,Typedecoordonnees.ThesPicto,Edm.String,True,True,139,0,139,0.0
decouverte,relation,PeriodeOuvertures,Datedebut,Edm.DateTime,True,False,0,0,0,0
decouverte,relation,PeriodeOuvertures,Datefin,Edm.DateTime,True,False,0,0,0,0
decouverte,relation,PeriodeOuvertures,dimancheheuredebut1,Edm.Time,True,False,0,0,0,0
decouverte,relation,PeriodeOuvertures,dimancheheuredebut2,Edm.Time,True,False,0,0,0,0
decouverte,relation,PeriodeOuvertures,dimancheheurefin1,Edm.Time,True,False,0,0,0,0
decouverte,relation,PeriodeOuvertures,dimancheheurefin2,Edm.Time,True,False,0,0,0,0
decouverte,relation,PeriodeOuvertures,heuredebut1,Edm.Time,True,False,0,0,0,0
decouverte,relation,PeriodeOuvertures,heuredebut2,Edm.Time,True,False,0,0,0,0
decouverte,relation,PeriodeOuvertures,heurefin1,Edm.Time,True,False,0,0,0,0
decouverte,relation,PeriodeOuvertures,heurefin2,Edm.Time,True,False,0,0,0,0
decouverte,relation,PeriodeOuvertures,ID,Edm.Int64,True,False,0,0,0,0
decouverte,relation,PeriodeOuvertures,jeudiheuredebut1,Edm.Time,True,False,0,0,0,0
decouverte,relation,PeriodeOuvertures,jeudiheuredebut2,Edm.Time,True,False,0,0,0,0
decouverte,relation,PeriodeOuvertures,jeudiheurefin1,Edm.Time,True,False,0,0,0,0
decouverte,relation,PeriodeOuvertures,jeudiheurefin2,Edm.Time,True,False,0,0,0,0
decouverte,relation,PeriodeOuvertures,lundiheuredebut1,Edm.Time,True,False,0,0,0,0
decouverte,relation,PeriodeOuvertures,lundiheuredebut2,Edm.Time,True,False,0,0,0,0
decouverte,relation,PeriodeOuvertures,lundiheurefin1,Edm.Time,True,False,0,0,0,0
decouverte,relation,PeriodeOuvertures,lundiheurefin2,Edm.Time,True,False,0,0,0,0
decouverte,relation,PeriodeOuvertures,mardiheuredebut1,Edm.Time,True,False,0,0,0,0
decouverte,relation,PeriodeOuvertures,mardiheuredebut2,Edm.Time,True,False,0,0,0,0
decouverte,relation,PeriodeOuvertures,mardiheurefin1,Edm.Time,True,False,0,0,0,0
decouverte,relation,PeriodeOuvertures,mardiheurefin2,Edm.Time,True,False,0,0,0,0
decouverte,relation,PeriodeOuvertures,mercrediheuredebut1,Edm.Time,True,False,0,0,0,0
decouverte,relation,PeriodeOuvertures,mercrediheuredebut2,Edm.Time,True,False,0,0,0,0
decouverte,relation,PeriodeOuvertures,mercrediheurefin1,Edm.Time,True,False,0,0,0,0
decouverte,relation,PeriodeOuvertures,mercrediheurefin2,Edm.Time,True,False,0,0,0,0
decouverte,relation,PeriodeOuvertures,Ordre,Edm.Int64,True,False,0,0,0,0
decouverte,relation,PeriodeOuvertures,Precisionssurlesfermetures,Edm.String,True,False,0,0,0,0
decouverte,relation,PeriodeOuvertures,Precisionssurlesouvertures,Edm.String,True,False,0,0,0,0
decouverte,relation,PeriodeOuvertures,samediheuredebut1,Edm.Time,True,False,0,0,0,0
decouverte,relation,PeriodeOuvertures,samediheuredebut2,Edm.Time,True,False,0,0,0,0
decouverte,relation,PeriodeOuvertures,samediheurefin1,Edm.Time,True,False,0,0,0,0
decouverte,relation,PeriodeOuvertures,samediheurefin2,Edm.Time,True,False,0,0,0,0
decouverte,relation,PeriodeOuvertures,SyndicObjectId,Edm.String,True,False,0,0,0,0
decouverte,relation,PeriodeOuvertures,vendrediheuredebut1,Edm.Time,True,False,0,0,0,0
decouverte,relation,PeriodeOuvertures,vendrediheuredebut2,Edm.Time,True,False,0,0,0,0
decouverte,relation,PeriodeOuvertures,vendrediheurefin1,Edm.Time,True,False,0,0,0,0
decouverte,relation,PeriodeOuvertures,vendrediheurefin2,Edm.Time,True,False,0,0,0,0
decouverte,relation,Photos,Datedefindutilisation,Edm.DateTime,True,True,293,0,293,0.0
decouverte,relation,Photos,ID,Edm.Int64,True,True,293,293,0,100.0
decouverte,relation,Photos,Licencecreativecommons,Edm.Boolean,True,True,293,0,293,0.0
decouverte,relation,Photos,Ordre,Edm.Int64,True,True,293,293,0,100.0
decouverte,relation,Photos,Photo.Credit,Edm.String,True,True,293,293,0,100.0
decouverte,relation,Photos,Photo.MediaID,Edm.Guid,True,True,293,293,0,100.0
decouverte,relation,Photos,Photo.Titre,Edm.String,True,True,293,293,0,100.0
decouverte,relation,Photos,Photo.Url,Edm.String,True,True,293,293,0,100.0
decouverte,relation,Photos,SyndicObjectId,Edm.String,True,True,293,293,0,100.0
decouverte,relation,PrestationProximites,ID,Edm.Int64,True,True,37,37,0,100.0
decouverte,relation,PrestationProximites,Ordre,Edm.Int64,True,True,37,37,0,100.0
decouverte,relation,PrestationProximites,SyndicObjectId,Edm.String,True,True,37,37,0,100.0
decouverte,relation,PrestationProximites,ThesCode,Edm.String,True,True,37,37,0,100.0
decouverte,relation,PrestationProximites,ThesID,Edm.Guid,True,True,37,37,0,100.0
decouverte,relation,PrestationProximites,ThesLibelle,Edm.String,True,True,37,37,0,100.0
decouverte,relation,PrestationProximites,ThesOrdre,Edm.Int64,True,True,37,37,0,100.0
decouverte,relation,PrestationProximites,ThesPicto,Edm.String,True,True,37,0,37,0.0
decouverte,relation,PrestationsActivites,ID,Edm.Int64,True,True,1,1,0,100.0
decouverte,relation,PrestationsActivites,Ordre,Edm.Int64,True,True,1,1,0,100.0
decouverte,relation,PrestationsActivites,SyndicObjectId,Edm.String,True,True,1,1,0,100.0
decouverte,relation,PrestationsActivites,ThesCode,Edm.String,True,True,1,1,0,100.0
decouverte,relation,PrestationsActivites,ThesID,Edm.Guid,True,True,1,1,0,100.0
decouverte,relation,PrestationsActivites,ThesLibelle,Edm.String,True,True,1,1,0,100.0
decouverte,relation,PrestationsActivites,ThesOrdre,Edm.Int64,True,True,1,1,0,100.0
decouverte,relation,PrestationsActivites,ThesPicto,Edm.String,True,True,1,0,1,0.0
decouverte,relation,PrestationsEquipementss,ID,Edm.Int64,True,True,25,25,0,100.0
decouverte,relation,PrestationsEquipementss,Ordre,Edm.Int64,True,True,25,25,0,100.0
decouverte,relation,PrestationsEquipementss,SyndicObjectId,Edm.String,True,True,25,25,0,100.0
decouverte,relation,PrestationsEquipementss,ThesCode,Edm.String,True,True,25,25,0,100.0
decouverte,relation,PrestationsEquipementss,ThesID,Edm.Guid,True,True,25,25,0,100.0
decouverte,relation,PrestationsEquipementss,ThesLibelle,Edm.String,True,True,25,25,0,100.0
decouverte,relation,PrestationsEquipementss,ThesOrdre,Edm.Int64,True,True,25,25,0,100.0
decouverte,relation,PrestationsEquipementss,ThesPicto,Edm.String,True,True,25,0,25,0.0
decouverte,relation,Reservations,ID,Edm.Int64,True,True,7,7,0,100.0
decouverte,relation,Reservations,Lien,Edm.String,True,True,7,7,0,100.0
decouverte,relation,Reservations,Listeplateforme.ThesCode,Edm.String,True,True,7,7,0,100.0
decouverte,relation,Reservations,Listeplateforme.ThesID,Edm.Guid,True,True,7,7,0,100.0
decouverte,relation,Reservations,Listeplateforme.ThesLibelle,Edm.String,True,True,7,7,0,100.0
decouverte,relation,Reservations,Listeplateforme.ThesOrdre,Edm.Int32,True,True,7,7,0,100.0
decouverte,relation,Reservations,Listeplateforme.ThesPicto,Edm.String,True,True,7,0,7,0.0
decouverte,relation,Reservations,Ordre,Edm.Int64,True,True,7,7,0,100.0
decouverte,relation,Reservations,SyndicObjectId,Edm.String,True,True,7,7,0,100.0
decouverte,relation,Structure,Address1,Edm.String,True,True,49,49,0,100.0
decouverte,relation,Structure,Address2,Edm.String,True,True,49,0,49,0.0
decouverte,relation,Structure,Address3,Edm.String,True,True,49,0,49,0.0
decouverte,relation,Structure,City,Edm.String,True,True,49,49,0,100.0
decouverte,relation,Structure,Country,Edm.String,True,True,49,0,49,0.0
decouverte,relation,Structure,Email,Edm.String,True,True,49,49,0,100.0
decouverte,relation,Structure,EmailName,Edm.String,True,True,49,0,49,0.0
decouverte,relation,Structure,Name,Edm.String,True,True,49,49,0,100.0
decouverte,relation,Structure,Phone,Edm.String,True,True,49,0,49,0.0
decouverte,relation,Structure,Postcode,Edm.String,True,True,49,49,0,100.0
decouverte,relation,Structure,SyndicStructureId,Edm.Guid,True,True,49,49,0,100.0
decouverte,relation,Structure,Url,Edm.String,True,True,49,0,49,0.0
decouverte,relation,Tarifs,complementtarifs,Edm.String,True,True,6,3,3,50.0
decouverte,relation,Tarifs,Datedebutaffichage,Edm.DateTime,True,True,6,3,3,50.0
decouverte,relation,Tarifs,Datedebutvalidite,Edm.DateTime,True,True,6,0,6,0.0
decouverte,relation,Tarifs,Datefinaffichage,Edm.DateTime,True,True,6,0,6,0.0
decouverte,relation,Tarifs,Datefinvalidite,Edm.DateTime,True,True,6,0,6,0.0
decouverte,relation,Tarifs,ID,Edm.Int64,True,True,6,6,0,100.0
decouverte,relation,Tarifs,IntituleTarifs,TourInSoft.V5.Syndication.Syndication_FSDECOUVERTEOTISud_428EC9B6BEE14C85B372B15969FB2A19.ListeComplexType,False,True,4,0,4,0.0
decouverte,relation,Tarifs,IntituleTarifs.ThesCode,Edm.String,True,True,2,2,0,100.0
decouverte,relation,Tarifs,IntituleTarifs.ThesID,Edm.Guid,True,True,2,2,0,100.0
decouverte,relation,Tarifs,IntituleTarifs.ThesLibelle,Edm.String,True,True,2,2,0,100.0
decouverte,relation,Tarifs,IntituleTarifs.ThesOrdre,Edm.Int32,True,True,2,2,0,100.0
decouverte,relation,Tarifs,IntituleTarifs.ThesPicto,Edm.String,True,True,2,0,2,0.0
decouverte,relation,Tarifs,MaximumEuro,Edm.Decimal,True,True,6,4,2,66.7
decouverte,relation,Tarifs,MinimumEuro,Edm.Decimal,True,True,6,6,0,100.0
decouverte,relation,Tarifs,Ordre,Edm.Int64,True,True,6,6,0,100.0
decouverte,relation,Tarifs,Saisonnalite,TourInSoft.V5.Syndication.Syndication_FSDECOUVERTEOTISud_428EC9B6BEE14C85B372B15969FB2A19.ListeComplexType,False,True,6,0,6,0.0
decouverte,relation,Tarifs,Saisonnalite.ThesCode,Edm.String,True,False,0,0,0,0
decouverte,relation,Tarifs,Saisonnalite.ThesID,Edm.Guid,True,False,0,0,0,0
decouverte,relation,Tarifs,Saisonnalite.ThesLibelle,Edm.String,True,False,0,0,0,0
decouverte,relation,Tarifs,Saisonnalite.ThesOrdre,Edm.Int32,True,False,0,0,0,0
decouverte,relation,Tarifs,Saisonnalite.ThesPicto,Edm.String,True,False,0,0,0,0
decouverte,relation,Tarifs,SyndicObjectId,Edm.String,True,True,6,6,0,100.0
decouverte,relation,Thematiques,ID,Edm.Int64,True,True,50,50,0,100.0
decouverte,relation,Thematiques,Ordre,Edm.Int64,True,True,50,50,0,100.0
decouverte,relation,Thematiques,SyndicObjectId,Edm.String,True,True,50,50,0,100.0
decouverte,relation,Thematiques,ThesCode,Edm.String,True,True,50,50,0,100.0
decouverte,relation,Thematiques,ThesID,Edm.Guid,True,True,50,50,0,100.0
decouverte,relation,Thematiques,ThesLibelle,Edm.String,True,True,50,50,0,100.0
decouverte,relation,Thematiques,ThesOrdre,Edm.Int64,True,True,50,50,0,100.0
decouverte,relation,Thematiques,ThesPicto,Edm.String,True,True,50,0,50,0.0
decouverte,relation,TisTracking,CodeOffre,Edm.String,True,True,49,49,0,100.0
decouverte,relation,TisTracking,CodeStructure,Edm.String,True,True,49,49,0,100.0
decouverte,relation,TisTracking,CodeSyndication,Edm.String,True,True,49,49,0,100.0
decouverte,relation,TisTracking,SyndicObjectId,Edm.String,True,True,49,49,0,100.0
decouverte,relation,Typeequipements,ID,Edm.Int64,True,True,49,49,0,100.0
decouverte,relation,Typeequipements,Ordre,Edm.Int64,True,True,49,49,0,100.0
decouverte,relation,Typeequipements,SyndicObjectId,Edm.String,True,True,49,49,0,100.0
decouverte,relation,Typeequipements,Typedactivite.ThesCode,Edm.String,True,True,49,49,0,100.0
decouverte,relation,Typeequipements,Typedactivite.ThesID,Edm.Guid,True,True,49,49,0,100.0
decouverte,relation,Typeequipements,Typedactivite.ThesLibelle,Edm.String,True,True,49,49,0,100.0
decouverte,relation,Typeequipements,Typedactivite.ThesOrdre,Edm.Int32,True,True,49,49,0,100.0
decouverte,relation,Typeequipements,Typedactivite.ThesPicto,Edm.String,True,True,49,0,49,0.0
decouverte,relation,Videos,ID,Edm.Int64,True,False,0,0,0,0
decouverte,relation,Videos,IntegrerlavideosursonsitecopiercollerdeObjetouembedYoutubeouDailymotion,Edm.String,True,False,0,0,0,0
decouverte,relation,Videos,Licencecreativecommons,Edm.Boolean,True,False,0,0,0,0
decouverte,relation,Videos,Ordre,Edm.Int64,True,False,0,0,0,0
decouverte,relation,Videos,SyndicObjectId,Edm.String,True,False,0,0,0,0
decouverte,relation,Videos,URLvideo,Edm.String,True,False,0,0,0,0
hebergement,object,,AccueilPMR,Edm.Boolean,True,True,211,209,2,99.1
hebergement,object,,Adresse1,Edm.String,True,True,211,211,0,100.0
hebergement,object,,Adresse2,Edm.String,True,True,211,14,197,6.6
hebergement,object,,Adresse3,Edm.String,True,True,211,0,211,0.0
hebergement,object,,Allinclusive,Edm.Boolean,True,True,211,8,203,3.8
hebergement,object,,Bureau.ThesCode,Edm.String,True,True,211,211,0,100.0
hebergement,object,,Bureau.ThesID,Edm.Guid,True,True,211,211,0,100.0
hebergement,object,,Bureau.ThesLibelle,Edm.String,True,True,211,211,0,100.0
hebergement,object,,Bureau.ThesOrdre,Edm.Int32,True,True,211,211,0,100.0
hebergement,object,,Bureau.ThesPicto,Edm.String,True,True,211,0,211,0.0
hebergement,object,,Chaine,TourInSoft.V5.Syndication.Syndication_FSHebergementOTISud_1BE1FF22C4564D65B15EC83BC63F0644.ListeComplexType,False,True,210,0,210,0.0
hebergement,object,,Chaine.ThesCode,Edm.String,True,True,1,1,0,100.0
hebergement,object,,Chaine.ThesID,Edm.Guid,True,True,1,1,0,100.0
hebergement,object,,Chaine.ThesLibelle,Edm.String,True,True,1,1,0,100.0
hebergement,object,,Chaine.ThesOrdre,Edm.Int32,True,True,1,1,0,100.0
hebergement,object,,Chaine.ThesPicto,Edm.String,True,True,1,0,1,0.0
hebergement,object,,ClassementPrefectoral,Edm.String,True,True,211,70,141,33.2
hebergement,object,,ClassificationType,TourInSoft.V5.Syndication.Syndication_FSHebergementOTISud_1BE1FF22C4564D65B15EC83BC63F0644.ListeComplexType,False,True,1,0,1,0.0
hebergement,object,,ClassificationType.ThesCode,Edm.String,True,True,210,210,0,100.0
hebergement,object,,ClassificationType.ThesID,Edm.Guid,True,True,210,210,0,100.0
hebergement,object,,ClassificationType.ThesLibelle,Edm.String,True,True,210,210,0,100.0
hebergement,object,,ClassificationType.ThesOrdre,Edm.Int32,True,True,210,210,0,100.0
hebergement,object,,ClassificationType.ThesPicto,Edm.String,True,True,210,0,210,0.0
hebergement,object,,CodeINSEE,Edm.String,True,True,211,211,0,100.0
hebergement,object,,CodePostal,Edm.String,True,True,211,211,0,100.0
hebergement,object,,Commune,Edm.String,True,True,211,211,0,100.0
hebergement,object,,GmapLatitude,Edm.String,True,True,211,210,1,99.5
hebergement,object,,GmapLongitude,Edm.String,True,True,211,210,1,99.5
hebergement,object,,IdentifiantSoubik,Edm.String,True,True,211,208,3,98.6
hebergement,object,,Lieudit,TourInSoft.V5.Syndication.Syndication_FSHebergementOTISud_1BE1FF22C4564D65B15EC83BC63F0644.ListeComplexType,False,True,134,0,134,0.0
hebergement,object,,Lieudit.ThesCode,Edm.String,True,True,77,77,0,100.0
hebergement,object,,Lieudit.ThesID,Edm.Guid,True,True,77,77,0,100.0
hebergement,object,,Lieudit.ThesLibelle,Edm.String,True,True,77,77,0,100.0
hebergement,object,,Lieudit.ThesOrdre,Edm.Int32,True,True,77,77,0,100.0
hebergement,object,,Lieudit.ThesPicto,Edm.String,True,True,77,0,77,0.0
hebergement,object,,Nometablissement,Edm.String,True,True,211,211,0,100.0
hebergement,object,,ObjectTypeFix,Edm.String,True,True,211,211,0,100.0
hebergement,object,,ObjectTypeName,Edm.String,True,True,211,211,0,100.0
hebergement,object,,Published,Edm.DateTime,True,True,211,211,0,100.0
hebergement,object,,RaisonSociale,Edm.String,True,True,211,120,91,56.9
hebergement,object,,SIRET,Edm.String,True,True,211,11,200,5.2
hebergement,object,,SyndicObjectID,Edm.String,True,True,211,211,0,100.0
hebergement,object,,SyndicObjectName,Edm.String,True,True,211,211,0,100.0
hebergement,object,,SyndicObjectOrder,Edm.Int64,True,True,211,211,0,100.0
hebergement,object,,SyndicStructureId,Edm.Guid,True,True,211,211,0,100.0
hebergement,object,,TIS_TRACKING_LISTING_OFFRE,Edm.String,True,True,211,211,0,100.0
hebergement,object,,TIS_TRACKING_OFFRE,Edm.String,True,True,211,211,0,100.0
hebergement,object,,Updated,Edm.DateTime,True,True,211,211,0,100.0
hebergement,relation,Access,Descriptifduplandacces,Edm.String,True,True,211,170,41,80.6
hebergement,relation,Access,ID,Edm.Int64,True,True,211,211,0,100.0
hebergement,relation,Access,Ordre,Edm.Int64,True,True,211,211,0,100.0
hebergement,relation,Access,SyndicObjectId,Edm.String,True,True,211,211,0,100.0
hebergement,relation,Animauxacceptess,Animauxacceptes,Edm.Boolean,True,True,211,211,0,100.0
hebergement,relation,Animauxacceptess,Complementdinfo,TourInSoft.V5.Syndication.Syndication_FSHebergementOTISud_1BE1FF22C4564D65B15EC83BC63F0644.ListeComplexType,False,True,211,0,211,0.0
hebergement,relation,Animauxacceptess,Complementdinfo.ThesCode,Edm.String,True,False,0,0,0,0
hebergement,relation,Animauxacceptess,Complementdinfo.ThesID,Edm.Guid,True,False,0,0,0,0
hebergement,relation,Animauxacceptess,Complementdinfo.ThesLibelle,Edm.String,True,False,0,0,0,0
hebergement,relation,Animauxacceptess,Complementdinfo.ThesOrdre,Edm.Int32,True,False,0,0,0,0
hebergement,relation,Animauxacceptess,Complementdinfo.ThesPicto,Edm.String,True,False,0,0,0,0
hebergement,relation,Animauxacceptess,Complementdinformations,Edm.String,True,True,211,0,211,0.0
hebergement,relation,Animauxacceptess,ID,Edm.Int64,True,True,211,211,0,100.0
hebergement,relation,Animauxacceptess,Ordre,Edm.Int64,True,True,211,211,0,100.0
hebergement,relation,Animauxacceptess,SyndicObjectId,Edm.String,True,True,211,211,0,100.0
hebergement,relation,Capacitecampings,Capacite,Edm.Double,True,True,3,3,0,100.0
hebergement,relation,Capacitecampings,ID,Edm.Int64,True,True,3,3,0,100.0
hebergement,relation,Capacitecampings,Nombredemplacementcamping,Edm.Double,True,True,3,0,3,0.0
hebergement,relation,Capacitecampings,Nombredeproduits,Edm.Double,True,True,3,3,0,100.0
hebergement,relation,Capacitecampings,Ordre,Edm.Int64,True,True,3,3,0,100.0
hebergement,relation,Capacitecampings,Superficieduterrain,Edm.Double,True,True,3,3,0,100.0
hebergement,relation,Capacitecampings,Surfacecamping,Edm.Double,True,True,3,0,3,0.0
hebergement,relation,Capacitecampings,Surfacedelhabitation,Edm.Double,True,True,3,3,0,100.0
hebergement,relation,Capacitecampings,SyndicObjectId,Edm.String,True,True,3,3,0,100.0
hebergement,relation,Capacites,Capacitetotalenombredepersonnes,Edm.Double,True,True,208,207,1,99.5
hebergement,relation,Capacites,ID,Edm.Int64,True,True,208,208,0,100.0
hebergement,relation,Capacites,Nombredechambresfamiliales,Edm.Double,True,True,208,0,208,0.0
hebergement,relation,Capacites,Nombredechambrespourpersonneamobilitereduite,Edm.Double,True,True,208,0,208,0.0
hebergement,relation,Capacites,Nombredelits,Edm.Double,True,True,208,0,208,0.0
hebergement,relation,Capacites,Nombretotaldechambres,Edm.Double,True,True,208,15,193,7.2
hebergement,relation,Capacites,Ordre,Edm.Int64,True,True,208,208,0,100.0
hebergement,relation,Capacites,Salledereunion,Edm.Boolean,True,True,208,4,204,1.9
hebergement,relation,Capacites,Superficieduterrain,Edm.Double,True,True,208,184,24,88.5
hebergement,relation,Capacites,Surfacedelhabitation,Edm.Double,True,True,208,198,10,95.2
hebergement,relation,Capacites,SyndicObjectId,Edm.String,True,True,208,208,0,100.0
hebergement,relation,Capacitesallereunions,Capacitedelasalle,Edm.Double,True,False,0,0,0,0
hebergement,relation,Capacitesallereunions,Descriptifdelasalle,Edm.String,True,False,0,0,0,0
hebergement,relation,Capacitesallereunions,ID,Edm.Int64,True,False,0,0,0,0
hebergement,relation,Capacitesallereunions,Nomdelasalle,Edm.String,True,False,0,0,0,0
hebergement,relation,Capacitesallereunions,Ordre,Edm.Int64,True,False,0,0,0,0
hebergement,relation,Capacitesallereunions,SyndicObjectId,Edm.String,True,False,0,0,0,0
hebergement,relation,ClassementGitesDeFrances,ID,Edm.Int64,True,False,0,0,0,0
hebergement,relation,ClassementGitesDeFrances,Ordre,Edm.Int64,True,False,0,0,0,0
hebergement,relation,ClassementGitesDeFrances,SyndicObjectId,Edm.String,True,False,0,0,0,0
hebergement,relation,ClassementGitesDeFrances,ThesCode,Edm.String,True,False,0,0,0,0
hebergement,relation,ClassementGitesDeFrances,ThesID,Edm.Guid,True,False,0,0,0,0
hebergement,relation,ClassementGitesDeFrances,ThesLibelle,Edm.String,True,False,0,0,0,0
hebergement,relation,ClassementGitesDeFrances,ThesOrdre,Edm.Int32,True,False,0,0,0,0
hebergement,relation,ClassementGitesDeFrances,ThesPicto,Edm.String,True,False,0,0,0,0
hebergement,relation,ClassementsCleVacancess,ID,Edm.Int64,True,False,0,0,0,0
hebergement,relation,ClassementsCleVacancess,Ordre,Edm.Int64,True,False,0,0,0,0
hebergement,relation,ClassementsCleVacancess,SyndicObjectId,Edm.String,True,False,0,0,0,0
hebergement,relation,ClassementsCleVacancess,ThesCode,Edm.String,True,False,0,0,0,0
hebergement,relation,ClassementsCleVacancess,ThesID,Edm.Guid,True,False,0,0,0,0
hebergement,relation,ClassementsCleVacancess,ThesLibelle,Edm.String,True,False,0,0,0,0
hebergement,relation,ClassementsCleVacancess,ThesOrdre,Edm.Int32,True,False,0,0,0,0
hebergement,relation,ClassementsCleVacancess,ThesPicto,Edm.String,True,False,0,0,0,0
hebergement,relation,Classificationcategories,ID,Edm.Int64,True,True,210,210,0,100.0
hebergement,relation,Classificationcategories,Ordre,Edm.Int64,True,True,210,210,0,100.0
hebergement,relation,Classificationcategories,SyndicObjectId,Edm.String,True,True,210,210,0,100.0
hebergement,relation,Classificationcategories,ThesCode,Edm.String,True,True,210,210,0,100.0
hebergement,relation,Classificationcategories,ThesID,Edm.Guid,True,True,210,210,0,100.0
hebergement,relation,Classificationcategories,ThesLibelle,Edm.String,True,True,210,210,0,100.0
hebergement,relation,Classificationcategories,ThesOrdre,Edm.Int64,True,True,210,210,0,100.0
hebergement,relation,Classificationcategories,ThesPicto,Edm.String,True,True,210,0,210,0.0
hebergement,relation,ClassificationsouscategorieCHoteHLOs,ID,Edm.Int64,True,True,49,49,0,100.0
hebergement,relation,ClassificationsouscategorieCHoteHLOs,Ordre,Edm.Int64,True,True,49,49,0,100.0
hebergement,relation,ClassificationsouscategorieCHoteHLOs,SyndicObjectId,Edm.String,True,True,49,49,0,100.0
hebergement,relation,ClassificationsouscategorieCHoteHLOs,ThesCode,Edm.String,True,True,49,49,0,100.0
hebergement,relation,ClassificationsouscategorieCHoteHLOs,ThesID,Edm.Guid,True,True,49,49,0,100.0
hebergement,relation,ClassificationsouscategorieCHoteHLOs,ThesLibelle,Edm.String,True,True,49,49,0,100.0
hebergement,relation,ClassificationsouscategorieCHoteHLOs,ThesOrdre,Edm.Int64,True,True,49,49,0,100.0
hebergement,relation,ClassificationsouscategorieCHoteHLOs,ThesPicto,Edm.String,True,True,49,0,49,0.0
hebergement,relation,ClassificationsouscategoriegiteHLOs,ID,Edm.Int64,True,True,17,17,0,100.0
hebergement,relation,ClassificationsouscategoriegiteHLOs,Ordre,Edm.Int64,True,True,17,17,0,100.0
hebergement,relation,ClassificationsouscategoriegiteHLOs,SyndicObjectId,Edm.String,True,True,17,17,0,100.0
hebergement,relation,ClassificationsouscategoriegiteHLOs,ThesCode,Edm.String,True,True,17,17,0,100.0
hebergement,relation,ClassificationsouscategoriegiteHLOs,ThesID,Edm.Guid,True,True,17,17,0,100.0
hebergement,relation,ClassificationsouscategoriegiteHLOs,ThesLibelle,Edm.String,True,True,17,17,0,100.0
hebergement,relation,ClassificationsouscategoriegiteHLOs,ThesOrdre,Edm.Int64,True,True,17,17,0,100.0
hebergement,relation,ClassificationsouscategoriegiteHLOs,ThesPicto,Edm.String,True,True,17,0,17,0.0
hebergement,relation,ClassificationsouscategorielocsaisHLOs,ID,Edm.Int64,True,True,134,134,0,100.0
hebergement,relation,ClassificationsouscategorielocsaisHLOs,Ordre,Edm.Int64,True,True,134,134,0,100.0
hebergement,relation,ClassificationsouscategorielocsaisHLOs,SyndicObjectId,Edm.String,True,True,134,134,0,100.0
hebergement,relation,ClassificationsouscategorielocsaisHLOs,ThesCode,Edm.String,True,True,134,134,0,100.0
hebergement,relation,ClassificationsouscategorielocsaisHLOs,ThesID,Edm.Guid,True,True,134,134,0,100.0
hebergement,relation,ClassificationsouscategorielocsaisHLOs,ThesLibelle,Edm.String,True,True,134,134,0,100.0
hebergement,relation,ClassificationsouscategorielocsaisHLOs,ThesOrdre,Edm.Int64,True,True,134,134,0,100.0
hebergement,relation,ClassificationsouscategorielocsaisHLOs,ThesPicto,Edm.String,True,True,134,0,134,0.0
hebergement,relation,Classificationsouscategories,ID,Edm.Int64,True,True,10,10,0,100.0
hebergement,relation,Classificationsouscategories,Ordre,Edm.Int64,True,True,10,10,0,100.0
hebergement,relation,Classificationsouscategories,SyndicObjectId,Edm.String,True,True,10,10,0,100.0
hebergement,relation,Classificationsouscategories,ThesCode,Edm.String,True,True,10,10,0,100.0
hebergement,relation,Classificationsouscategories,ThesID,Edm.Guid,True,True,10,10,0,100.0
hebergement,relation,Classificationsouscategories,ThesLibelle,Edm.String,True,True,10,10,0,100.0
hebergement,relation,Classificationsouscategories,ThesOrdre,Edm.Int64,True,True,10,10,0,100.0
hebergement,relation,Classificationsouscategories,ThesPicto,Edm.String,True,True,10,0,10,0.0
hebergement,relation,Descriptifss,Accroche,Edm.String,True,True,211,191,20,90.5
hebergement,relation,Descriptifss,Descriptioncommerciale,Edm.String,True,True,211,210,1,99.5
hebergement,relation,Descriptifss,ID,Edm.Int64,True,True,211,211,0,100.0
hebergement,relation,Descriptifss,Ordre,Edm.Int64,True,True,211,211,0,100.0
hebergement,relation,Descriptifss,SyndicObjectId,Edm.String,True,True,211,211,0,100.0
hebergement,relation,Fichiers,DocumentFichier.Credit,Edm.String,True,False,0,0,0,0
hebergement,relation,Fichiers,DocumentFichier.MediaID,Edm.Guid,True,False,0,0,0,0
hebergement,relation,Fichiers,DocumentFichier.Titre,Edm.String,True,False,0,0,0,0
hebergement,relation,Fichiers,DocumentFichier.Url,Edm.String,True,False,0,0,0,0
hebergement,relation,Fichiers,ID,Edm.Int64,True,False,0,0,0,0
hebergement,relation,Fichiers,Ordre,Edm.Int64,True,False,0,0,0,0
hebergement,relation,Fichiers,SyndicObjectId,Edm.String,True,False,0,0,0,0
hebergement,relation,Handicaps,ID,Edm.Int64,True,False,0,0,0,0
hebergement,relation,Handicaps,Ordre,Edm.Int64,True,False,0,0,0,0
hebergement,relation,Handicaps,SyndicObjectId,Edm.String,True,False,0,0,0,0
hebergement,relation,Handicaps,ThesCode,Edm.String,True,False,0,0,0,0
hebergement,relation,Handicaps,ThesID,Edm.Guid,True,False,0,0,0,0
hebergement,relation,Handicaps,ThesLibelle,Edm.String,True,False,0,0,0,0
hebergement,relation,Handicaps,ThesOrdre,Edm.Int32,True,False,0,0,0,0
hebergement,relation,Handicaps,ThesPicto,Edm.String,True,False,0,0,0,0
hebergement,relation,Horairearriveedeparts,Heuredarrivee,Edm.TimeSpan,True,True,11,0,11,0.0
hebergement,relation,Horairearriveedeparts,Heuredarriveemax,Edm.TimeSpan,True,True,11,0,11,0.0
hebergement,relation,Horairearriveedeparts,Heurededepart,Edm.TimeSpan,True,True,11,2,9,18.2
hebergement,relation,Horairearriveedeparts,ID,Edm.Int64,True,True,11,11,0,100.0
hebergement,relation,Horairearriveedeparts,Ordre,Edm.Int64,True,True,11,11,0,100.0
hebergement,relation,Horairearriveedeparts,SyndicObjectId,Edm.String,True,True,11,11,0,100.0
hebergement,relation,Labels,ID,Edm.Int64,True,True,34,34,0,100.0
hebergement,relation,Labels,Ordre,Edm.Int64,True,True,34,34,0,100.0
hebergement,relation,Labels,SyndicObjectId,Edm.String,True,True,34,34,0,100.0
hebergement,relation,Labels,ThesCode,Edm.String,True,True,34,34,0,100.0
hebergement,relation,Labels,ThesID,Edm.Guid,True,True,34,34,0,100.0
hebergement,relation,Labels,ThesLibelle,Edm.String,True,True,34,34,0,100.0
hebergement,relation,Labels,ThesOrdre,Edm.Int64,True,True,34,34,0,100.0
hebergement,relation,Labels,ThesPicto,Edm.String,True,True,34,0,34,0.0
hebergement,relation,LanguesParleess,ID,Edm.Int64,True,True,423,423,0,100.0
hebergement,relation,LanguesParleess,Ordre,Edm.Int64,True,True,423,423,0,100.0
hebergement,relation,LanguesParleess,SyndicObjectId,Edm.String,True,True,423,423,0,100.0
hebergement,relation,LanguesParleess,ThesCode,Edm.String,True,True,423,423,0,100.0
hebergement,relation,LanguesParleess,ThesID,Edm.Guid,True,True,423,423,0,100.0
hebergement,relation,LanguesParleess,ThesLibelle,Edm.String,True,True,423,423,0,100.0
hebergement,relation,LanguesParleess,ThesOrdre,Edm.Int64,True,True,423,423,0,100.0
hebergement,relation,LanguesParleess,ThesPicto,Edm.String,True,True,423,0,423,0.0
hebergement,relation,Localisationss,ID,Edm.Int64,True,True,227,227,0,100.0
hebergement,relation,Localisationss,Ordre,Edm.Int64,True,True,227,227,0,100.0
hebergement,relation,Localisationss,SyndicObjectId,Edm.String,True,True,227,227,0,100.0
hebergement,relation,Localisationss,ThesCode,Edm.String,True,True,227,227,0,100.0
hebergement,relation,Localisationss,ThesID,Edm.Guid,True,True,227,227,0,100.0
hebergement,relation,Localisationss,ThesLibelle,Edm.String,True,True,227,227,0,100.0
hebergement,relation,Localisationss,ThesOrdre,Edm.Int64,True,True,227,227,0,100.0
hebergement,relation,Localisationss,ThesPicto,Edm.String,True,True,227,0,227,0.0
hebergement,relation,ModesPaiements,ID,Edm.Int64,True,True,519,519,0,100.0
hebergement,relation,ModesPaiements,Ordre,Edm.Int64,True,True,519,519,0,100.0
hebergement,relation,ModesPaiements,SyndicObjectId,Edm.String,True,True,519,519,0,100.0
hebergement,relation,ModesPaiements,ThesCode,Edm.String,True,True,519,519,0,100.0
hebergement,relation,ModesPaiements,ThesID,Edm.Guid,True,True,519,519,0,100.0
hebergement,relation,ModesPaiements,ThesLibelle,Edm.String,True,True,519,519,0,100.0
hebergement,relation,ModesPaiements,ThesOrdre,Edm.Int64,True,True,519,519,0,100.0
hebergement,relation,ModesPaiements,ThesPicto,Edm.String,True,True,519,0,519,0.0
hebergement,relation,Moyencommunications,Complementdinformations,Edm.String,True,True,617,0,617,0.0
hebergement,relation,Moyencommunications,Coordonnees,Edm.String,True,True,617,604,13,97.9
hebergement,relation,Moyencommunications,ID,Edm.Int64,True,True,617,617,0,100.0
hebergement,relation,Moyencommunications,Moyendecommunication,TourInSoft.V5.Syndication.Syndication_FSHebergementOTISud_1BE1FF22C4564D65B15EC83BC63F0644.ListeComplexType,False,True,33,0,33,0.0
hebergement,relation,Moyencommunications,Moyendecommunication.ThesCode,Edm.String,True,True,584,584,0,100.0
hebergement,relation,Moyencommunications,Moyendecommunication.ThesID,Edm.Guid,True,True,584,584,0,100.0
hebergement,relation,Moyencommunications,Moyendecommunication.ThesLibelle,Edm.String,True,True,584,584,0,100.0
hebergement,relation,Moyencommunications,Moyendecommunication.ThesOrdre,Edm.Int32,True,True,584,584,0,100.0
hebergement,relation,Moyencommunications,Moyendecommunication.ThesPicto,Edm.String,True,True,584,0,584,0.0
hebergement,relation,Moyencommunications,Ordre,Edm.Int64,True,True,617,617,0,100.0
hebergement,relation,Moyencommunications,SyndicObjectId,Edm.String,True,True,617,617,0,100.0
hebergement,relation,Moyencommunications,Typedecoordonnees.ThesCode,Edm.String,True,True,617,617,0,100.0
hebergement,relation,Moyencommunications,Typedecoordonnees.ThesID,Edm.Guid,True,True,617,617,0,100.0
hebergement,relation,Moyencommunications,Typedecoordonnees.ThesLibelle,Edm.String,True,True,617,617,0,100.0
hebergement,relation,Moyencommunications,Typedecoordonnees.ThesOrdre,Edm.Int32,True,True,617,617,0,100.0
hebergement,relation,Moyencommunications,Typedecoordonnees.ThesPicto,Edm.String,True,True,617,0,617,0.0
hebergement,relation,PeriodeOuvertures,Datedebut,Edm.DateTime,True,True,1,1,0,100.0
hebergement,relation,PeriodeOuvertures,Datefin,Edm.DateTime,True,True,1,1,0,100.0
hebergement,relation,PeriodeOuvertures,dimancheheuredebut1,Edm.TimeSpan,True,True,1,0,1,0.0
hebergement,relation,PeriodeOuvertures,dimancheheuredebut2,Edm.TimeSpan,True,True,1,0,1,0.0
hebergement,relation,PeriodeOuvertures,dimancheheurefin1,Edm.TimeSpan,True,True,1,0,1,0.0
hebergement,relation,PeriodeOuvertures,dimancheheurefin2,Edm.TimeSpan,True,True,1,0,1,0.0
hebergement,relation,PeriodeOuvertures,heuredebut1,Edm.TimeSpan,True,True,1,0,1,0.0
hebergement,relation,PeriodeOuvertures,heuredebut2,Edm.TimeSpan,True,True,1,0,1,0.0
hebergement,relation,PeriodeOuvertures,heurefin1,Edm.TimeSpan,True,True,1,0,1,0.0
hebergement,relation,PeriodeOuvertures,heurefin2,Edm.TimeSpan,True,True,1,0,1,0.0
hebergement,relation,PeriodeOuvertures,ID,Edm.Int64,True,True,1,1,0,100.0
hebergement,relation,PeriodeOuvertures,jeudiheuredebut1,Edm.TimeSpan,True,True,1,1,0,100.0
hebergement,relation,PeriodeOuvertures,jeudiheuredebut2,Edm.TimeSpan,True,True,1,1,0,100.0
hebergement,relation,PeriodeOuvertures,jeudiheurefin1,Edm.TimeSpan,True,True,1,1,0,100.0
hebergement,relation,PeriodeOuvertures,jeudiheurefin2,Edm.TimeSpan,True,True,1,1,0,100.0
hebergement,relation,PeriodeOuvertures,lundiheuredebut1,Edm.TimeSpan,True,True,1,1,0,100.0
hebergement,relation,PeriodeOuvertures,lundiheuredebut2,Edm.TimeSpan,True,True,1,1,0,100.0
hebergement,relation,PeriodeOuvertures,lundiheurefin1,Edm.TimeSpan,True,True,1,1,0,100.0
hebergement,relation,PeriodeOuvertures,lundiheurefin2,Edm.TimeSpan,True,True,1,1,0,100.0
hebergement,relation,PeriodeOuvertures,mardiheuredebut1,Edm.TimeSpan,True,True,1,1,0,100.0
hebergement,relation,PeriodeOuvertures,mardiheuredebut2,Edm.TimeSpan,True,True,1,1,0,100.0
hebergement,relation,PeriodeOuvertures,mardiheurefin1,Edm.TimeSpan,True,True,1,1,0,100.0
hebergement,relation,PeriodeOuvertures,mardiheurefin2,Edm.TimeSpan,True,True,1,1,0,100.0
hebergement,relation,PeriodeOuvertures,mercrediheuredebut1,Edm.TimeSpan,True,True,1,1,0,100.0
hebergement,relation,PeriodeOuvertures,mercrediheuredebut2,Edm.TimeSpan,True,True,1,1,0,100.0
hebergement,relation,PeriodeOuvertures,mercrediheurefin1,Edm.TimeSpan,True,True,1,1,0,100.0
hebergement,relation,PeriodeOuvertures,mercrediheurefin2,Edm.TimeSpan,True,True,1,1,0,100.0
hebergement,relation,PeriodeOuvertures,Ordre,Edm.Int64,True,True,1,1,0,100.0
hebergement,relation,PeriodeOuvertures,Precisionssurlesfermetures,Edm.String,True,True,1,0,1,0.0
hebergement,relation,PeriodeOuvertures,Precisionssurlesouvertures,Edm.String,True,True,1,0,1,0.0
hebergement,relation,PeriodeOuvertures,samediheuredebut1,Edm.TimeSpan,True,True,1,1,0,100.0
hebergement,relation,PeriodeOuvertures,samediheuredebut2,Edm.TimeSpan,True,True,1,1,0,100.0
hebergement,relation,PeriodeOuvertures,samediheurefin1,Edm.TimeSpan,True,True,1,1,0,100.0
hebergement,relation,PeriodeOuvertures,samediheurefin2,Edm.TimeSpan,True,True,1,1,0,100.0
hebergement,relation,PeriodeOuvertures,SyndicObjectId,Edm.String,True,True,1,1,0,100.0
hebergement,relation,PeriodeOuvertures,vendrediheuredebut1,Edm.TimeSpan,True,True,1,1,0,100.0
hebergement,relation,PeriodeOuvertures,vendrediheuredebut2,Edm.TimeSpan,True,True,1,1,0,100.0
hebergement,relation,PeriodeOuvertures,vendrediheurefin1,Edm.TimeSpan,True,True,1,0,1,0.0
hebergement,relation,PeriodeOuvertures,vendrediheurefin2,Edm.TimeSpan,True,True,1,1,0,100.0
hebergement,relation,Photos,Datedefindutilisation,Edm.DateTime,True,True,1609,0,1609,0.0
hebergement,relation,Photos,ID,Edm.Int64,True,True,1609,1609,0,100.0
hebergement,relation,Photos,Licencecreativecommons,Edm.Boolean,True,True,1609,0,1609,0.0
hebergement,relation,Photos,Ordre,Edm.Int64,True,True,1609,1609,0,100.0
hebergement,relation,Photos,Photo.Credit,Edm.String,True,True,1609,1609,0,100.0
hebergement,relation,Photos,Photo.MediaID,Edm.Guid,True,True,1609,1609,0,100.0
hebergement,relation,Photos,Photo.Titre,Edm.String,True,True,1609,1609,0,100.0
hebergement,relation,Photos,Photo.Url,Edm.String,True,True,1609,1609,0,100.0
hebergement,relation,Photos,SyndicObjectId,Edm.String,True,True,1609,1609,0,100.0
hebergement,relation,PrestationProximites,ID,Edm.Int64,True,True,452,452,0,100.0
hebergement,relation,PrestationProximites,Ordre,Edm.Int64,True,True,452,452,0,100.0
hebergement,relation,PrestationProximites,SyndicObjectId,Edm.String,True,True,452,452,0,100.0
hebergement,relation,PrestationProximites,ThesCode,Edm.String,True,True,452,452,0,100.0
hebergement,relation,PrestationProximites,ThesID,Edm.Guid,True,True,452,452,0,100.0
hebergement,relation,PrestationProximites,ThesLibelle,Edm.String,True,True,452,452,0,100.0
hebergement,relation,PrestationProximites,ThesOrdre,Edm.Int64,True,True,452,452,0,100.0
hebergement,relation,PrestationProximites,ThesPicto,Edm.String,True,True,452,0,452,0.0
hebergement,relation,PrestationsActivites,ID,Edm.Int64,True,False,0,0,0,0
hebergement,relation,PrestationsActivites,Ordre,Edm.Int64,True,False,0,0,0,0
hebergement,relation,PrestationsActivites,SyndicObjectId,Edm.String,True,False,0,0,0,0
hebergement,relation,PrestationsActivites,ThesCode,Edm.String,True,False,0,0,0,0
hebergement,relation,PrestationsActivites,ThesID,Edm.Guid,True,False,0,0,0,0
hebergement,relation,PrestationsActivites,ThesLibelle,Edm.String,True,False,0,0,0,0
hebergement,relation,PrestationsActivites,ThesOrdre,Edm.Int32,True,False,0,0,0,0
hebergement,relation,PrestationsActivites,ThesPicto,Edm.String,True,False,0,0,0,0
hebergement,relation,PrestationsEquipementss,ID,Edm.Int64,True,True,1454,1454,0,100.0
hebergement,relation,PrestationsEquipementss,Ordre,Edm.Int64,True,True,1454,1454,0,100.0
hebergement,relation,PrestationsEquipementss,SyndicObjectId,Edm.String,True,True,1454,1454,0,100.0
hebergement,relation,PrestationsEquipementss,ThesCode,Edm.String,True,True,1454,1454,0,100.0
hebergement,relation,PrestationsEquipementss,ThesID,Edm.Guid,True,True,1454,1454,0,100.0
hebergement,relation,PrestationsEquipementss,ThesLibelle,Edm.String,True,True,1454,1454,0,100.0
hebergement,relation,PrestationsEquipementss,ThesOrdre,Edm.Int64,True,True,1454,1454,0,100.0
hebergement,relation,PrestationsEquipementss,ThesPicto,Edm.String,True,True,1454,0,1454,0.0
hebergement,relation,Reseauxsociauxs,codeembed,Edm.String,True,True,36,0,36,0.0
hebergement,relation,Reseauxsociauxs,ID,Edm.Int64,True,True,36,36,0,100.0
hebergement,relation,Reseauxsociauxs,Ordre,Edm.Int64,True,True,36,36,0,100.0
hebergement,relation,Reseauxsociauxs,SyndicObjectId,Edm.String,True,True,36,36,0,100.0
hebergement,relation,Reseauxsociauxs,Typedeplateforme.ThesCode,Edm.String,True,True,36,36,0,100.0
hebergement,relation,Reseauxsociauxs,Typedeplateforme.ThesID,Edm.Guid,True,True,36,36,0,100.0
hebergement,relation,Reseauxsociauxs,Typedeplateforme.ThesLibelle,Edm.String,True,True,36,36,0,100.0
hebergement,relation,Reseauxsociauxs,Typedeplateforme.ThesOrdre,Edm.Int32,True,True,36,36,0,100.0
hebergement,relation,Reseauxsociauxs,Typedeplateforme.ThesPicto,Edm.String,True,True,36,0,36,0.0
hebergement,relation,Reseauxsociauxs,URL,Edm.String,True,True,36,36,0,100.0
hebergement,relation,Reservations,ID,Edm.Int64,True,True,31,31,0,100.0
hebergement,relation,Reservations,Lien,Edm.String,True,True,31,31,0,100.0
hebergement,relation,Reservations,Listeplateforme.ThesCode,Edm.String,True,True,31,31,0,100.0
hebergement,relation,Reservations,Listeplateforme.ThesID,Edm.Guid,True,True,31,31,0,100.0
hebergement,relation,Reservations,Listeplateforme.ThesLibelle,Edm.String,True,True,31,31,0,100.0
hebergement,relation,Reservations,Listeplateforme.ThesOrdre,Edm.Int32,True,True,31,31,0,100.0
hebergement,relation,Reservations,Listeplateforme.ThesPicto,Edm.String,True,True,31,0,31,0.0
hebergement,relation,Reservations,Ordre,Edm.Int64,True,True,31,31,0,100.0
hebergement,relation,Reservations,SyndicObjectId,Edm.String,True,True,31,31,0,100.0
hebergement,relation,Structure,Address1,Edm.String,True,True,211,211,0,100.0
hebergement,relation,Structure,Address2,Edm.String,True,True,211,0,211,0.0
hebergement,relation,Structure,Address3,Edm.String,True,True,211,0,211,0.0
hebergement,relation,Structure,City,Edm.String,True,True,211,211,0,100.0
hebergement,relation,Structure,Country,Edm.String,True,True,211,0,211,0.0
hebergement,relation,Structure,Email,Edm.String,True,True,211,211,0,100.0
hebergement,relation,Structure,EmailName,Edm.String,True,True,211,0,211,0.0
hebergement,relation,Structure,Name,Edm.String,True,True,211,211,0,100.0
hebergement,relation,Structure,Phone,Edm.String,True,True,211,0,211,0.0
hebergement,relation,Structure,Postcode,Edm.String,True,True,211,211,0,100.0
hebergement,relation,Structure,SyndicStructureId,Edm.Guid,True,True,211,211,0,100.0
hebergement,relation,Structure,Url,Edm.String,True,True,211,0,211,0.0
hebergement,relation,Tarifs,complementtarifs,Edm.String,True,True,215,2,213,0.9
hebergement,relation,Tarifs,Datedebutaffichage,Edm.DateTime,True,True,215,209,6,97.2
hebergement,relation,Tarifs,Datedebutvalidite,Edm.DateTime,True,True,215,0,215,0.0
hebergement,relation,Tarifs,Datefinaffichage,Edm.DateTime,True,True,215,1,214,0.5
hebergement,relation,Tarifs,Datefinvalidite,Edm.DateTime,True,True,215,0,215,0.0
hebergement,relation,Tarifs,ID,Edm.Int64,True,True,215,215,0,100.0
hebergement,relation,Tarifs,IntituleTarifs,TourInSoft.V5.Syndication.Syndication_FSHebergementOTISud_1BE1FF22C4564D65B15EC83BC63F0644.ListeComplexType,False,True,40,0,40,0.0
hebergement,relation,Tarifs,IntituleTarifs.ThesCode,Edm.String,True,True,175,175,0,100.0
hebergement,relation,Tarifs,IntituleTarifs.ThesID,Edm.Guid,True,True,175,175,0,100.0
hebergement,relation,Tarifs,IntituleTarifs.ThesLibelle,Edm.String,True,True,175,175,0,100.0
hebergement,relation,Tarifs,IntituleTarifs.ThesOrdre,Edm.Int32,True,True,175,175,0,100.0
hebergement,relation,Tarifs,IntituleTarifs.ThesPicto,Edm.String,True,True,175,0,175,0.0
hebergement,relation,Tarifs,MaximumEuro,Edm.Decimal,True,True,215,207,8,96.3
hebergement,relation,Tarifs,MinimumEuro,Edm.Decimal,True,True,215,215,0,100.0
hebergement,relation,Tarifs,Nom,Edm.String,True,True,215,153,62,71.2
hebergement,relation,Tarifs,Nombredenuits,Edm.Double,True,True,215,0,215,0.0
hebergement,relation,Tarifs,Ordre,Edm.Int64,True,True,215,215,0,100.0
hebergement,relation,Tarifs,Saisonnalite,TourInSoft.V5.Syndication.Syndication_FSHebergementOTISud_1BE1FF22C4564D65B15EC83BC63F0644.ListeComplexType,False,True,215,0,215,0.0
hebergement,relation,Tarifs,Saisonnalite.ThesCode,Edm.String,True,False,0,0,0,0
hebergement,relation,Tarifs,Saisonnalite.ThesID,Edm.Guid,True,False,0,0,0,0
hebergement,relation,Tarifs,Saisonnalite.ThesLibelle,Edm.String,True,False,0,0,0,0
hebergement,relation,Tarifs,Saisonnalite.ThesOrdre,Edm.Int32,True,False,0,0,0,0
hebergement,relation,Tarifs,Saisonnalite.ThesPicto,Edm.String,True,False,0,0,0,0
hebergement,relation,Tarifs,SyndicObjectId,Edm.String,True,True,215,215,0,100.0
hebergement,relation,Thematiques,ID,Edm.Int64,True,True,140,140,0,100.0
hebergement,relation,Thematiques,Ordre,Edm.Int64,True,True,140,140,0,100.0
hebergement,relation,Thematiques,SyndicObjectId,Edm.String,True,True,140,140,0,100.0
hebergement,relation,Thematiques,ThesCode,Edm.String,True,True,140,140,0,100.0
hebergement,relation,Thematiques,ThesID,Edm.Guid,True,True,140,140,0,100.0
hebergement,relation,Thematiques,ThesLibelle,Edm.String,True,True,140,140,0,100.0
hebergement,relation,Thematiques,ThesOrdre,Edm.Int64,True,True,140,140,0,100.0
hebergement,relation,Thematiques,ThesPicto,Edm.String,True,True,140,0,140,0.0
hebergement,relation,TisTracking,CodeOffre,Edm.String,True,True,211,211,0,100.0
hebergement,relation,TisTracking,CodeStructure,Edm.String,True,True,211,211,0,100.0
hebergement,relation,TisTracking,CodeSyndication,Edm.String,True,True,211,211,0,100.0
hebergement,relation,TisTracking,SyndicObjectId,Edm.String,True,True,211,211,0,100.0
hebergement,relation,Videos,ID,Edm.Int64,True,False,0,0,0,0
hebergement,relation,Videos,IntegrerlavideosursonsitecopiercollerdeObjetouembedYoutubeouDailymotion,Edm.String,True,False,0,0,0,0
hebergement,relation,Videos,Licencecreativecommons,Edm.Boolean,True,False,0,0,0,0
hebergement,relation,Videos,Ordre,Edm.Int64,True,False,0,0,0,0
hebergement,relation,Videos,SyndicObjectId,Edm.String,True,False,0,0,0,0
hebergement,relation,Videos,URLvideo,Edm.String,True,False,0,0,0,0
hebergement,relation,Zoness,AdresseOrdre,Edm.Int64,True,True,633,633,0,100.0
hebergement,relation,Zoness,ID,Edm.Int64,True,True,633,633,0,100.0
hebergement,relation,Zoness,Ordre,Edm.Int64,True,True,633,633,0,100.0
hebergement,relation,Zoness,SyndicObjectId,Edm.String,True,True,633,633,0,100.0
hebergement,relation,Zoness,ZoneId,Edm.Int64,True,True,633,633,0,100.0
hebergement,relation,Zoness,ZoneLibelle,Edm.String,True,True,633,633,0,100.0
hebergement,relation,ZonesTypes,ID,Edm.Int64,True,True,1266,1266,0,100.0
hebergement,relation,ZonesTypes,SyndicObjectId,Edm.String,True,True,1266,1266,0,100.0
hebergement,relation,ZonesTypes,ZoneId,Edm.Int64,True,True,1266,1266,0,100.0
hebergement,relation,ZonesTypes,ZoneTypeId,Edm.Int64,True,True,1266,1266,0,100.0
hebergement,relation,ZonesTypes,ZoneTypeLibelle,Edm.String,True,True,1266,1266,0,100.0
information_service,object,,AccueilPMR,Edm.Boolean,True,True,5,5,0,100.0
information_service,object,,Adresse1,Edm.String,True,True,5,5,0,100.0
information_service,object,,Adresse2,Edm.String,True,True,5,0,5,0.0
information_service,object,,Adresse3,Edm.String,True,True,5,0,5,0.0
information_service,object,,Bureau.ThesCode,Edm.String,True,True,5,5,0,100.0
information_service,object,,Bureau.ThesID,Edm.Guid,True,True,5,5,0,100.0
information_service,object,,Bureau.ThesLibelle,Edm.String,True,True,5,5,0,100.0
information_service,object,,Bureau.ThesOrdre,Edm.Int32,True,True,5,5,0,100.0
information_service,object,,Bureau.ThesPicto,Edm.String,True,True,5,0,5,0.0
information_service,object,,ClassificationCategorie.ThesCode,Edm.String,True,True,5,5,0,100.0
information_service,object,,ClassificationCategorie.ThesID,Edm.Guid,True,True,5,5,0,100.0
information_service,object,,ClassificationCategorie.ThesLibelle,Edm.String,True,True,5,5,0,100.0
information_service,object,,ClassificationCategorie.ThesOrdre,Edm.Int32,True,True,5,5,0,100.0
information_service,object,,ClassificationCategorie.ThesPicto,Edm.String,True,True,5,0,5,0.0
information_service,object,,ClassificationType.ThesCode,Edm.String,True,True,5,5,0,100.0
information_service,object,,ClassificationType.ThesID,Edm.Guid,True,True,5,5,0,100.0
information_service,object,,ClassificationType.ThesLibelle,Edm.String,True,True,5,5,0,100.0
information_service,object,,ClassificationType.ThesOrdre,Edm.Int32,True,True,5,5,0,100.0
information_service,object,,ClassificationType.ThesPicto,Edm.String,True,True,5,0,5,0.0
information_service,object,,CodeINSEE,Edm.String,True,True,5,5,0,100.0
information_service,object,,CodePostal,Edm.String,True,True,5,5,0,100.0
information_service,object,,Commune,Edm.String,True,True,5,5,0,100.0
information_service,object,,GmapLatitude,Edm.String,True,True,5,5,0,100.0
information_service,object,,GmapLongitude,Edm.String,True,True,5,5,0,100.0
information_service,object,,IdentifiantSoubik,Edm.String,True,True,5,5,0,100.0
information_service,object,,Lieudit,TourInSoft.V5.Syndication.Syndication_FSINFORMATIONSERVICETOURISTIQUEOTISud_D905048B2AB54600A93495C912DD8CB4.ListeComplexType,False,True,4,0,4,0.0
information_service,object,,Lieudit.ThesCode,Edm.String,True,True,1,1,0,100.0
information_service,object,,Lieudit.ThesID,Edm.Guid,True,True,1,1,0,100.0
information_service,object,,Lieudit.ThesLibelle,Edm.String,True,True,1,1,0,100.0
information_service,object,,Lieudit.ThesOrdre,Edm.Int32,True,True,1,1,0,100.0
information_service,object,,Lieudit.ThesPicto,Edm.String,True,True,1,0,1,0.0
information_service,object,,Nometablissement,Edm.String,True,True,5,5,0,100.0
information_service,object,,ObjectTypeFix,Edm.String,True,True,5,5,0,100.0
information_service,object,,ObjectTypeName,Edm.String,True,True,5,5,0,100.0
information_service,object,,Published,Edm.DateTime,True,True,5,5,0,100.0
information_service,object,,RaisonSociale,Edm.String,True,True,5,1,4,20.0
information_service,object,,SIRET,Edm.String,True,True,5,5,0,100.0
information_service,object,,SyndicObjectID,Edm.String,True,True,5,5,0,100.0
information_service,object,,SyndicObjectName,Edm.String,True,True,5,5,0,100.0
information_service,object,,SyndicObjectOrder,Edm.Int64,True,True,5,5,0,100.0
information_service,object,,SyndicStructureId,Edm.Guid,True,True,5,5,0,100.0
information_service,object,,TIS_TRACKING_LISTING_OFFRE,Edm.String,True,True,5,5,0,100.0
information_service,object,,TIS_TRACKING_OFFRE,Edm.String,True,True,5,5,0,100.0
information_service,object,,Updated,Edm.DateTime,True,True,5,5,0,100.0
information_service,relation,Chaines,Groupe,TourInSoft.V5.Syndication.Syndication_FSINFORMATIONSERVICETOURISTIQUEOTISud_D905048B2AB54600A93495C912DD8CB4.ListeComplexType,False,True,1,0,1,0.0
information_service,relation,Chaines,Groupe.ThesCode,Edm.String,True,False,0,0,0,0
information_service,relation,Chaines,Groupe.ThesID,Edm.Guid,True,False,0,0,0,0
information_service,relation,Chaines,Groupe.ThesLibelle,Edm.String,True,False,0,0,0,0
information_service,relation,Chaines,Groupe.ThesOrdre,Edm.Int32,True,False,0,0,0,0
information_service,relation,Chaines,Groupe.ThesPicto,Edm.String,True,False,0,0,0,0
information_service,relation,Chaines,ID,Edm.Int64,True,True,1,1,0,100.0
information_service,relation,Chaines,Ordre,Edm.Int64,True,True,1,1,0,100.0
information_service,relation,Chaines,Reseaux,TourInSoft.V5.Syndication.Syndication_FSINFORMATIONSERVICETOURISTIQUEOTISud_D905048B2AB54600A93495C912DD8CB4.ListeComplexType,False,True,1,0,1,0.0
information_service,relation,Chaines,Reseaux.ThesCode,Edm.String,True,False,0,0,0,0
information_service,relation,Chaines,Reseaux.ThesID,Edm.Guid,True,False,0,0,0,0
information_service,relation,Chaines,Reseaux.ThesLibelle,Edm.String,True,False,0,0,0,0
information_service,relation,Chaines,Reseaux.ThesOrdre,Edm.Int32,True,False,0,0,0,0
information_service,relation,Chaines,Reseaux.ThesPicto,Edm.String,True,False,0,0,0,0
information_service,relation,Chaines,SyndicObjectId,Edm.String,True,True,1,1,0,100.0
information_service,relation,ClassificationSousCategorieInfoServs,ID,Edm.Int64,True,True,4,4,0,100.0
information_service,relation,ClassificationSousCategorieInfoServs,Ordre,Edm.Int64,True,True,4,4,0,100.0
information_service,relation,ClassificationSousCategorieInfoServs,SyndicObjectId,Edm.String,True,True,4,4,0,100.0
information_service,relation,ClassificationSousCategorieInfoServs,ThesCode,Edm.String,True,True,4,4,0,100.0
information_service,relation,ClassificationSousCategorieInfoServs,ThesID,Edm.Guid,True,True,4,4,0,100.0
information_service,relation,ClassificationSousCategorieInfoServs,ThesLibelle,Edm.String,True,True,4,4,0,100.0
information_service,relation,ClassificationSousCategorieInfoServs,ThesOrdre,Edm.Int64,True,True,4,4,0,100.0
information_service,relation,ClassificationSousCategorieInfoServs,ThesPicto,Edm.String,True,True,4,0,4,0.0
information_service,relation,ClassificationSousCategorieOrgs,ID,Edm.Int64,True,True,1,1,0,100.0
information_service,relation,ClassificationSousCategorieOrgs,Ordre,Edm.Int64,True,True,1,1,0,100.0
information_service,relation,ClassificationSousCategorieOrgs,SyndicObjectId,Edm.String,True,True,1,1,0,100.0
information_service,relation,ClassificationSousCategorieOrgs,ThesCode,Edm.String,True,True,1,1,0,100.0
information_service,relation,ClassificationSousCategorieOrgs,ThesID,Edm.Guid,True,True,1,1,0,100.0
information_service,relation,ClassificationSousCategorieOrgs,ThesLibelle,Edm.String,True,True,1,1,0,100.0
information_service,relation,ClassificationSousCategorieOrgs,ThesOrdre,Edm.Int64,True,True,1,1,0,100.0
information_service,relation,ClassificationSousCategorieOrgs,ThesPicto,Edm.String,True,True,1,0,1,0.0
information_service,relation,ClassificationSousCategorieTourAffs,ID,Edm.Int64,True,False,0,0,0,0
information_service,relation,ClassificationSousCategorieTourAffs,Ordre,Edm.Int64,True,False,0,0,0,0
information_service,relation,ClassificationSousCategorieTourAffs,SyndicObjectId,Edm.String,True,False,0,0,0,0
information_service,relation,ClassificationSousCategorieTourAffs,ThesCode,Edm.String,True,False,0,0,0,0
information_service,relation,ClassificationSousCategorieTourAffs,ThesID,Edm.Guid,True,False,0,0,0,0
information_service,relation,ClassificationSousCategorieTourAffs,ThesLibelle,Edm.String,True,False,0,0,0,0
information_service,relation,ClassificationSousCategorieTourAffs,ThesOrdre,Edm.Int32,True,False,0,0,0,0
information_service,relation,ClassificationSousCategorieTourAffs,ThesPicto,Edm.String,True,False,0,0,0,0
information_service,relation,Descriptifaccess,Descriptifduplandacces,Edm.String,True,True,5,3,2,60.0
information_service,relation,Descriptifaccess,ID,Edm.Int64,True,True,5,5,0,100.0
information_service,relation,Descriptifaccess,Ordre,Edm.Int64,True,True,5,5,0,100.0
information_service,relation,Descriptifaccess,SyndicObjectId,Edm.String,True,True,5,5,0,100.0
information_service,relation,Descriptifss,Accroche,Edm.String,True,True,5,5,0,100.0
information_service,relation,Descriptifss,Descriptioncommerciale,Edm.String,True,True,5,5,0,100.0
information_service,relation,Descriptifss,ID,Edm.Int64,True,True,5,5,0,100.0
information_service,relation,Descriptifss,Ordre,Edm.Int64,True,True,5,5,0,100.0
information_service,relation,Descriptifss,SyndicObjectId,Edm.String,True,True,5,5,0,100.0
information_service,relation,Fichiers,DocumentFichier.Credit,Edm.String,True,False,0,0,0,0
information_service,relation,Fichiers,DocumentFichier.MediaID,Edm.Guid,True,False,0,0,0,0
information_service,relation,Fichiers,DocumentFichier.Titre,Edm.String,True,False,0,0,0,0
information_service,relation,Fichiers,DocumentFichier.Url,Edm.String,True,False,0,0,0,0
information_service,relation,Fichiers,ID,Edm.Int64,True,False,0,0,0,0
information_service,relation,Fichiers,Ordre,Edm.Int64,True,False,0,0,0,0
information_service,relation,Fichiers,SyndicObjectId,Edm.String,True,False,0,0,0,0
information_service,relation,Handicaps,ID,Edm.Int64,True,False,0,0,0,0
information_service,relation,Handicaps,Ordre,Edm.Int64,True,False,0,0,0,0
information_service,relation,Handicaps,SyndicObjectId,Edm.String,True,False,0,0,0,0
information_service,relation,Handicaps,ThesCode,Edm.String,True,False,0,0,0,0
information_service,relation,Handicaps,ThesID,Edm.Guid,True,False,0,0,0,0
information_service,relation,Handicaps,ThesLibelle,Edm.String,True,False,0,0,0,0
information_service,relation,Handicaps,ThesOrdre,Edm.Int32,True,False,0,0,0,0
information_service,relation,Handicaps,ThesPicto,Edm.String,True,False,0,0,0,0
information_service,relation,Labels,ID,Edm.Int64,True,True,4,4,0,100.0
information_service,relation,Labels,Ordre,Edm.Int64,True,True,4,4,0,100.0
information_service,relation,Labels,SyndicObjectId,Edm.String,True,True,4,4,0,100.0
information_service,relation,Labels,ThesCode,Edm.String,True,True,4,4,0,100.0
information_service,relation,Labels,ThesID,Edm.Guid,True,True,4,4,0,100.0
information_service,relation,Labels,ThesLibelle,Edm.String,True,True,4,4,0,100.0
information_service,relation,Labels,ThesOrdre,Edm.Int64,True,True,4,4,0,100.0
information_service,relation,Labels,ThesPicto,Edm.String,True,True,4,0,4,0.0
information_service,relation,LanguesParleess,ID,Edm.Int64,True,True,13,13,0,100.0
information_service,relation,LanguesParleess,Ordre,Edm.Int64,True,True,13,13,0,100.0
information_service,relation,LanguesParleess,SyndicObjectId,Edm.String,True,True,13,13,0,100.0
information_service,relation,LanguesParleess,ThesCode,Edm.String,True,True,13,13,0,100.0
information_service,relation,LanguesParleess,ThesID,Edm.Guid,True,True,13,13,0,100.0
information_service,relation,LanguesParleess,ThesLibelle,Edm.String,True,True,13,13,0,100.0
information_service,relation,LanguesParleess,ThesOrdre,Edm.Int64,True,True,13,13,0,100.0
information_service,relation,LanguesParleess,ThesPicto,Edm.String,True,True,13,0,13,0.0
information_service,relation,Localisations,ID,Edm.Int64,True,True,4,4,0,100.0
information_service,relation,Localisations,Ordre,Edm.Int64,True,True,4,4,0,100.0
information_service,relation,Localisations,SyndicObjectId,Edm.String,True,True,4,4,0,100.0
information_service,relation,Localisations,ThesCode,Edm.String,True,True,4,4,0,100.0
information_service,relation,Localisations,ThesID,Edm.Guid,True,True,4,4,0,100.0
information_service,relation,Localisations,ThesLibelle,Edm.String,True,True,4,4,0,100.0
information_service,relation,Localisations,ThesOrdre,Edm.Int64,True,True,4,4,0,100.0
information_service,relation,Localisations,ThesPicto,Edm.String,True,True,4,0,4,0.0
information_service,relation,Marques,ID,Edm.Int64,True,True,5,5,0,100.0
information_service,relation,Marques,Ordre,Edm.Int64,True,True,5,5,0,100.0
information_service,relation,Marques,SyndicObjectId,Edm.String,True,True,5,5,0,100.0
information_service,relation,ModesPaiements,ID,Edm.Int64,True,False,0,0,0,0
information_service,relation,ModesPaiements,Ordre,Edm.Int64,True,False,0,0,0,0
information_service,relation,ModesPaiements,SyndicObjectId,Edm.String,True,False,0,0,0,0
information_service,relation,ModesPaiements,ThesCode,Edm.String,True,False,0,0,0,0
information_service,relation,ModesPaiements,ThesID,Edm.Guid,True,False,0,0,0,0
information_service,relation,ModesPaiements,ThesLibelle,Edm.String,True,False,0,0,0,0
information_service,relation,ModesPaiements,ThesOrdre,Edm.Int32,True,False,0,0,0,0
information_service,relation,ModesPaiements,ThesPicto,Edm.String,True,False,0,0,0,0
information_service,relation,Moyencommunications,Complementdinformations,Edm.String,True,True,17,0,17,0.0
information_service,relation,Moyencommunications,Coordonnees,Edm.String,True,True,17,17,0,100.0
information_service,relation,Moyencommunications,ID,Edm.Int64,True,True,17,17,0,100.0
information_service,relation,Moyencommunications,Moyendecommunication,TourInSoft.V5.Syndication.Syndication_FSINFORMATIONSERVICETOURISTIQUEOTISud_D905048B2AB54600A93495C912DD8CB4.ListeComplexType,False,True,4,0,4,0.0
information_service,relation,Moyencommunications,Moyendecommunication.ThesCode,Edm.String,True,True,13,13,0,100.0
information_service,relation,Moyencommunications,Moyendecommunication.ThesID,Edm.Guid,True,True,13,13,0,100.0
information_service,relation,Moyencommunications,Moyendecommunication.ThesLibelle,Edm.String,True,True,13,13,0,100.0
information_service,relation,Moyencommunications,Moyendecommunication.ThesOrdre,Edm.Int32,True,True,13,13,0,100.0
information_service,relation,Moyencommunications,Moyendecommunication.ThesPicto,Edm.String,True,True,13,0,13,0.0
information_service,relation,Moyencommunications,Ordre,Edm.Int64,True,True,17,17,0,100.0
information_service,relation,Moyencommunications,SyndicObjectId,Edm.String,True,True,17,17,0,100.0
information_service,relation,Moyencommunications,Typedecoordonnees.ThesCode,Edm.String,True,True,17,17,0,100.0
information_service,relation,Moyencommunications,Typedecoordonnees.ThesID,Edm.Guid,True,True,17,17,0,100.0
information_service,relation,Moyencommunications,Typedecoordonnees.ThesLibelle,Edm.String,True,True,17,17,0,100.0
information_service,relation,Moyencommunications,Typedecoordonnees.ThesOrdre,Edm.Int32,True,True,17,17,0,100.0
information_service,relation,Moyencommunications,Typedecoordonnees.ThesPicto,Edm.String,True,True,17,0,17,0.0
information_service,relation,PeriodeOuvertures,Datedebut,Edm.DateTime,True,False,0,0,0,0
information_service,relation,PeriodeOuvertures,Datefin,Edm.DateTime,True,False,0,0,0,0
information_service,relation,PeriodeOuvertures,dimancheheuredebut1,Edm.Time,True,False,0,0,0,0
information_service,relation,PeriodeOuvertures,dimancheheuredebut2,Edm.Time,True,False,0,0,0,0
information_service,relation,PeriodeOuvertures,dimancheheurefin1,Edm.Time,True,False,0,0,0,0
information_service,relation,PeriodeOuvertures,dimancheheurefin2,Edm.Time,True,False,0,0,0,0
information_service,relation,PeriodeOuvertures,heuredebut1,Edm.Time,True,False,0,0,0,0
information_service,relation,PeriodeOuvertures,heuredebut2,Edm.Time,True,False,0,0,0,0
information_service,relation,PeriodeOuvertures,heurefin1,Edm.Time,True,False,0,0,0,0
information_service,relation,PeriodeOuvertures,heurefin2,Edm.Time,True,False,0,0,0,0
information_service,relation,PeriodeOuvertures,ID,Edm.Int64,True,False,0,0,0,0
information_service,relation,PeriodeOuvertures,jeudiheuredebut1,Edm.Time,True,False,0,0,0,0
information_service,relation,PeriodeOuvertures,jeudiheuredebut2,Edm.Time,True,False,0,0,0,0
information_service,relation,PeriodeOuvertures,jeudiheurefin1,Edm.Time,True,False,0,0,0,0
information_service,relation,PeriodeOuvertures,jeudiheurefin2,Edm.Time,True,False,0,0,0,0
information_service,relation,PeriodeOuvertures,lundiheuredebut1,Edm.Time,True,False,0,0,0,0
information_service,relation,PeriodeOuvertures,lundiheuredebut2,Edm.Time,True,False,0,0,0,0
information_service,relation,PeriodeOuvertures,lundiheurefin1,Edm.Time,True,False,0,0,0,0
information_service,relation,PeriodeOuvertures,lundiheurefin2,Edm.Time,True,False,0,0,0,0
information_service,relation,PeriodeOuvertures,mardiheuredebut1,Edm.Time,True,False,0,0,0,0
information_service,relation,PeriodeOuvertures,mardiheuredebut2,Edm.Time,True,False,0,0,0,0
information_service,relation,PeriodeOuvertures,mardiheurefin1,Edm.Time,True,False,0,0,0,0
information_service,relation,PeriodeOuvertures,mardiheurefin2,Edm.Time,True,False,0,0,0,0
information_service,relation,PeriodeOuvertures,mercrediheuredebut1,Edm.Time,True,False,0,0,0,0
information_service,relation,PeriodeOuvertures,mercrediheuredebut2,Edm.Time,True,False,0,0,0,0
information_service,relation,PeriodeOuvertures,mercrediheurefin1,Edm.Time,True,False,0,0,0,0
information_service,relation,PeriodeOuvertures,mercrediheurefin2,Edm.Time,True,False,0,0,0,0
information_service,relation,PeriodeOuvertures,Ordre,Edm.Int64,True,False,0,0,0,0
information_service,relation,PeriodeOuvertures,Precisionssurlesfermetures,Edm.String,True,False,0,0,0,0
information_service,relation,PeriodeOuvertures,Precisionssurlesouvertures,Edm.String,True,False,0,0,0,0
information_service,relation,PeriodeOuvertures,samediheuredebut1,Edm.Time,True,False,0,0,0,0
information_service,relation,PeriodeOuvertures,samediheuredebut2,Edm.Time,True,False,0,0,0,0
information_service,relation,PeriodeOuvertures,samediheurefin1,Edm.Time,True,False,0,0,0,0
information_service,relation,PeriodeOuvertures,samediheurefin2,Edm.Time,True,False,0,0,0,0
information_service,relation,PeriodeOuvertures,SyndicObjectId,Edm.String,True,False,0,0,0,0
information_service,relation,PeriodeOuvertures,vendrediheuredebut1,Edm.Time,True,False,0,0,0,0
information_service,relation,PeriodeOuvertures,vendrediheuredebut2,Edm.Time,True,False,0,0,0,0
information_service,relation,PeriodeOuvertures,vendrediheurefin1,Edm.Time,True,False,0,0,0,0
information_service,relation,PeriodeOuvertures,vendrediheurefin2,Edm.Time,True,False,0,0,0,0
information_service,relation,Photos,Datedefindutilisation,Edm.DateTime,True,True,20,0,20,0.0
information_service,relation,Photos,ID,Edm.Int64,True,True,20,20,0,100.0
information_service,relation,Photos,Licencecreativecommons,Edm.Boolean,True,True,20,0,20,0.0
information_service,relation,Photos,Ordre,Edm.Int64,True,True,20,20,0,100.0
information_service,relation,Photos,Photo.Credit,Edm.String,True,True,20,20,0,100.0
information_service,relation,Photos,Photo.MediaID,Edm.Guid,True,True,20,20,0,100.0
information_service,relation,Photos,Photo.Titre,Edm.String,True,True,20,20,0,100.0
information_service,relation,Photos,Photo.Url,Edm.String,True,True,20,20,0,100.0
information_service,relation,Photos,SyndicObjectId,Edm.String,True,True,20,20,0,100.0
information_service,relation,PrestationProximites,ID,Edm.Int64,True,True,15,15,0,100.0
information_service,relation,PrestationProximites,Ordre,Edm.Int64,True,True,15,15,0,100.0
information_service,relation,PrestationProximites,SyndicObjectId,Edm.String,True,True,15,15,0,100.0
information_service,relation,PrestationProximites,ThesCode,Edm.String,True,True,15,15,0,100.0
information_service,relation,PrestationProximites,ThesID,Edm.Guid,True,True,15,15,0,100.0
information_service,relation,PrestationProximites,ThesLibelle,Edm.String,True,True,15,15,0,100.0
information_service,relation,PrestationProximites,ThesOrdre,Edm.Int64,True,True,15,15,0,100.0
information_service,relation,PrestationProximites,ThesPicto,Edm.String,True,True,15,0,15,0.0
information_service,relation,PrestationsActivites,ID,Edm.Int64,True,False,0,0,0,0
information_service,relation,PrestationsActivites,Ordre,Edm.Int64,True,False,0,0,0,0
information_service,relation,PrestationsActivites,SyndicObjectId,Edm.String,True,False,0,0,0,0
information_service,relation,PrestationsActivites,ThesCode,Edm.String,True,False,0,0,0,0
information_service,relation,PrestationsActivites,ThesID,Edm.Guid,True,False,0,0,0,0
information_service,relation,PrestationsActivites,ThesLibelle,Edm.String,True,False,0,0,0,0
information_service,relation,PrestationsActivites,ThesOrdre,Edm.Int32,True,False,0,0,0,0
information_service,relation,PrestationsActivites,ThesPicto,Edm.String,True,False,0,0,0,0
information_service,relation,PrestationsEquipementss,ID,Edm.Int64,True,True,3,3,0,100.0
information_service,relation,PrestationsEquipementss,Ordre,Edm.Int64,True,True,3,3,0,100.0
information_service,relation,PrestationsEquipementss,SyndicObjectId,Edm.String,True,True,3,3,0,100.0
information_service,relation,PrestationsEquipementss,ThesCode,Edm.String,True,True,3,3,0,100.0
information_service,relation,PrestationsEquipementss,ThesID,Edm.Guid,True,True,3,3,0,100.0
information_service,relation,PrestationsEquipementss,ThesLibelle,Edm.String,True,True,3,3,0,100.0
information_service,relation,PrestationsEquipementss,ThesOrdre,Edm.Int64,True,True,3,3,0,100.0
information_service,relation,PrestationsEquipementss,ThesPicto,Edm.String,True,True,3,0,3,0.0
information_service,relation,Structure,Address1,Edm.String,True,True,5,5,0,100.0
information_service,relation,Structure,Address2,Edm.String,True,True,5,0,5,0.0
information_service,relation,Structure,Address3,Edm.String,True,True,5,0,5,0.0
information_service,relation,Structure,City,Edm.String,True,True,5,5,0,100.0
information_service,relation,Structure,Country,Edm.String,True,True,5,0,5,0.0
information_service,relation,Structure,Email,Edm.String,True,True,5,5,0,100.0
information_service,relation,Structure,EmailName,Edm.String,True,True,5,0,5,0.0
information_service,relation,Structure,Name,Edm.String,True,True,5,5,0,100.0
information_service,relation,Structure,Phone,Edm.String,True,True,5,0,5,0.0
information_service,relation,Structure,Postcode,Edm.String,True,True,5,5,0,100.0
information_service,relation,Structure,SyndicStructureId,Edm.Guid,True,True,5,5,0,100.0
information_service,relation,Structure,Url,Edm.String,True,True,5,0,5,0.0
information_service,relation,Thematiques,ID,Edm.Int64,True,True,3,3,0,100.0
information_service,relation,Thematiques,Ordre,Edm.Int64,True,True,3,3,0,100.0
information_service,relation,Thematiques,SyndicObjectId,Edm.String,True,True,3,3,0,100.0
information_service,relation,Thematiques,ThesCode,Edm.String,True,True,3,3,0,100.0
information_service,relation,Thematiques,ThesID,Edm.Guid,True,True,3,3,0,100.0
information_service,relation,Thematiques,ThesLibelle,Edm.String,True,True,3,3,0,100.0
information_service,relation,Thematiques,ThesOrdre,Edm.Int64,True,True,3,3,0,100.0
information_service,relation,Thematiques,ThesPicto,Edm.String,True,True,3,0,3,0.0
information_service,relation,TisTracking,CodeOffre,Edm.String,True,True,5,5,0,100.0
information_service,relation,TisTracking,CodeStructure,Edm.String,True,True,5,5,0,100.0
information_service,relation,TisTracking,CodeSyndication,Edm.String,True,True,5,5,0,100.0
information_service,relation,TisTracking,SyndicObjectId,Edm.String,True,True,5,5,0,100.0
information_service,relation,Typeequipements,ID,Edm.Int64,True,True,5,5,0,100.0
information_service,relation,Typeequipements,Ordre,Edm.Int64,True,True,5,5,0,100.0
information_service,relation,Typeequipements,SyndicObjectId,Edm.String,True,True,5,5,0,100.0
information_service,relation,Typeequipements,Typedactivite.ThesCode,Edm.String,True,True,5,5,0,100.0
information_service,relation,Typeequipements,Typedactivite.ThesID,Edm.Guid,True,True,5,5,0,100.0
information_service,relation,Typeequipements,Typedactivite.ThesLibelle,Edm.String,True,True,5,5,0,100.0
information_service,relation,Typeequipements,Typedactivite.ThesOrdre,Edm.Int32,True,True,5,5,0,100.0
information_service,relation,Typeequipements,Typedactivite.ThesPicto,Edm.String,True,True,5,0,5,0.0
information_service,relation,Videos,ID,Edm.Int64,True,False,0,0,0,0
information_service,relation,Videos,IntegrerlavideosursonsitecopiercollerdeObjetouembedYoutubeouDailymotion,Edm.String,True,False,0,0,0,0
information_service,relation,Videos,Licencecreativecommons,Edm.Boolean,True,False,0,0,0,0
information_service,relation,Videos,Ordre,Edm.Int64,True,False,0,0,0,0
information_service,relation,Videos,SyndicObjectId,Edm.String,True,False,0,0,0,0
information_service,relation,Videos,URLvideo,Edm.String,True,False,0,0,0,0
loisir_plein_air,object,,AccueilPMR,Edm.Boolean,True,True,28,28,0,100.0
loisir_plein_air,object,,Adresse1,Edm.String,True,True,28,28,0,100.0
loisir_plein_air,object,,Adresse2,Edm.String,True,True,28,1,27,3.6
loisir_plein_air,object,,Adresse3,Edm.String,True,True,28,0,28,0.0
loisir_plein_air,object,,Bureau.ThesCode,Edm.String,True,True,28,28,0,100.0
loisir_plein_air,object,,Bureau.ThesID,Edm.Guid,True,True,28,28,0,100.0
loisir_plein_air,object,,Bureau.ThesLibelle,Edm.String,True,True,28,28,0,100.0
loisir_plein_air,object,,Bureau.ThesOrdre,Edm.Int32,True,True,28,28,0,100.0
loisir_plein_air,object,,Bureau.ThesPicto,Edm.String,True,True,28,0,28,0.0
loisir_plein_air,object,,ClassificationType,TourInSoft.V5.Syndication.Syndication_FSLOISIRPLEINAIROTISud_31DBCC3F13FB4F7F83F097C9AA2C5DC1.ListeComplexType,False,True,1,0,1,0.0
loisir_plein_air,object,,ClassificationType.ThesCode,Edm.String,True,True,27,27,0,100.0
loisir_plein_air,object,,ClassificationType.ThesID,Edm.Guid,True,True,27,27,0,100.0
loisir_plein_air,object,,ClassificationType.ThesLibelle,Edm.String,True,True,27,27,0,100.0
loisir_plein_air,object,,ClassificationType.ThesOrdre,Edm.Int32,True,True,27,27,0,100.0
loisir_plein_air,object,,ClassificationType.ThesPicto,Edm.String,True,True,27,0,27,0.0
loisir_plein_air,object,,CodeINSEE,Edm.String,True,True,28,28,0,100.0
loisir_plein_air,object,,CodePostal,Edm.String,True,True,28,28,0,100.0
loisir_plein_air,object,,Commune,Edm.String,True,True,28,28,0,100.0
loisir_plein_air,object,,GmapLatitude,Edm.String,True,True,28,27,1,96.4
loisir_plein_air,object,,GmapLongitude,Edm.String,True,True,28,27,1,96.4
loisir_plein_air,object,,IdentifiantSoubik,Edm.String,True,True,28,27,1,96.4
loisir_plein_air,object,,Lieudit,TourInSoft.V5.Syndication.Syndication_FSLOISIRPLEINAIROTISud_31DBCC3F13FB4F7F83F097C9AA2C5DC1.ListeComplexType,False,True,21,0,21,0.0
loisir_plein_air,object,,Lieudit.ThesCode,Edm.String,True,True,7,7,0,100.0
loisir_plein_air,object,,Lieudit.ThesID,Edm.Guid,True,True,7,7,0,100.0
loisir_plein_air,object,,Lieudit.ThesLibelle,Edm.String,True,True,7,7,0,100.0
loisir_plein_air,object,,Lieudit.ThesOrdre,Edm.Int32,True,True,7,7,0,100.0
loisir_plein_air,object,,Lieudit.ThesPicto,Edm.String,True,True,7,0,7,0.0
loisir_plein_air,object,,Nometablissement,Edm.String,True,True,28,28,0,100.0
loisir_plein_air,object,,ObjectTypeFix,Edm.String,True,True,28,28,0,100.0
loisir_plein_air,object,,ObjectTypeName,Edm.String,True,True,28,28,0,100.0
loisir_plein_air,object,,Published,Edm.DateTime,True,True,28,28,0,100.0
loisir_plein_air,object,,RaisonSociale,Edm.String,True,True,28,17,11,60.7
loisir_plein_air,object,,SIRET,Edm.String,True,True,28,27,1,96.4
loisir_plein_air,object,,Surreservation,Edm.Boolean,True,True,28,0,28,0.0
loisir_plein_air,object,,SyndicObjectID,Edm.String,True,True,28,28,0,100.0
loisir_plein_air,object,,SyndicObjectName,Edm.String,True,True,28,28,0,100.0
loisir_plein_air,object,,SyndicObjectOrder,Edm.Int64,True,True,28,28,0,100.0
loisir_plein_air,object,,SyndicStructureId,Edm.Guid,True,True,28,28,0,100.0
loisir_plein_air,object,,TIS_TRACKING_LISTING_OFFRE,Edm.String,True,True,28,28,0,100.0
loisir_plein_air,object,,TIS_TRACKING_OFFRE,Edm.String,True,True,28,28,0,100.0
loisir_plein_air,object,,Updated,Edm.DateTime,True,True,28,28,0,100.0
loisir_plein_air,relation,Capacites,Capacite,Edm.Double,True,True,12,10,2,83.3
loisir_plein_air,relation,Capacites,ID,Edm.Int64,True,True,12,12,0,100.0
loisir_plein_air,relation,Capacites,Ordre,Edm.Int64,True,True,12,12,0,100.0
loisir_plein_air,relation,Capacites,SyndicObjectId,Edm.String,True,True,12,12,0,100.0
loisir_plein_air,relation,Chaines,Groupe,TourInSoft.V5.Syndication.Syndication_FSLOISIRPLEINAIROTISud_31DBCC3F13FB4F7F83F097C9AA2C5DC1.ListeComplexType,False,True,3,0,3,0.0
loisir_plein_air,relation,Chaines,Groupe.ThesCode,Edm.String,True,False,0,0,0,0
loisir_plein_air,relation,Chaines,Groupe.ThesID,Edm.Guid,True,False,0,0,0,0
loisir_plein_air,relation,Chaines,Groupe.ThesLibelle,Edm.String,True,False,0,0,0,0
loisir_plein_air,relation,Chaines,Groupe.ThesOrdre,Edm.Int32,True,False,0,0,0,0
loisir_plein_air,relation,Chaines,Groupe.ThesPicto,Edm.String,True,False,0,0,0,0
loisir_plein_air,relation,Chaines,ID,Edm.Int64,True,True,3,3,0,100.0
loisir_plein_air,relation,Chaines,Ordre,Edm.Int64,True,True,3,3,0,100.0
loisir_plein_air,relation,Chaines,Reseaux,TourInSoft.V5.Syndication.Syndication_FSLOISIRPLEINAIROTISud_31DBCC3F13FB4F7F83F097C9AA2C5DC1.ListeComplexType,False,True,3,0,3,0.0
loisir_plein_air,relation,Chaines,Reseaux.ThesCode,Edm.String,True,False,0,0,0,0
loisir_plein_air,relation,Chaines,Reseaux.ThesID,Edm.Guid,True,False,0,0,0,0
loisir_plein_air,relation,Chaines,Reseaux.ThesLibelle,Edm.String,True,False,0,0,0,0
loisir_plein_air,relation,Chaines,Reseaux.ThesOrdre,Edm.Int32,True,False,0,0,0,0
loisir_plein_air,relation,Chaines,Reseaux.ThesPicto,Edm.String,True,False,0,0,0,0
loisir_plein_air,relation,Chaines,SyndicObjectId,Edm.String,True,True,3,3,0,100.0
loisir_plein_air,relation,ClassificationCategoriess,ID,Edm.Int64,True,True,34,34,0,100.0
loisir_plein_air,relation,ClassificationCategoriess,Ordre,Edm.Int64,True,True,34,34,0,100.0
loisir_plein_air,relation,ClassificationCategoriess,SyndicObjectId,Edm.String,True,True,34,34,0,100.0
loisir_plein_air,relation,ClassificationCategoriess,ThesCode,Edm.String,True,True,34,34,0,100.0
loisir_plein_air,relation,ClassificationCategoriess,ThesID,Edm.Guid,True,True,34,34,0,100.0
loisir_plein_air,relation,ClassificationCategoriess,ThesLibelle,Edm.String,True,True,34,34,0,100.0
loisir_plein_air,relation,ClassificationCategoriess,ThesOrdre,Edm.Int64,True,True,34,34,0,100.0
loisir_plein_air,relation,ClassificationCategoriess,ThesPicto,Edm.String,True,True,34,0,34,0.0
loisir_plein_air,relation,ClassificationCategoriesSousCategorieAdrenalines,ID,Edm.Int64,True,True,12,12,0,100.0
loisir_plein_air,relation,ClassificationCategoriesSousCategorieAdrenalines,Ordre,Edm.Int64,True,True,12,12,0,100.0
loisir_plein_air,relation,ClassificationCategoriesSousCategorieAdrenalines,SyndicObjectId,Edm.String,True,True,12,12,0,100.0
loisir_plein_air,relation,ClassificationCategoriesSousCategorieAdrenalines,ThesCode,Edm.String,True,True,12,12,0,100.0
loisir_plein_air,relation,ClassificationCategoriesSousCategorieAdrenalines,ThesID,Edm.Guid,True,True,12,12,0,100.0
loisir_plein_air,relation,ClassificationCategoriesSousCategorieAdrenalines,ThesLibelle,Edm.String,True,True,12,12,0,100.0
loisir_plein_air,relation,ClassificationCategoriesSousCategorieAdrenalines,ThesOrdre,Edm.Int64,True,True,12,12,0,100.0
loisir_plein_air,relation,ClassificationCategoriesSousCategorieAdrenalines,ThesPicto,Edm.String,True,True,12,0,12,0.0
loisir_plein_air,relation,ClassificationCategoriesSousCategorieAeronautiques,ID,Edm.Int64,True,False,0,0,0,0
loisir_plein_air,relation,ClassificationCategoriesSousCategorieAeronautiques,Ordre,Edm.Int64,True,False,0,0,0,0
loisir_plein_air,relation,ClassificationCategoriesSousCategorieAeronautiques,SyndicObjectId,Edm.String,True,False,0,0,0,0
loisir_plein_air,relation,ClassificationCategoriesSousCategorieAeronautiques,ThesCode,Edm.String,True,False,0,0,0,0
loisir_plein_air,relation,ClassificationCategoriesSousCategorieAeronautiques,ThesID,Edm.Guid,True,False,0,0,0,0
loisir_plein_air,relation,ClassificationCategoriesSousCategorieAeronautiques,ThesLibelle,Edm.String,True,False,0,0,0,0
loisir_plein_air,relation,ClassificationCategoriesSousCategorieAeronautiques,ThesOrdre,Edm.Int32,True,False,0,0,0,0
loisir_plein_air,relation,ClassificationCategoriesSousCategorieAeronautiques,ThesPicto,Edm.String,True,False,0,0,0,0
loisir_plein_air,relation,ClassificationCategoriesSousCategorieAttractionss,ID,Edm.Int64,True,True,1,1,0,100.0
loisir_plein_air,relation,ClassificationCategoriesSousCategorieAttractionss,Ordre,Edm.Int64,True,True,1,1,0,100.0
loisir_plein_air,relation,ClassificationCategoriesSousCategorieAttractionss,SyndicObjectId,Edm.String,True,True,1,1,0,100.0
loisir_plein_air,relation,ClassificationCategoriesSousCategorieAttractionss,ThesCode,Edm.String,True,True,1,1,0,100.0
loisir_plein_air,relation,ClassificationCategoriesSousCategorieAttractionss,ThesID,Edm.Guid,True,True,1,1,0,100.0
loisir_plein_air,relation,ClassificationCategoriesSousCategorieAttractionss,ThesLibelle,Edm.String,True,True,1,1,0,100.0
loisir_plein_air,relation,ClassificationCategoriesSousCategorieAttractionss,ThesOrdre,Edm.Int64,True,True,1,1,0,100.0
loisir_plein_air,relation,ClassificationCategoriesSousCategorieAttractionss,ThesPicto,Edm.String,True,True,1,0,1,0.0
loisir_plein_air,relation,ClassificationCategoriesSousCategorieAutress,ID,Edm.Int64,True,True,4,4,0,100.0
loisir_plein_air,relation,ClassificationCategoriesSousCategorieAutress,Ordre,Edm.Int64,True,True,4,4,0,100.0
loisir_plein_air,relation,ClassificationCategoriesSousCategorieAutress,SyndicObjectId,Edm.String,True,True,4,4,0,100.0
loisir_plein_air,relation,ClassificationCategoriesSousCategorieAutress,ThesCode,Edm.String,True,True,4,4,0,100.0
loisir_plein_air,relation,ClassificationCategoriesSousCategorieAutress,ThesID,Edm.Guid,True,True,4,4,0,100.0
loisir_plein_air,relation,ClassificationCategoriesSousCategorieAutress,ThesLibelle,Edm.String,True,True,4,4,0,100.0
loisir_plein_air,relation,ClassificationCategoriesSousCategorieAutress,ThesOrdre,Edm.Int64,True,True,4,4,0,100.0
loisir_plein_air,relation,ClassificationCategoriesSousCategorieAutress,ThesPicto,Edm.String,True,True,4,0,4,0.0
loisir_plein_air,relation,ClassificationCategoriesSousCategorieExplorations,ID,Edm.Int64,True,True,15,15,0,100.0
loisir_plein_air,relation,ClassificationCategoriesSousCategorieExplorations,Ordre,Edm.Int64,True,True,15,15,0,100.0
loisir_plein_air,relation,ClassificationCategoriesSousCategorieExplorations,SyndicObjectId,Edm.String,True,True,15,15,0,100.0
loisir_plein_air,relation,ClassificationCategoriesSousCategorieExplorations,ThesCode,Edm.String,True,True,15,15,0,100.0
loisir_plein_air,relation,ClassificationCategoriesSousCategorieExplorations,ThesID,Edm.Guid,True,True,15,15,0,100.0
loisir_plein_air,relation,ClassificationCategoriesSousCategorieExplorations,ThesLibelle,Edm.String,True,True,15,15,0,100.0
loisir_plein_air,relation,ClassificationCategoriesSousCategorieExplorations,ThesOrdre,Edm.Int64,True,True,15,15,0,100.0
loisir_plein_air,relation,ClassificationCategoriesSousCategorieExplorations,ThesPicto,Edm.String,True,True,15,0,15,0.0
loisir_plein_air,relation,ClassificationCategoriesSousCategorieJeuxs,ID,Edm.Int64,True,False,0,0,0,0
loisir_plein_air,relation,ClassificationCategoriesSousCategorieJeuxs,Ordre,Edm.Int64,True,False,0,0,0,0
loisir_plein_air,relation,ClassificationCategoriesSousCategorieJeuxs,SyndicObjectId,Edm.String,True,False,0,0,0,0
loisir_plein_air,relation,ClassificationCategoriesSousCategorieJeuxs,ThesCode,Edm.String,True,False,0,0,0,0
loisir_plein_air,relation,ClassificationCategoriesSousCategorieJeuxs,ThesID,Edm.Guid,True,False,0,0,0,0
loisir_plein_air,relation,ClassificationCategoriesSousCategorieJeuxs,ThesLibelle,Edm.String,True,False,0,0,0,0
loisir_plein_air,relation,ClassificationCategoriesSousCategorieJeuxs,ThesOrdre,Edm.Int32,True,False,0,0,0,0
loisir_plein_air,relation,ClassificationCategoriesSousCategorieJeuxs,ThesPicto,Edm.String,True,False,0,0,0,0
loisir_plein_air,relation,ClassificationCategoriesSousCategorieLocMats,ID,Edm.Int64,True,False,0,0,0,0
loisir_plein_air,relation,ClassificationCategoriesSousCategorieLocMats,Ordre,Edm.Int64,True,False,0,0,0,0
loisir_plein_air,relation,ClassificationCategoriesSousCategorieLocMats,SyndicObjectId,Edm.String,True,False,0,0,0,0
loisir_plein_air,relation,ClassificationCategoriesSousCategorieLocMats,ThesCode,Edm.String,True,False,0,0,0,0
loisir_plein_air,relation,ClassificationCategoriesSousCategorieLocMats,ThesID,Edm.Guid,True,False,0,0,0,0
loisir_plein_air,relation,ClassificationCategoriesSousCategorieLocMats,ThesLibelle,Edm.String,True,False,0,0,0,0
loisir_plein_air,relation,ClassificationCategoriesSousCategorieLocMats,ThesOrdre,Edm.Int32,True,False,0,0,0,0
loisir_plein_air,relation,ClassificationCategoriesSousCategorieLocMats,ThesPicto,Edm.String,True,False,0,0,0,0
loisir_plein_air,relation,ClassificationCategoriesSousCategorieNautiquess,ID,Edm.Int64,True,True,1,1,0,100.0
loisir_plein_air,relation,ClassificationCategoriesSousCategorieNautiquess,Ordre,Edm.Int64,True,True,1,1,0,100.0
loisir_plein_air,relation,ClassificationCategoriesSousCategorieNautiquess,SyndicObjectId,Edm.String,True,True,1,1,0,100.0
loisir_plein_air,relation,ClassificationCategoriesSousCategorieNautiquess,ThesCode,Edm.String,True,True,1,1,0,100.0
loisir_plein_air,relation,ClassificationCategoriesSousCategorieNautiquess,ThesID,Edm.Guid,True,True,1,1,0,100.0
loisir_plein_air,relation,ClassificationCategoriesSousCategorieNautiquess,ThesLibelle,Edm.String,True,True,1,1,0,100.0
loisir_plein_air,relation,ClassificationCategoriesSousCategorieNautiquess,ThesOrdre,Edm.Int64,True,True,1,1,0,100.0
loisir_plein_air,relation,ClassificationCategoriesSousCategorieNautiquess,ThesPicto,Edm.String,True,True,1,0,1,0.0
loisir_plein_air,relation,ClassificationCategoriesSousCategorieVehiculeLoisirs,ID,Edm.Int64,True,True,1,1,0,100.0
loisir_plein_air,relation,ClassificationCategoriesSousCategorieVehiculeLoisirs,Ordre,Edm.Int64,True,True,1,1,0,100.0
loisir_plein_air,relation,ClassificationCategoriesSousCategorieVehiculeLoisirs,SyndicObjectId,Edm.String,True,True,1,1,0,100.0
loisir_plein_air,relation,ClassificationCategoriesSousCategorieVehiculeLoisirs,ThesCode,Edm.String,True,True,1,1,0,100.0
loisir_plein_air,relation,ClassificationCategoriesSousCategorieVehiculeLoisirs,ThesID,Edm.Guid,True,True,1,1,0,100.0
loisir_plein_air,relation,ClassificationCategoriesSousCategorieVehiculeLoisirs,ThesLibelle,Edm.String,True,True,1,1,0,100.0
loisir_plein_air,relation,ClassificationCategoriesSousCategorieVehiculeLoisirs,ThesOrdre,Edm.Int64,True,True,1,1,0,100.0
loisir_plein_air,relation,ClassificationCategoriesSousCategorieVehiculeLoisirs,ThesPicto,Edm.String,True,True,1,0,1,0.0
loisir_plein_air,relation,Descriptifaccess,Descriptifduplandacces,Edm.String,True,True,28,18,10,64.3
loisir_plein_air,relation,Descriptifaccess,ID,Edm.Int64,True,True,28,28,0,100.0
loisir_plein_air,relation,Descriptifaccess,Ordre,Edm.Int64,True,True,28,28,0,100.0
loisir_plein_air,relation,Descriptifaccess,SyndicObjectId,Edm.String,True,True,28,28,0,100.0
loisir_plein_air,relation,Descriptifss,Accroche,Edm.String,True,True,4,3,1,75.0
loisir_plein_air,relation,Descriptifss,Descriptioncommerciale,Edm.String,True,True,4,4,0,100.0
loisir_plein_air,relation,Descriptifss,ID,Edm.Int64,True,True,4,4,0,100.0
loisir_plein_air,relation,Descriptifss,Ordre,Edm.Int64,True,True,4,4,0,100.0
loisir_plein_air,relation,Descriptifss,SyndicObjectId,Edm.String,True,True,4,4,0,100.0
loisir_plein_air,relation,Fichiers,DocumentFichier.Credit,Edm.String,True,False,0,0,0,0
loisir_plein_air,relation,Fichiers,DocumentFichier.MediaID,Edm.Guid,True,False,0,0,0,0
loisir_plein_air,relation,Fichiers,DocumentFichier.Titre,Edm.String,True,False,0,0,0,0
loisir_plein_air,relation,Fichiers,DocumentFichier.Url,Edm.String,True,False,0,0,0,0
loisir_plein_air,relation,Fichiers,ID,Edm.Int64,True,False,0,0,0,0
loisir_plein_air,relation,Fichiers,Ordre,Edm.Int64,True,False,0,0,0,0
loisir_plein_air,relation,Fichiers,SyndicObjectId,Edm.String,True,False,0,0,0,0
loisir_plein_air,relation,Handicaps,ID,Edm.Int64,True,False,0,0,0,0
loisir_plein_air,relation,Handicaps,Ordre,Edm.Int64,True,False,0,0,0,0
loisir_plein_air,relation,Handicaps,SyndicObjectId,Edm.String,True,False,0,0,0,0
loisir_plein_air,relation,Handicaps,ThesCode,Edm.String,True,False,0,0,0,0
loisir_plein_air,relation,Handicaps,ThesID,Edm.Guid,True,False,0,0,0,0
loisir_plein_air,relation,Handicaps,ThesLibelle,Edm.String,True,False,0,0,0,0
loisir_plein_air,relation,Handicaps,ThesOrdre,Edm.Int32,True,False,0,0,0,0
loisir_plein_air,relation,Handicaps,ThesPicto,Edm.String,True,False,0,0,0,0
loisir_plein_air,relation,Labels,ID,Edm.Int64,True,True,14,14,0,100.0
loisir_plein_air,relation,Labels,Ordre,Edm.Int64,True,True,14,14,0,100.0
loisir_plein_air,relation,Labels,SyndicObjectId,Edm.String,True,True,14,14,0,100.0
loisir_plein_air,relation,LanguesParleess,ID,Edm.Int64,True,True,66,66,0,100.0
loisir_plein_air,relation,LanguesParleess,Ordre,Edm.Int64,True,True,66,66,0,100.0
loisir_plein_air,relation,LanguesParleess,SyndicObjectId,Edm.String,True,True,66,66,0,100.0
loisir_plein_air,relation,LanguesParleess,ThesCode,Edm.String,True,True,66,66,0,100.0
loisir_plein_air,relation,LanguesParleess,ThesID,Edm.Guid,True,True,66,66,0,100.0
loisir_plein_air,relation,LanguesParleess,ThesLibelle,Edm.String,True,True,66,66,0,100.0
loisir_plein_air,relation,LanguesParleess,ThesOrdre,Edm.Int64,True,True,66,66,0,100.0
loisir_plein_air,relation,LanguesParleess,ThesPicto,Edm.String,True,True,66,0,66,0.0
loisir_plein_air,relation,Localisations,ID,Edm.Int64,True,True,24,24,0,100.0
loisir_plein_air,relation,Localisations,Ordre,Edm.Int64,True,True,24,24,0,100.0
loisir_plein_air,relation,Localisations,SyndicObjectId,Edm.String,True,True,24,24,0,100.0
loisir_plein_air,relation,Localisations,ThesCode,Edm.String,True,True,24,24,0,100.0
loisir_plein_air,relation,Localisations,ThesID,Edm.Guid,True,True,24,24,0,100.0
loisir_plein_air,relation,Localisations,ThesLibelle,Edm.String,True,True,24,24,0,100.0
loisir_plein_air,relation,Localisations,ThesOrdre,Edm.Int64,True,True,24,24,0,100.0
loisir_plein_air,relation,Localisations,ThesPicto,Edm.String,True,True,24,0,24,0.0
loisir_plein_air,relation,Marques,ID,Edm.Int64,True,True,1,1,0,100.0
loisir_plein_air,relation,Marques,Ordre,Edm.Int64,True,True,1,1,0,100.0
loisir_plein_air,relation,Marques,SyndicObjectId,Edm.String,True,True,1,1,0,100.0
loisir_plein_air,relation,Marques,ThesCode,Edm.String,True,True,1,1,0,100.0
loisir_plein_air,relation,Marques,ThesID,Edm.Guid,True,True,1,1,0,100.0
loisir_plein_air,relation,Marques,ThesLibelle,Edm.String,True,True,1,1,0,100.0
loisir_plein_air,relation,Marques,ThesOrdre,Edm.Int64,True,True,1,1,0,100.0
loisir_plein_air,relation,Marques,ThesPicto,Edm.String,True,True,1,0,1,0.0
loisir_plein_air,relation,ModesPaiements,ID,Edm.Int64,True,True,77,77,0,100.0
loisir_plein_air,relation,ModesPaiements,Ordre,Edm.Int64,True,True,77,77,0,100.0
loisir_plein_air,relation,ModesPaiements,SyndicObjectId,Edm.String,True,True,77,77,0,100.0
loisir_plein_air,relation,ModesPaiements,ThesCode,Edm.String,True,True,77,77,0,100.0
loisir_plein_air,relation,ModesPaiements,ThesID,Edm.Guid,True,True,77,77,0,100.0
loisir_plein_air,relation,ModesPaiements,ThesLibelle,Edm.String,True,True,77,77,0,100.0
loisir_plein_air,relation,ModesPaiements,ThesOrdre,Edm.Int64,True,True,77,77,0,100.0
loisir_plein_air,relation,ModesPaiements,ThesPicto,Edm.String,True,True,77,0,77,0.0
loisir_plein_air,relation,moniteurcertifies,Expertaccrediteprestationliee,Edm.String,True,False,0,0,0,0
loisir_plein_air,relation,moniteurcertifies,ID,Edm.Int64,True,False,0,0,0,0
loisir_plein_air,relation,moniteurcertifies,Ordre,Edm.Int64,True,False,0,0,0,0
loisir_plein_air,relation,moniteurcertifies,SyndicObjectId,Edm.String,True,False,0,0,0,0
loisir_plein_air,relation,Moyencommunications,Complementdinformations,Edm.String,True,True,86,0,86,0.0
loisir_plein_air,relation,Moyencommunications,Coordonnees,Edm.String,True,True,86,86,0,100.0
loisir_plein_air,relation,Moyencommunications,ID,Edm.Int64,True,True,86,86,0,100.0
loisir_plein_air,relation,Moyencommunications,Moyendecommunication.ThesCode,Edm.String,True,True,86,86,0,100.0
loisir_plein_air,relation,Moyencommunications,Moyendecommunication.ThesID,Edm.Guid,True,True,86,86,0,100.0
loisir_plein_air,relation,Moyencommunications,Moyendecommunication.ThesLibelle,Edm.String,True,True,86,86,0,100.0
loisir_plein_air,relation,Moyencommunications,Moyendecommunication.ThesOrdre,Edm.Int32,True,True,86,86,0,100.0
loisir_plein_air,relation,Moyencommunications,Moyendecommunication.ThesPicto,Edm.String,True,True,86,0,86,0.0
loisir_plein_air,relation,Moyencommunications,Ordre,Edm.Int64,True,True,86,86,0,100.0
loisir_plein_air,relation,Moyencommunications,SyndicObjectId,Edm.String,True,True,86,86,0,100.0
loisir_plein_air,relation,Moyencommunications,Typedecoordonnees.ThesCode,Edm.String,True,True,86,86,0,100.0
loisir_plein_air,relation,Moyencommunications,Typedecoordonnees.ThesID,Edm.Guid,True,True,86,86,0,100.0
loisir_plein_air,relation,Moyencommunications,Typedecoordonnees.ThesLibelle,Edm.String,True,True,86,86,0,100.0
loisir_plein_air,relation,Moyencommunications,Typedecoordonnees.ThesOrdre,Edm.Int32,True,True,86,86,0,100.0
loisir_plein_air,relation,Moyencommunications,Typedecoordonnees.ThesPicto,Edm.String,True,True,86,0,86,0.0
loisir_plein_air,relation,PeriodeOuvertures,Datedebut,Edm.DateTime,True,False,0,0,0,0
loisir_plein_air,relation,PeriodeOuvertures,Datefin,Edm.DateTime,True,False,0,0,0,0
loisir_plein_air,relation,PeriodeOuvertures,dimancheheuredebut1,Edm.Time,True,False,0,0,0,0
loisir_plein_air,relation,PeriodeOuvertures,dimancheheuredebut2,Edm.Time,True,False,0,0,0,0
loisir_plein_air,relation,PeriodeOuvertures,dimancheheurefin1,Edm.Time,True,False,0,0,0,0
loisir_plein_air,relation,PeriodeOuvertures,dimancheheurefin2,Edm.Time,True,False,0,0,0,0
loisir_plein_air,relation,PeriodeOuvertures,heuredebut1,Edm.Time,True,False,0,0,0,0
loisir_plein_air,relation,PeriodeOuvertures,heuredebut2,Edm.Time,True,False,0,0,0,0
loisir_plein_air,relation,PeriodeOuvertures,heurefin1,Edm.Time,True,False,0,0,0,0
loisir_plein_air,relation,PeriodeOuvertures,heurefin2,Edm.Time,True,False,0,0,0,0
loisir_plein_air,relation,PeriodeOuvertures,ID,Edm.Int64,True,False,0,0,0,0
loisir_plein_air,relation,PeriodeOuvertures,jeudiheuredebut1,Edm.Time,True,False,0,0,0,0
loisir_plein_air,relation,PeriodeOuvertures,jeudiheuredebut2,Edm.Time,True,False,0,0,0,0
loisir_plein_air,relation,PeriodeOuvertures,jeudiheurefin1,Edm.Time,True,False,0,0,0,0
loisir_plein_air,relation,PeriodeOuvertures,jeudiheurefin2,Edm.Time,True,False,0,0,0,0
loisir_plein_air,relation,PeriodeOuvertures,lundiheuredebut1,Edm.Time,True,False,0,0,0,0
loisir_plein_air,relation,PeriodeOuvertures,lundiheuredebut2,Edm.Time,True,False,0,0,0,0
loisir_plein_air,relation,PeriodeOuvertures,lundiheurefin1,Edm.Time,True,False,0,0,0,0
loisir_plein_air,relation,PeriodeOuvertures,lundiheurefin2,Edm.Time,True,False,0,0,0,0
loisir_plein_air,relation,PeriodeOuvertures,mardiheuredebut1,Edm.Time,True,False,0,0,0,0
loisir_plein_air,relation,PeriodeOuvertures,mardiheuredebut2,Edm.Time,True,False,0,0,0,0
loisir_plein_air,relation,PeriodeOuvertures,mardiheurefin1,Edm.Time,True,False,0,0,0,0
loisir_plein_air,relation,PeriodeOuvertures,mardiheurefin2,Edm.Time,True,False,0,0,0,0
loisir_plein_air,relation,PeriodeOuvertures,mercrediheuredebut1,Edm.Time,True,False,0,0,0,0
loisir_plein_air,relation,PeriodeOuvertures,mercrediheuredebut2,Edm.Time,True,False,0,0,0,0
loisir_plein_air,relation,PeriodeOuvertures,mercrediheurefin1,Edm.Time,True,False,0,0,0,0
loisir_plein_air,relation,PeriodeOuvertures,mercrediheurefin2,Edm.Time,True,False,0,0,0,0
loisir_plein_air,relation,PeriodeOuvertures,Ordre,Edm.Int64,True,False,0,0,0,0
loisir_plein_air,relation,PeriodeOuvertures,Precisionssurlesfermetures,Edm.String,True,False,0,0,0,0
loisir_plein_air,relation,PeriodeOuvertures,Precisionssurlesouvertures,Edm.String,True,False,0,0,0,0
loisir_plein_air,relation,PeriodeOuvertures,samediheuredebut1,Edm.Time,True,False,0,0,0,0
loisir_plein_air,relation,PeriodeOuvertures,samediheuredebut2,Edm.Time,True,False,0,0,0,0
loisir_plein_air,relation,PeriodeOuvertures,samediheurefin1,Edm.Time,True,False,0,0,0,0
loisir_plein_air,relation,PeriodeOuvertures,samediheurefin2,Edm.Time,True,False,0,0,0,0
loisir_plein_air,relation,PeriodeOuvertures,SyndicObjectId,Edm.String,True,False,0,0,0,0
loisir_plein_air,relation,PeriodeOuvertures,vendrediheuredebut1,Edm.Time,True,False,0,0,0,0
loisir_plein_air,relation,PeriodeOuvertures,vendrediheuredebut2,Edm.Time,True,False,0,0,0,0
loisir_plein_air,relation,PeriodeOuvertures,vendrediheurefin1,Edm.Time,True,False,0,0,0,0
loisir_plein_air,relation,PeriodeOuvertures,vendrediheurefin2,Edm.Time,True,False,0,0,0,0
loisir_plein_air,relation,Photos,Datedefindutilisation,Edm.DateTime,True,True,195,0,195,0.0
loisir_plein_air,relation,Photos,ID,Edm.Int64,True,True,195,195,0,100.0
loisir_plein_air,relation,Photos,Licencecreativecommons,Edm.Boolean,True,True,195,0,195,0.0
loisir_plein_air,relation,Photos,Ordre,Edm.Int64,True,True,195,195,0,100.0
loisir_plein_air,relation,Photos,Photo.Credit,Edm.String,True,True,195,195,0,100.0
loisir_plein_air,relation,Photos,Photo.MediaID,Edm.Guid,True,True,195,195,0,100.0
loisir_plein_air,relation,Photos,Photo.Titre,Edm.String,True,True,195,195,0,100.0
loisir_plein_air,relation,Photos,Photo.Url,Edm.String,True,True,195,195,0,100.0
loisir_plein_air,relation,Photos,SyndicObjectId,Edm.String,True,True,195,195,0,100.0
loisir_plein_air,relation,PrestationProximites,ID,Edm.Int64,True,True,45,45,0,100.0
loisir_plein_air,relation,PrestationProximites,Ordre,Edm.Int64,True,True,45,45,0,100.0
loisir_plein_air,relation,PrestationProximites,SyndicObjectId,Edm.String,True,True,45,45,0,100.0
loisir_plein_air,relation,PrestationProximites,ThesCode,Edm.String,True,True,45,45,0,100.0
loisir_plein_air,relation,PrestationProximites,ThesID,Edm.Guid,True,True,45,45,0,100.0
loisir_plein_air,relation,PrestationProximites,ThesLibelle,Edm.String,True,True,45,45,0,100.0
loisir_plein_air,relation,PrestationProximites,ThesOrdre,Edm.Int64,True,True,45,45,0,100.0
loisir_plein_air,relation,PrestationProximites,ThesPicto,Edm.String,True,True,45,0,45,0.0
loisir_plein_air,relation,PrestationsActivites,ID,Edm.Int64,True,False,0,0,0,0
loisir_plein_air,relation,PrestationsActivites,Ordre,Edm.Int64,True,False,0,0,0,0
loisir_plein_air,relation,PrestationsActivites,SyndicObjectId,Edm.String,True,False,0,0,0,0
loisir_plein_air,relation,PrestationsActivites,ThesCode,Edm.String,True,False,0,0,0,0
loisir_plein_air,relation,PrestationsActivites,ThesID,Edm.Guid,True,False,0,0,0,0
loisir_plein_air,relation,PrestationsActivites,ThesLibelle,Edm.String,True,False,0,0,0,0
loisir_plein_air,relation,PrestationsActivites,ThesOrdre,Edm.Int32,True,False,0,0,0,0
loisir_plein_air,relation,PrestationsActivites,ThesPicto,Edm.String,True,False,0,0,0,0
loisir_plein_air,relation,PrestationsEquipementss,ID,Edm.Int64,True,True,25,25,0,100.0
loisir_plein_air,relation,PrestationsEquipementss,Ordre,Edm.Int64,True,True,25,25,0,100.0
loisir_plein_air,relation,PrestationsEquipementss,SyndicObjectId,Edm.String,True,True,25,25,0,100.0
loisir_plein_air,relation,PrestationsEquipementss,ThesCode,Edm.String,True,True,25,25,0,100.0
loisir_plein_air,relation,PrestationsEquipementss,ThesID,Edm.Guid,True,True,25,25,0,100.0
loisir_plein_air,relation,PrestationsEquipementss,ThesLibelle,Edm.String,True,True,25,25,0,100.0
loisir_plein_air,relation,PrestationsEquipementss,ThesOrdre,Edm.Int64,True,True,25,25,0,100.0
loisir_plein_air,relation,PrestationsEquipementss,ThesPicto,Edm.String,True,True,25,0,25,0.0
loisir_plein_air,relation,Reservations,ID,Edm.Int64,True,True,5,5,0,100.0
loisir_plein_air,relation,Reservations,Lien,Edm.String,True,True,5,4,1,80.0
loisir_plein_air,relation,Reservations,Listeplateforme.ThesCode,Edm.String,True,True,5,5,0,100.0
loisir_plein_air,relation,Reservations,Listeplateforme.ThesID,Edm.Guid,True,True,5,5,0,100.0
loisir_plein_air,relation,Reservations,Listeplateforme.ThesLibelle,Edm.String,True,True,5,5,0,100.0
loisir_plein_air,relation,Reservations,Listeplateforme.ThesOrdre,Edm.Int32,True,True,5,5,0,100.0
loisir_plein_air,relation,Reservations,Listeplateforme.ThesPicto,Edm.String,True,True,5,0,5,0.0
loisir_plein_air,relation,Reservations,Ordre,Edm.Int64,True,True,5,5,0,100.0
loisir_plein_air,relation,Reservations,SyndicObjectId,Edm.String,True,True,5,5,0,100.0
loisir_plein_air,relation,Structure,Address1,Edm.String,True,True,28,28,0,100.0
loisir_plein_air,relation,Structure,Address2,Edm.String,True,True,28,0,28,0.0
loisir_plein_air,relation,Structure,Address3,Edm.String,True,True,28,0,28,0.0
loisir_plein_air,relation,Structure,City,Edm.String,True,True,28,28,0,100.0
loisir_plein_air,relation,Structure,Country,Edm.String,True,True,28,0,28,0.0
loisir_plein_air,relation,Structure,Email,Edm.String,True,True,28,28,0,100.0
loisir_plein_air,relation,Structure,EmailName,Edm.String,True,True,28,0,28,0.0
loisir_plein_air,relation,Structure,Name,Edm.String,True,True,28,28,0,100.0
loisir_plein_air,relation,Structure,Phone,Edm.String,True,True,28,0,28,0.0
loisir_plein_air,relation,Structure,Postcode,Edm.String,True,True,28,28,0,100.0
loisir_plein_air,relation,Structure,SyndicStructureId,Edm.Guid,True,True,28,28,0,100.0
loisir_plein_air,relation,Structure,Url,Edm.String,True,True,28,0,28,0.0
loisir_plein_air,relation,Tarifs,Capacites,Edm.Double,True,True,23,0,23,0.0
loisir_plein_air,relation,Tarifs,complementtarifs,Edm.String,True,True,23,1,22,4.3
loisir_plein_air,relation,Tarifs,Datedebutaffichage,Edm.DateTime,True,True,23,21,2,91.3
loisir_plein_air,relation,Tarifs,Datedebutvalidite,Edm.DateTime,True,True,23,0,23,0.0
loisir_plein_air,relation,Tarifs,Datefinaffichage,Edm.DateTime,True,True,23,0,23,0.0
loisir_plein_air,relation,Tarifs,Datefinvalidite,Edm.DateTime,True,True,23,0,23,0.0
loisir_plein_air,relation,Tarifs,ID,Edm.Int64,True,True,23,23,0,100.0
loisir_plein_air,relation,Tarifs,IntituleTarifs,TourInSoft.V5.Syndication.Syndication_FSLOISIRPLEINAIROTISud_31DBCC3F13FB4F7F83F097C9AA2C5DC1.ListeComplexType,False,True,2,0,2,0.0
loisir_plein_air,relation,Tarifs,IntituleTarifs.ThesCode,Edm.String,True,True,21,21,0,100.0
loisir_plein_air,relation,Tarifs,IntituleTarifs.ThesID,Edm.Guid,True,True,21,21,0,100.0
loisir_plein_air,relation,Tarifs,IntituleTarifs.ThesLibelle,Edm.String,True,True,21,21,0,100.0
loisir_plein_air,relation,Tarifs,IntituleTarifs.ThesOrdre,Edm.Int32,True,True,21,21,0,100.0
loisir_plein_air,relation,Tarifs,IntituleTarifs.ThesPicto,Edm.String,True,True,21,0,21,0.0
loisir_plein_air,relation,Tarifs,MaximumEuro,Edm.Decimal,True,True,23,20,3,87.0
loisir_plein_air,relation,Tarifs,MinimumEuro,Edm.Decimal,True,True,23,23,0,100.0
loisir_plein_air,relation,Tarifs,Nom,Edm.String,True,True,23,18,5,78.3
loisir_plein_air,relation,Tarifs,Ordre,Edm.Int64,True,True,23,23,0,100.0
loisir_plein_air,relation,Tarifs,Saisonnalite,TourInSoft.V5.Syndication.Syndication_FSLOISIRPLEINAIROTISud_31DBCC3F13FB4F7F83F097C9AA2C5DC1.ListeComplexType,False,True,23,0,23,0.0
loisir_plein_air,relation,Tarifs,Saisonnalite.ThesCode,Edm.String,True,False,0,0,0,0
loisir_plein_air,relation,Tarifs,Saisonnalite.ThesID,Edm.Guid,True,False,0,0,0,0
loisir_plein_air,relation,Tarifs,Saisonnalite.ThesLibelle,Edm.String,True,False,0,0,0,0
loisir_plein_air,relation,Tarifs,Saisonnalite.ThesOrdre,Edm.Int32,True,False,0,0,0,0
loisir_plein_air,relation,Tarifs,Saisonnalite.ThesPicto,Edm.String,True,False,0,0,0,0
loisir_plein_air,relation,Tarifs,SyndicObjectId,Edm.String,True,True,23,23,0,100.0
loisir_plein_air,relation,Thematiques,ID,Edm.Int64,True,True,30,30,0,100.0
loisir_plein_air,relation,Thematiques,Ordre,Edm.Int64,True,True,30,30,0,100.0
loisir_plein_air,relation,Thematiques,SyndicObjectId,Edm.String,True,True,30,30,0,100.0
loisir_plein_air,relation,Thematiques,ThesCode,Edm.String,True,True,30,30,0,100.0
loisir_plein_air,relation,Thematiques,ThesID,Edm.Guid,True,True,30,30,0,100.0
loisir_plein_air,relation,Thematiques,ThesLibelle,Edm.String,True,True,30,30,0,100.0
loisir_plein_air,relation,Thematiques,ThesOrdre,Edm.Int64,True,True,30,30,0,100.0
loisir_plein_air,relation,Thematiques,ThesPicto,Edm.String,True,True,30,0,30,0.0
loisir_plein_air,relation,TisTracking,CodeOffre,Edm.String,True,True,28,28,0,100.0
loisir_plein_air,relation,TisTracking,CodeStructure,Edm.String,True,True,28,28,0,100.0
loisir_plein_air,relation,TisTracking,CodeSyndication,Edm.String,True,True,28,28,0,100.0
loisir_plein_air,relation,TisTracking,SyndicObjectId,Edm.String,True,True,28,28,0,100.0
loisir_plein_air,relation,Videos,ID,Edm.Int64,True,False,0,0,0,0
loisir_plein_air,relation,Videos,IntegrerlavideosursonsitecopiercollerdeObjetouembedYoutubeouDailymotion,Edm.String,True,False,0,0,0,0
loisir_plein_air,relation,Videos,Licencecreativecommons,Edm.Boolean,True,False,0,0,0,0
loisir_plein_air,relation,Videos,Ordre,Edm.Int64,True,False,0,0,0,0
loisir_plein_air,relation,Videos,SyndicObjectId,Edm.String,True,False,0,0,0,0
loisir_plein_air,relation,Videos,URLvideo,Edm.String,True,False,0,0,0,0
restauration,object,,AccessibilitePMR,Edm.Boolean,True,True,100,100,0,100.0
restauration,object,,Adresse1,Edm.String,True,True,100,100,0,100.0
restauration,object,,Adresse2,Edm.String,True,True,100,1,99,1.0
restauration,object,,Adresse3,Edm.String,True,True,100,0,100,0.0
restauration,object,,Bureau.ThesCode,Edm.String,True,True,100,100,0,100.0
restauration,object,,Bureau.ThesID,Edm.Guid,True,True,100,100,0,100.0
restauration,object,,Bureau.ThesLibelle,Edm.String,True,True,100,100,0,100.0
restauration,object,,Bureau.ThesOrdre,Edm.Int32,True,True,100,100,0,100.0
restauration,object,,Bureau.ThesPicto,Edm.String,True,True,100,0,100,0.0
restauration,object,,ClassificationType.ThesCode,Edm.String,True,True,100,100,0,100.0
restauration,object,,ClassificationType.ThesID,Edm.Guid,True,True,100,100,0,100.0
restauration,object,,ClassificationType.ThesLibelle,Edm.String,True,True,100,100,0,100.0
restauration,object,,ClassificationType.ThesOrdre,Edm.Int32,True,True,100,100,0,100.0
restauration,object,,ClassificationType.ThesPicto,Edm.String,True,True,100,0,100,0.0
restauration,object,,CodeINSEE,Edm.String,True,True,100,100,0,100.0
restauration,object,,CodePostal,Edm.String,True,True,100,100,0,100.0
restauration,object,,Commune,Edm.String,True,True,100,100,0,100.0
restauration,object,,EnLigne,Edm.Boolean,True,True,100,98,2,98.0
restauration,object,,GmapLatitude,Edm.String,True,True,100,99,1,99.0
restauration,object,,GmapLongitude,Edm.String,True,True,100,99,1,99.0
restauration,object,,IdentifiantSoubik,Edm.String,True,True,100,99,1,99.0
restauration,object,,Lieudit,TourInSoft.V5.Syndication.Syndication_FSRestaurationOTISud_CB2825CEC3B7425D8F6A9313DD745C1E.ListeComplexType,False,True,74,0,74,0.0
restauration,object,,Lieudit.ThesCode,Edm.String,True,True,26,26,0,100.0
restauration,object,,Lieudit.ThesID,Edm.Guid,True,True,26,26,0,100.0
restauration,object,,Lieudit.ThesLibelle,Edm.String,True,True,26,26,0,100.0
restauration,object,,Lieudit.ThesOrdre,Edm.Int32,True,True,26,26,0,100.0
restauration,object,,Lieudit.ThesPicto,Edm.String,True,True,26,0,26,0.0
restauration,object,,Menuenfant,Edm.Boolean,True,True,100,99,1,99.0
restauration,object,,Nometablissement,Edm.String,True,True,100,100,0,100.0
restauration,object,,ObjectTypeFix,Edm.String,True,True,100,100,0,100.0
restauration,object,,ObjectTypeName,Edm.String,True,True,100,100,0,100.0
restauration,object,,Ouvertdimanchesoir,Edm.Boolean,True,True,100,0,100,0.0
restauration,object,,Published,Edm.DateTime,True,True,100,100,0,100.0
restauration,object,,RaisonSociale,Edm.String,True,True,100,40,60,40.0
restauration,object,,Receptiongroupe,Edm.Boolean,True,True,100,0,100,0.0
restauration,object,,SIRET,Edm.String,True,True,100,57,43,57.0
restauration,object,,Surreservation,Edm.Boolean,True,True,100,0,100,0.0
restauration,object,,SyndicObjectID,Edm.String,True,True,100,100,0,100.0
restauration,object,,SyndicObjectName,Edm.String,True,True,100,100,0,100.0
restauration,object,,SyndicObjectOrder,Edm.Int64,True,True,100,100,0,100.0
restauration,object,,SyndicStructureId,Edm.Guid,True,True,100,100,0,100.0
restauration,object,,TIS_TRACKING_LISTING_OFFRE,Edm.String,True,True,100,100,0,100.0
restauration,object,,TIS_TRACKING_OFFRE,Edm.String,True,True,100,100,0,100.0
restauration,object,,Updated,Edm.DateTime,True,True,100,100,0,100.0
restauration,relation,Animauxs,Animauxacceptes,Edm.Boolean,True,True,6,0,6,0.0
restauration,relation,Animauxs,Complementdinfo,TourInSoft.V5.Syndication.Syndication_FSRestaurationOTISud_CB2825CEC3B7425D8F6A9313DD745C1E.ListeComplexType,False,True,6,0,6,0.0
restauration,relation,Animauxs,Complementdinformations,Edm.String,True,True,6,0,6,0.0
restauration,relation,Animauxs,ID,Edm.Int64,True,True,6,6,0,100.0
restauration,relation,Animauxs,Ordre,Edm.Int64,True,True,6,6,0,100.0
restauration,relation,Animauxs,Poidsanimal.ThesCode,Edm.String,True,False,0,0,0,0
restauration,relation,Animauxs,Poidsanimal.ThesID,Edm.Guid,True,False,0,0,0,0
restauration,relation,Animauxs,Poidsanimal.ThesLibelle,Edm.String,True,False,0,0,0,0
restauration,relation,Animauxs,Poidsanimal.ThesOrdre,Edm.Int32,True,False,0,0,0,0
restauration,relation,Animauxs,Poidsanimal.ThesPicto,Edm.String,True,False,0,0,0,0
restauration,relation,Animauxs,SyndicObjectId,Edm.String,True,True,6,6,0,100.0
restauration,relation,Capacites,Capaciteensalle,Edm.Double,True,True,71,70,1,98.6
restauration,relation,Capacites,Capaciteenterrasse,Edm.Double,True,True,71,0,71,0.0
restauration,relation,Capacites,Capacitetotale,Edm.Double,True,True,71,71,0,100.0
restauration,relation,Capacites,ID,Edm.Int64,True,True,71,71,0,100.0
restauration,relation,Capacites,Ordre,Edm.Int64,True,True,71,71,0,100.0
restauration,relation,Capacites,SyndicObjectId,Edm.String,True,True,71,71,0,100.0
restauration,relation,Chaines,Groupe,TourInSoft.V5.Syndication.Syndication_FSRestaurationOTISud_CB2825CEC3B7425D8F6A9313DD745C1E.ListeComplexType,False,True,6,0,6,0.0
restauration,relation,Chaines,Groupe.ThesCode,Edm.String,True,False,0,0,0,0
restauration,relation,Chaines,Groupe.ThesID,Edm.Guid,True,False,0,0,0,0
restauration,relation,Chaines,Groupe.ThesLibelle,Edm.String,True,False,0,0,0,0
restauration,relation,Chaines,Groupe.ThesOrdre,Edm.Int32,True,False,0,0,0,0
restauration,relation,Chaines,Groupe.ThesPicto,Edm.String,True,False,0,0,0,0
restauration,relation,Chaines,ID,Edm.Int64,True,True,6,6,0,100.0
restauration,relation,Chaines,Ordre,Edm.Int64,True,True,6,6,0,100.0
restauration,relation,Chaines,Reseaux,TourInSoft.V5.Syndication.Syndication_FSRestaurationOTISud_CB2825CEC3B7425D8F6A9313DD745C1E.ListeComplexType,False,True,6,0,6,0.0
restauration,relation,Chaines,Reseaux.ThesCode,Edm.String,True,False,0,0,0,0
restauration,relation,Chaines,Reseaux.ThesID,Edm.Guid,True,False,0,0,0,0
restauration,relation,Chaines,Reseaux.ThesLibelle,Edm.String,True,False,0,0,0,0
restauration,relation,Chaines,Reseaux.ThesOrdre,Edm.Int32,True,False,0,0,0,0
restauration,relation,Chaines,Reseaux.ThesPicto,Edm.String,True,False,0,0,0,0
restauration,relation,Chaines,SyndicObjectId,Edm.String,True,True,6,6,0,100.0
restauration,relation,ClassificationCategories,ID,Edm.Int64,True,True,102,102,0,100.0
restauration,relation,ClassificationCategories,Ordre,Edm.Int64,True,True,102,102,0,100.0
restauration,relation,ClassificationCategories,SyndicObjectId,Edm.String,True,True,102,102,0,100.0
restauration,relation,ClassificationCategories,ThesCode,Edm.String,True,True,102,102,0,100.0
restauration,relation,ClassificationCategories,ThesID,Edm.Guid,True,True,102,102,0,100.0
restauration,relation,ClassificationCategories,ThesLibelle,Edm.String,True,True,102,102,0,100.0
restauration,relation,ClassificationCategories,ThesOrdre,Edm.Int64,True,True,102,102,0,100.0
restauration,relation,ClassificationCategories,ThesPicto,Edm.String,True,True,102,0,102,0.0
restauration,relation,ClassificationSousCategorieAuberges,ID,Edm.Int64,True,True,6,6,0,100.0
restauration,relation,ClassificationSousCategorieAuberges,Ordre,Edm.Int64,True,True,6,6,0,100.0
restauration,relation,ClassificationSousCategorieAuberges,SyndicObjectId,Edm.String,True,True,6,6,0,100.0
restauration,relation,ClassificationSousCategorieAuberges,ThesCode,Edm.String,True,True,6,6,0,100.0
restauration,relation,ClassificationSousCategorieAuberges,ThesID,Edm.Guid,True,True,6,6,0,100.0
restauration,relation,ClassificationSousCategorieAuberges,ThesLibelle,Edm.String,True,True,6,6,0,100.0
restauration,relation,ClassificationSousCategorieAuberges,ThesOrdre,Edm.Int64,True,True,6,6,0,100.0
restauration,relation,ClassificationSousCategorieAuberges,ThesPicto,Edm.String,True,True,6,0,6,0.0
restauration,relation,ClassificationSousCategorieAutreTypes,ID,Edm.Int64,True,True,8,8,0,100.0
restauration,relation,ClassificationSousCategorieAutreTypes,Ordre,Edm.Int64,True,True,8,8,0,100.0
restauration,relation,ClassificationSousCategorieAutreTypes,SyndicObjectId,Edm.String,True,True,8,8,0,100.0
restauration,relation,ClassificationSousCategorieAutreTypes,ThesCode,Edm.String,True,True,8,8,0,100.0
restauration,relation,ClassificationSousCategorieAutreTypes,ThesID,Edm.Guid,True,True,8,8,0,100.0
restauration,relation,ClassificationSousCategorieAutreTypes,ThesLibelle,Edm.String,True,True,8,8,0,100.0
restauration,relation,ClassificationSousCategorieAutreTypes,ThesOrdre,Edm.Int64,True,True,8,8,0,100.0
restauration,relation,ClassificationSousCategorieAutreTypes,ThesPicto,Edm.String,True,True,8,0,8,0.0
restauration,relation,ClassificationSousCategorieRestaurants,ID,Edm.Int64,True,True,70,70,0,100.0
restauration,relation,ClassificationSousCategorieRestaurants,Ordre,Edm.Int64,True,True,70,70,0,100.0
restauration,relation,ClassificationSousCategorieRestaurants,SyndicObjectId,Edm.String,True,True,70,70,0,100.0
restauration,relation,ClassificationSousCategorieRestaurants,ThesCode,Edm.String,True,True,70,70,0,100.0
restauration,relation,ClassificationSousCategorieRestaurants,ThesID,Edm.Guid,True,True,70,70,0,100.0
restauration,relation,ClassificationSousCategorieRestaurants,ThesLibelle,Edm.String,True,True,70,70,0,100.0
restauration,relation,ClassificationSousCategorieRestaurants,ThesOrdre,Edm.Int64,True,True,70,70,0,100.0
restauration,relation,ClassificationSousCategorieRestaurants,ThesPicto,Edm.String,True,True,70,0,70,0.0
restauration,relation,ClassificationSousCategorieTableHotess,ID,Edm.Int64,True,True,7,7,0,100.0
restauration,relation,ClassificationSousCategorieTableHotess,Ordre,Edm.Int64,True,True,7,7,0,100.0
restauration,relation,ClassificationSousCategorieTableHotess,SyndicObjectId,Edm.String,True,True,7,7,0,100.0
restauration,relation,ClassificationSousCategorieTableHotess,ThesCode,Edm.String,True,True,7,7,0,100.0
restauration,relation,ClassificationSousCategorieTableHotess,ThesID,Edm.Guid,True,True,7,7,0,100.0
restauration,relation,ClassificationSousCategorieTableHotess,ThesLibelle,Edm.String,True,True,7,7,0,100.0
restauration,relation,ClassificationSousCategorieTableHotess,ThesOrdre,Edm.Int64,True,True,7,7,0,100.0
restauration,relation,ClassificationSousCategorieTableHotess,ThesPicto,Edm.String,True,True,7,0,7,0.0
restauration,relation,Descriptifaccess,Descriptifduplandacces,Edm.String,True,True,100,56,44,56.0
restauration,relation,Descriptifaccess,ID,Edm.Int64,True,True,100,100,0,100.0
restauration,relation,Descriptifaccess,Ordre,Edm.Int64,True,True,100,100,0,100.0
restauration,relation,Descriptifaccess,SyndicObjectId,Edm.String,True,True,100,100,0,100.0
restauration,relation,Descriptifss,Accroche,Edm.String,True,True,100,67,33,67.0
restauration,relation,Descriptifss,Descriptioncommerciale,Edm.String,True,True,100,100,0,100.0
restauration,relation,Descriptifss,ID,Edm.Int64,True,True,100,100,0,100.0
restauration,relation,Descriptifss,Ordre,Edm.Int64,True,True,100,100,0,100.0
restauration,relation,Descriptifss,SyndicObjectId,Edm.String,True,True,100,100,0,100.0
restauration,relation,Fichiers,DocumentFichier.Credit,Edm.String,True,False,0,0,0,0
restauration,relation,Fichiers,DocumentFichier.MediaID,Edm.Guid,True,False,0,0,0,0
restauration,relation,Fichiers,DocumentFichier.Titre,Edm.String,True,False,0,0,0,0
restauration,relation,Fichiers,DocumentFichier.Url,Edm.String,True,False,0,0,0,0
restauration,relation,Fichiers,ID,Edm.Int64,True,False,0,0,0,0
restauration,relation,Fichiers,Ordre,Edm.Int64,True,False,0,0,0,0
restauration,relation,Fichiers,SyndicObjectId,Edm.String,True,False,0,0,0,0
restauration,relation,Handicaps,ID,Edm.Int64,True,False,0,0,0,0
restauration,relation,Handicaps,Ordre,Edm.Int64,True,False,0,0,0,0
restauration,relation,Handicaps,SyndicObjectId,Edm.String,True,False,0,0,0,0
restauration,relation,Handicaps,ThesCode,Edm.String,True,False,0,0,0,0
restauration,relation,Handicaps,ThesID,Edm.Guid,True,False,0,0,0,0
restauration,relation,Handicaps,ThesLibelle,Edm.String,True,False,0,0,0,0
restauration,relation,Handicaps,ThesOrdre,Edm.Int32,True,False,0,0,0,0
restauration,relation,Handicaps,ThesPicto,Edm.String,True,False,0,0,0,0
restauration,relation,Labels,ID,Edm.Int64,True,True,16,16,0,100.0
restauration,relation,Labels,Ordre,Edm.Int64,True,True,16,16,0,100.0
restauration,relation,Labels,SyndicObjectId,Edm.String,True,True,16,16,0,100.0
restauration,relation,LanguesParleess,ID,Edm.Int64,True,True,194,194,0,100.0
restauration,relation,LanguesParleess,Ordre,Edm.Int64,True,True,194,194,0,100.0
restauration,relation,LanguesParleess,SyndicObjectId,Edm.String,True,True,194,194,0,100.0
restauration,relation,LanguesParleess,ThesCode,Edm.String,True,True,194,194,0,100.0
restauration,relation,LanguesParleess,ThesID,Edm.Guid,True,True,194,194,0,100.0
restauration,relation,LanguesParleess,ThesLibelle,Edm.String,True,True,194,194,0,100.0
restauration,relation,LanguesParleess,ThesOrdre,Edm.Int64,True,True,194,194,0,100.0
restauration,relation,LanguesParleess,ThesPicto,Edm.String,True,True,194,0,194,0.0
restauration,relation,Localisations,ID,Edm.Int64,True,True,116,116,0,100.0
restauration,relation,Localisations,Ordre,Edm.Int64,True,True,116,116,0,100.0
restauration,relation,Localisations,SyndicObjectId,Edm.String,True,True,116,116,0,100.0
restauration,relation,Localisations,ThesCode,Edm.String,True,True,116,116,0,100.0
restauration,relation,Localisations,ThesID,Edm.Guid,True,True,116,116,0,100.0
restauration,relation,Localisations,ThesLibelle,Edm.String,True,True,116,116,0,100.0
restauration,relation,Localisations,ThesOrdre,Edm.Int64,True,True,116,116,0,100.0
restauration,relation,Localisations,ThesPicto,Edm.String,True,True,116,0,116,0.0
restauration,relation,Marques,ID,Edm.Int64,True,False,0,0,0,0
restauration,relation,Marques,Ordre,Edm.Int64,True,False,0,0,0,0
restauration,relation,Marques,SyndicObjectId,Edm.String,True,False,0,0,0,0
restauration,relation,Marques,ThesCode,Edm.String,True,False,0,0,0,0
restauration,relation,Marques,ThesID,Edm.Guid,True,False,0,0,0,0
restauration,relation,Marques,ThesLibelle,Edm.String,True,False,0,0,0,0
restauration,relation,Marques,ThesOrdre,Edm.Int32,True,False,0,0,0,0
restauration,relation,Marques,ThesPicto,Edm.String,True,False,0,0,0,0
restauration,relation,ModesPaiements,ID,Edm.Int64,True,True,283,283,0,100.0
restauration,relation,ModesPaiements,Ordre,Edm.Int64,True,True,283,283,0,100.0
restauration,relation,ModesPaiements,SyndicObjectId,Edm.String,True,True,283,283,0,100.0
restauration,relation,ModesPaiements,ThesCode,Edm.String,True,True,283,283,0,100.0
restauration,relation,ModesPaiements,ThesID,Edm.Guid,True,True,283,283,0,100.0
restauration,relation,ModesPaiements,ThesLibelle,Edm.String,True,True,283,283,0,100.0
restauration,relation,ModesPaiements,ThesOrdre,Edm.Int64,True,True,283,283,0,100.0
restauration,relation,ModesPaiements,ThesPicto,Edm.String,True,True,283,0,283,0.0
restauration,relation,Moyencommunications,Complementdinformations,Edm.String,True,True,271,0,271,0.0
restauration,relation,Moyencommunications,Coordonnees,Edm.String,True,True,271,240,31,88.6
restauration,relation,Moyencommunications,ID,Edm.Int64,True,True,271,271,0,100.0
restauration,relation,Moyencommunications,Moyendecommunication,TourInSoft.V5.Syndication.Syndication_FSRestaurationOTISud_CB2825CEC3B7425D8F6A9313DD745C1E.ListeComplexType,False,True,16,0,16,0.0
restauration,relation,Moyencommunications,Moyendecommunication.ThesCode,Edm.String,True,True,255,255,0,100.0
restauration,relation,Moyencommunications,Moyendecommunication.ThesID,Edm.Guid,True,True,255,255,0,100.0
restauration,relation,Moyencommunications,Moyendecommunication.ThesLibelle,Edm.String,True,True,255,255,0,100.0
restauration,relation,Moyencommunications,Moyendecommunication.ThesOrdre,Edm.Int32,True,True,255,255,0,100.0
restauration,relation,Moyencommunications,Moyendecommunication.ThesPicto,Edm.String,True,True,255,0,255,0.0
restauration,relation,Moyencommunications,Ordre,Edm.Int64,True,True,271,271,0,100.0
restauration,relation,Moyencommunications,SyndicObjectId,Edm.String,True,True,271,271,0,100.0
restauration,relation,Moyencommunications,Typedecoordonnees.ThesCode,Edm.String,True,True,271,271,0,100.0
restauration,relation,Moyencommunications,Typedecoordonnees.ThesID,Edm.Guid,True,True,271,271,0,100.0
restauration,relation,Moyencommunications,Typedecoordonnees.ThesLibelle,Edm.String,True,True,271,271,0,100.0
restauration,relation,Moyencommunications,Typedecoordonnees.ThesOrdre,Edm.Int32,True,True,271,271,0,100.0
restauration,relation,Moyencommunications,Typedecoordonnees.ThesPicto,Edm.String,True,True,271,0,271,0.0
restauration,relation,PeriodeOuvertures,Datedebut,Edm.DateTime,True,True,3,2,1,66.7
restauration,relation,PeriodeOuvertures,Datefin,Edm.DateTime,True,True,3,2,1,66.7
restauration,relation,PeriodeOuvertures,dimancheheuredebut1,Edm.TimeSpan,True,True,3,2,1,66.7
restauration,relation,PeriodeOuvertures,dimancheheuredebut2,Edm.TimeSpan,True,True,3,0,3,0.0
restauration,relation,PeriodeOuvertures,dimancheheurefin1,Edm.TimeSpan,True,True,3,2,1,66.7
restauration,relation,PeriodeOuvertures,dimancheheurefin2,Edm.TimeSpan,True,True,3,0,3,0.0
restauration,relation,PeriodeOuvertures,heuredebut1,Edm.TimeSpan,True,True,3,2,1,66.7
restauration,relation,PeriodeOuvertures,heuredebut2,Edm.TimeSpan,True,True,3,1,2,33.3
restauration,relation,PeriodeOuvertures,heurefin1,Edm.TimeSpan,True,True,3,2,1,66.7
restauration,relation,PeriodeOuvertures,heurefin2,Edm.TimeSpan,True,True,3,1,2,33.3
restauration,relation,PeriodeOuvertures,ID,Edm.Int64,True,True,3,3,0,100.0
restauration,relation,PeriodeOuvertures,jeudiheuredebut1,Edm.TimeSpan,True,True,3,3,0,100.0
restauration,relation,PeriodeOuvertures,jeudiheuredebut2,Edm.TimeSpan,True,True,3,1,2,33.3
restauration,relation,PeriodeOuvertures,jeudiheurefin1,Edm.TimeSpan,True,True,3,3,0,100.0
restauration,relation,PeriodeOuvertures,jeudiheurefin2,Edm.TimeSpan,True,True,3,1,2,33.3
restauration,relation,PeriodeOuvertures,lundiheuredebut1,Edm.TimeSpan,True,True,3,2,1,66.7
restauration,relation,PeriodeOuvertures,lundiheuredebut2,Edm.TimeSpan,True,True,3,1,2,33.3
restauration,relation,PeriodeOuvertures,lundiheurefin1,Edm.TimeSpan,True,True,3,2,1,66.7
restauration,relation,PeriodeOuvertures,lundiheurefin2,Edm.TimeSpan,True,True,3,1,2,33.3
restauration,relation,PeriodeOuvertures,mardiheuredebut1,Edm.TimeSpan,True,True,3,2,1,66.7
restauration,relation,PeriodeOuvertures,mardiheuredebut2,Edm.TimeSpan,True,True,3,1,2,33.3
restauration,relation,PeriodeOuvertures,mardiheurefin1,Edm.TimeSpan,True,True,3,2,1,66.7
restauration,relation,PeriodeOuvertures,mardiheurefin2,Edm.TimeSpan,True,True,3,1,2,33.3
restauration,relation,PeriodeOuvertures,mercrediheuredebut1,Edm.TimeSpan,True,True,3,1,2,33.3
restauration,relation,PeriodeOuvertures,mercrediheuredebut2,Edm.TimeSpan,True,True,3,1,2,33.3
restauration,relation,PeriodeOuvertures,mercrediheurefin1,Edm.TimeSpan,True,True,3,1,2,33.3
restauration,relation,PeriodeOuvertures,mercrediheurefin2,Edm.TimeSpan,True,True,3,1,2,33.3
restauration,relation,PeriodeOuvertures,Ordre,Edm.Int64,True,True,3,3,0,100.0
restauration,relation,PeriodeOuvertures,Precisionssurlesfermetures,Edm.String,True,True,3,0,3,0.0
restauration,relation,PeriodeOuvertures,Precisionssurlesouvertures,Edm.String,True,True,3,0,3,0.0
restauration,relation,PeriodeOuvertures,samediheuredebut1,Edm.TimeSpan,True,True,3,3,0,100.0
restauration,relation,PeriodeOuvertures,samediheuredebut2,Edm.TimeSpan,True,True,3,0,3,0.0
restauration,relation,PeriodeOuvertures,samediheurefin1,Edm.TimeSpan,True,True,3,3,0,100.0
restauration,relation,PeriodeOuvertures,samediheurefin2,Edm.TimeSpan,True,True,3,0,3,0.0
restauration,relation,PeriodeOuvertures,SyndicObjectId,Edm.String,True,True,3,3,0,100.0
restauration,relation,PeriodeOuvertures,vendrediheuredebut1,Edm.TimeSpan,True,True,3,3,0,100.0
restauration,relation,PeriodeOuvertures,vendrediheuredebut2,Edm.TimeSpan,True,True,3,1,2,33.3
restauration,relation,PeriodeOuvertures,vendrediheurefin1,Edm.TimeSpan,True,True,3,2,1,66.7
restauration,relation,PeriodeOuvertures,vendrediheurefin2,Edm.TimeSpan,True,True,3,1,2,33.3
restauration,relation,Photos,Datedefindutilisation,Edm.DateTime,True,True,348,0,348,0.0
restauration,relation,Photos,ID,Edm.Int64,True,True,348,348,0,100.0
restauration,relation,Photos,Licencecreativecommons,Edm.Boolean,True,True,348,0,348,0.0
restauration,relation,Photos,Ordre,Edm.Int64,True,True,348,348,0,100.0
restauration,relation,Photos,Photo,TourInSoft.V5.Syndication.Syndication_FSRestaurationOTISud_CB2825CEC3B7425D8F6A9313DD745C1E.MediaComplexType,False,True,1,0,1,0.0
restauration,relation,Photos,Photo.Credit,Edm.String,True,True,347,347,0,100.0
restauration,relation,Photos,Photo.MediaID,Edm.Guid,True,True,347,347,0,100.0
restauration,relation,Photos,Photo.Titre,Edm.String,True,True,347,347,0,100.0
restauration,relation,Photos,Photo.Url,Edm.String,True,True,347,347,0,100.0
restauration,relation,Photos,SyndicObjectId,Edm.String,True,True,348,348,0,100.0
restauration,relation,PrestationProximites,ID,Edm.Int64,True,True,237,237,0,100.0
restauration,relation,PrestationProximites,Ordre,Edm.Int64,True,True,237,237,0,100.0
restauration,relation,PrestationProximites,SyndicObjectId,Edm.String,True,True,237,237,0,100.0
restauration,relation,PrestationProximites,ThesCode,Edm.String,True,True,237,237,0,100.0
restauration,relation,PrestationProximites,ThesID,Edm.Guid,True,True,237,237,0,100.0
restauration,relation,PrestationProximites,ThesLibelle,Edm.String,True,True,237,237,0,100.0
restauration,relation,PrestationProximites,ThesOrdre,Edm.Int64,True,True,237,237,0,100.0
restauration,relation,PrestationProximites,ThesPicto,Edm.String,True,True,237,0,237,0.0
restauration,relation,PrestationsActivites,ID,Edm.Int64,True,False,0,0,0,0
restauration,relation,PrestationsActivites,Ordre,Edm.Int64,True,False,0,0,0,0
restauration,relation,PrestationsActivites,SyndicObjectId,Edm.String,True,False,0,0,0,0
restauration,relation,PrestationsActivites,ThesCode,Edm.String,True,False,0,0,0,0
restauration,relation,PrestationsActivites,ThesID,Edm.Guid,True,False,0,0,0,0
restauration,relation,PrestationsActivites,ThesLibelle,Edm.String,True,False,0,0,0,0
restauration,relation,PrestationsActivites,ThesOrdre,Edm.Int32,True,False,0,0,0,0
restauration,relation,PrestationsActivites,ThesPicto,Edm.String,True,False,0,0,0,0
restauration,relation,PrestationsEquipementss,ID,Edm.Int64,True,True,98,98,0,100.0
restauration,relation,PrestationsEquipementss,Ordre,Edm.Int64,True,True,98,98,0,100.0
restauration,relation,PrestationsEquipementss,SyndicObjectId,Edm.String,True,True,98,98,0,100.0
restauration,relation,PrestationsEquipementss,ThesCode,Edm.String,True,True,98,98,0,100.0
restauration,relation,PrestationsEquipementss,ThesID,Edm.Guid,True,True,98,98,0,100.0
restauration,relation,PrestationsEquipementss,ThesLibelle,Edm.String,True,True,98,98,0,100.0
restauration,relation,PrestationsEquipementss,ThesOrdre,Edm.Int64,True,True,98,98,0,100.0
restauration,relation,PrestationsEquipementss,ThesPicto,Edm.String,True,True,98,0,98,0.0
restauration,relation,Reservations,ID,Edm.Int64,True,False,0,0,0,0
restauration,relation,Reservations,Lien,Edm.String,True,False,0,0,0,0
restauration,relation,Reservations,Listeplateforme.ThesCode,Edm.String,True,False,0,0,0,0
restauration,relation,Reservations,Listeplateforme.ThesID,Edm.Guid,True,False,0,0,0,0
restauration,relation,Reservations,Listeplateforme.ThesLibelle,Edm.String,True,False,0,0,0,0
restauration,relation,Reservations,Listeplateforme.ThesOrdre,Edm.Int32,True,False,0,0,0,0
restauration,relation,Reservations,Listeplateforme.ThesPicto,Edm.String,True,False,0,0,0,0
restauration,relation,Reservations,Ordre,Edm.Int64,True,False,0,0,0,0
restauration,relation,Reservations,SyndicObjectId,Edm.String,True,False,0,0,0,0
restauration,relation,Restaurateurcertifies,Expertaccrediteprestationliee,Edm.String,True,False,0,0,0,0
restauration,relation,Restaurateurcertifies,ID,Edm.Int64,True,False,0,0,0,0
restauration,relation,Restaurateurcertifies,Ordre,Edm.Int64,True,False,0,0,0,0
restauration,relation,Restaurateurcertifies,SyndicObjectId,Edm.String,True,False,0,0,0,0
restauration,relation,Structure,Address1,Edm.String,True,True,100,100,0,100.0
restauration,relation,Structure,Address2,Edm.String,True,True,100,0,100,0.0
restauration,relation,Structure,Address3,Edm.String,True,True,100,0,100,0.0
restauration,relation,Structure,City,Edm.String,True,True,100,100,0,100.0
restauration,relation,Structure,Country,Edm.String,True,True,100,0,100,0.0
restauration,relation,Structure,Email,Edm.String,True,True,100,100,0,100.0
restauration,relation,Structure,EmailName,Edm.String,True,True,100,0,100,0.0
restauration,relation,Structure,Name,Edm.String,True,True,100,100,0,100.0
restauration,relation,Structure,Phone,Edm.String,True,True,100,0,100,0.0
restauration,relation,Structure,Postcode,Edm.String,True,True,100,100,0,100.0
restauration,relation,Structure,SyndicStructureId,Edm.Guid,True,True,100,100,0,100.0
restauration,relation,Structure,Url,Edm.String,True,True,100,0,100,0.0
restauration,relation,Tarifs,complementtarifs,Edm.String,True,True,9,0,9,0.0
restauration,relation,Tarifs,Datedebutaffichage,Edm.DateTime,True,True,9,9,0,100.0
restauration,relation,Tarifs,Datedebutvalidite,Edm.DateTime,True,True,9,0,9,0.0
restauration,relation,Tarifs,Datefinaffichage,Edm.DateTime,True,True,9,0,9,0.0
restauration,relation,Tarifs,Datefinvalidite,Edm.DateTime,True,True,9,0,9,0.0
restauration,relation,Tarifs,ID,Edm.Int64,True,True,9,9,0,100.0
restauration,relation,Tarifs,IntituleTarifs,TourInSoft.V5.Syndication.Syndication_FSRestaurationOTISud_CB2825CEC3B7425D8F6A9313DD745C1E.ListeComplexType,False,True,9,0,9,0.0
restauration,relation,Tarifs,IntituleTarifs.ThesCode,Edm.String,True,False,0,0,0,0
restauration,relation,Tarifs,IntituleTarifs.ThesID,Edm.Guid,True,False,0,0,0,0
restauration,relation,Tarifs,IntituleTarifs.ThesLibelle,Edm.String,True,False,0,0,0,0
restauration,relation,Tarifs,IntituleTarifs.ThesOrdre,Edm.Int32,True,False,0,0,0,0
restauration,relation,Tarifs,IntituleTarifs.ThesPicto,Edm.String,True,False,0,0,0,0
restauration,relation,Tarifs,MaximumEuro,Edm.Decimal,True,True,9,9,0,100.0
restauration,relation,Tarifs,MinimumEuro,Edm.Decimal,True,True,9,9,0,100.0
restauration,relation,Tarifs,Ordre,Edm.Int64,True,True,9,9,0,100.0
restauration,relation,Tarifs,Saisonnalite,TourInSoft.V5.Syndication.Syndication_FSRestaurationOTISud_CB2825CEC3B7425D8F6A9313DD745C1E.ListeComplexType,False,True,9,0,9,0.0
restauration,relation,Tarifs,Saisonnalite.ThesCode,Edm.String,True,False,0,0,0,0
restauration,relation,Tarifs,Saisonnalite.ThesID,Edm.Guid,True,False,0,0,0,0
restauration,relation,Tarifs,Saisonnalite.ThesLibelle,Edm.String,True,False,0,0,0,0
restauration,relation,Tarifs,Saisonnalite.ThesOrdre,Edm.Int32,True,False,0,0,0,0
restauration,relation,Tarifs,Saisonnalite.ThesPicto,Edm.String,True,False,0,0,0,0
restauration,relation,Tarifs,SyndicObjectId,Edm.String,True,True,9,9,0,100.0
restauration,relation,Thematiques,ID,Edm.Int64,True,False,0,0,0,0
restauration,relation,Thematiques,Ordre,Edm.Int64,True,False,0,0,0,0
restauration,relation,Thematiques,SyndicObjectId,Edm.String,True,False,0,0,0,0
restauration,relation,Thematiques,ThesCode,Edm.String,True,False,0,0,0,0
restauration,relation,Thematiques,ThesID,Edm.Guid,True,False,0,0,0,0
restauration,relation,Thematiques,ThesLibelle,Edm.String,True,False,0,0,0,0
restauration,relation,Thematiques,ThesOrdre,Edm.Int32,True,False,0,0,0,0
restauration,relation,Thematiques,ThesPicto,Edm.String,True,False,0,0,0,0
restauration,relation,TisTracking,CodeOffre,Edm.String,True,True,100,100,0,100.0
restauration,relation,TisTracking,CodeStructure,Edm.String,True,True,100,100,0,100.0
restauration,relation,TisTracking,CodeSyndication,Edm.String,True,True,100,100,0,100.0
restauration,relation,TisTracking,SyndicObjectId,Edm.String,True,True,100,100,0,100.0
restauration,relation,Typecuisines,ID,Edm.Int64,True,True,124,124,0,100.0
restauration,relation,Typecuisines,Ordre,Edm.Int64,True,True,124,124,0,100.0
restauration,relation,Typecuisines,SyndicObjectId,Edm.String,True,True,124,124,0,100.0
restauration,relation,Typecuisines,ThesCode,Edm.String,True,True,124,124,0,100.0
restauration,relation,Typecuisines,ThesID,Edm.Guid,True,True,124,124,0,100.0
restauration,relation,Typecuisines,ThesLibelle,Edm.String,True,True,124,124,0,100.0
restauration,relation,Typecuisines,ThesOrdre,Edm.Int64,True,True,124,124,0,100.0
restauration,relation,Typecuisines,ThesPicto,Edm.String,True,True,124,0,124,0.0
restauration,relation,Typeequipements,ID,Edm.Int64,True,True,100,100,0,100.0
restauration,relation,Typeequipements,Ordre,Edm.Int64,True,True,100,100,0,100.0
restauration,relation,Typeequipements,SyndicObjectId,Edm.String,True,True,100,100,0,100.0
restauration,relation,Typeequipements,Typedactivite.ThesCode,Edm.String,True,True,100,100,0,100.0
restauration,relation,Typeequipements,Typedactivite.ThesID,Edm.Guid,True,True,100,100,0,100.0
restauration,relation,Typeequipements,Typedactivite.ThesLibelle,Edm.String,True,True,100,100,0,100.0
restauration,relation,Typeequipements,Typedactivite.ThesOrdre,Edm.Int32,True,True,100,100,0,100.0
restauration,relation,Typeequipements,Typedactivite.ThesPicto,Edm.String,True,True,100,0,100,0.0
restauration,relation,Videos,ID,Edm.Int64,True,False,0,0,0,0
restauration,relation,Videos,IntegrerlavideosursonsitecopiercollerdeObjetouembedYoutubeouDailymotion,Edm.String,True,False,0,0,0,0
restauration,relation,Videos,Licencecreativecommons,Edm.Boolean,True,False,0,0,0,0
restauration,relation,Videos,Ordre,Edm.Int64,True,False,0,0,0,0
restauration,relation,Videos,SyndicObjectId,Edm.String,True,False,0,0,0,0
restauration,relation,Videos,URLvideo,Edm.String,True,False,0,0,0,0
transport,object,,Adresse1,Edm.String,True,True,18,18,0,100.0
transport,object,,Adresse2,Edm.String,True,True,18,2,16,11.1
transport,object,,Adresse3,Edm.String,True,True,18,0,18,0.0
transport,object,,Bureau.ThesCode,Edm.String,True,True,18,18,0,100.0
transport,object,,Bureau.ThesID,Edm.Guid,True,True,18,18,0,100.0
transport,object,,Bureau.ThesLibelle,Edm.String,True,True,18,18,0,100.0
transport,object,,Bureau.ThesOrdre,Edm.Int32,True,True,18,18,0,100.0
transport,object,,Bureau.ThesPicto,Edm.String,True,True,18,0,18,0.0
transport,object,,ClassificationType.ThesCode,Edm.String,True,True,18,18,0,100.0
transport,object,,ClassificationType.ThesID,Edm.Guid,True,True,18,18,0,100.0
transport,object,,ClassificationType.ThesLibelle,Edm.String,True,True,18,18,0,100.0
transport,object,,ClassificationType.ThesOrdre,Edm.Int32,True,True,18,18,0,100.0
transport,object,,ClassificationType.ThesPicto,Edm.String,True,True,18,0,18,0.0
transport,object,,CodeINSEE,Edm.String,True,True,18,18,0,100.0
transport,object,,CodePostal,Edm.String,True,True,18,18,0,100.0
transport,object,,Commune,Edm.String,True,True,18,18,0,100.0
transport,object,,GmapLatitude,Edm.String,True,True,18,17,1,94.4
transport,object,,GmapLongitude,Edm.String,True,True,18,17,1,94.4
transport,object,,IdentifiantSoubik,Edm.String,True,True,18,17,1,94.4
transport,object,,Lieudit,TourInSoft.V5.Syndication.Syndication_FSTRANSPORTOTISud_06FE61F16E764FECA6567B8D83216608.ListeComplexType,False,True,16,0,16,0.0
transport,object,,Lieudit.ThesCode,Edm.String,True,True,2,2,0,100.0
transport,object,,Lieudit.ThesID,Edm.Guid,True,True,2,2,0,100.0
transport,object,,Lieudit.ThesLibelle,Edm.String,True,True,2,2,0,100.0
transport,object,,Lieudit.ThesOrdre,Edm.Int32,True,True,2,2,0,100.0
transport,object,,Lieudit.ThesPicto,Edm.String,True,True,2,0,2,0.0
transport,object,,Nometablissement,Edm.String,True,True,18,18,0,100.0
transport,object,,ObjectTypeFix,Edm.String,True,True,18,18,0,100.0
transport,object,,ObjectTypeName,Edm.String,True,True,18,18,0,100.0
transport,object,,Published,Edm.DateTime,True,True,18,18,0,100.0
transport,object,,RaisonSociale,Edm.String,True,True,18,10,8,55.6
transport,object,,SIRET,Edm.String,True,True,18,18,0,100.0
transport,object,,Surreservation,Edm.Boolean,True,True,18,1,17,5.6
transport,object,,SyndicObjectID,Edm.String,True,True,18,18,0,100.0
transport,object,,SyndicObjectName,Edm.String,True,True,18,18,0,100.0
transport,object,,SyndicObjectOrder,Edm.Int64,True,True,18,18,0,100.0
transport,object,,SyndicStructureId,Edm.Guid,True,True,18,18,0,100.0
transport,object,,TIS_TRACKING_LISTING_OFFRE,Edm.String,True,True,18,18,0,100.0
transport,object,,TIS_TRACKING_OFFRE,Edm.String,True,True,18,18,0,100.0
transport,object,,Updated,Edm.DateTime,True,True,18,18,0,100.0
transport,relation,Chaines,Groupe,TourInSoft.V5.Syndication.Syndication_FSTRANSPORTOTISud_06FE61F16E764FECA6567B8D83216608.ListeComplexType,False,True,2,0,2,0.0
transport,relation,Chaines,Groupe.ThesCode,Edm.String,True,False,0,0,0,0
transport,relation,Chaines,Groupe.ThesID,Edm.Guid,True,False,0,0,0,0
transport,relation,Chaines,Groupe.ThesLibelle,Edm.String,True,False,0,0,0,0
transport,relation,Chaines,Groupe.ThesOrdre,Edm.Int32,True,False,0,0,0,0
transport,relation,Chaines,Groupe.ThesPicto,Edm.String,True,False,0,0,0,0
transport,relation,Chaines,ID,Edm.Int64,True,True,2,2,0,100.0
transport,relation,Chaines,Ordre,Edm.Int64,True,True,2,2,0,100.0
transport,relation,Chaines,Reseaux,TourInSoft.V5.Syndication.Syndication_FSTRANSPORTOTISud_06FE61F16E764FECA6567B8D83216608.ListeComplexType,False,True,2,0,2,0.0
transport,relation,Chaines,Reseaux.ThesCode,Edm.String,True,False,0,0,0,0
transport,relation,Chaines,Reseaux.ThesID,Edm.Guid,True,False,0,0,0,0
transport,relation,Chaines,Reseaux.ThesLibelle,Edm.String,True,False,0,0,0,0
transport,relation,Chaines,Reseaux.ThesOrdre,Edm.Int32,True,False,0,0,0,0
transport,relation,Chaines,Reseaux.ThesPicto,Edm.String,True,False,0,0,0,0
transport,relation,Chaines,SyndicObjectId,Edm.String,True,True,2,2,0,100.0
transport,relation,ClassificationCategories,ID,Edm.Int64,True,True,18,18,0,100.0
transport,relation,ClassificationCategories,Ordre,Edm.Int64,True,True,18,18,0,100.0
transport,relation,ClassificationCategories,SyndicObjectId,Edm.String,True,True,18,18,0,100.0
transport,relation,ClassificationCategories,ThesCode,Edm.String,True,True,18,18,0,100.0
transport,relation,ClassificationCategories,ThesID,Edm.Guid,True,True,18,18,0,100.0
transport,relation,ClassificationCategories,ThesLibelle,Edm.String,True,True,18,18,0,100.0
transport,relation,ClassificationCategories,ThesOrdre,Edm.Int64,True,True,18,18,0,100.0
transport,relation,ClassificationCategories,ThesPicto,Edm.String,True,True,18,0,18,0.0
transport,relation,ClassificationSousCategorieLocVehicules,ID,Edm.Int64,True,True,4,4,0,100.0
transport,relation,ClassificationSousCategorieLocVehicules,Ordre,Edm.Int64,True,True,4,4,0,100.0
transport,relation,ClassificationSousCategorieLocVehicules,SyndicObjectId,Edm.String,True,True,4,4,0,100.0
transport,relation,ClassificationSousCategorieLocVehicules,ThesCode,Edm.String,True,True,4,4,0,100.0
transport,relation,ClassificationSousCategorieLocVehicules,ThesID,Edm.Guid,True,True,4,4,0,100.0
transport,relation,ClassificationSousCategorieLocVehicules,ThesLibelle,Edm.String,True,True,4,4,0,100.0
transport,relation,ClassificationSousCategorieLocVehicules,ThesOrdre,Edm.Int64,True,True,4,4,0,100.0
transport,relation,ClassificationSousCategorieLocVehicules,ThesPicto,Edm.String,True,True,4,0,4,0.0
transport,relation,ClassificationSousCategorieServicess,ID,Edm.Int64,True,True,15,15,0,100.0
transport,relation,ClassificationSousCategorieServicess,Ordre,Edm.Int64,True,True,15,15,0,100.0
transport,relation,ClassificationSousCategorieServicess,SyndicObjectId,Edm.String,True,True,15,15,0,100.0
transport,relation,ClassificationSousCategorieServicess,ThesCode,Edm.String,True,True,15,15,0,100.0
transport,relation,ClassificationSousCategorieServicess,ThesID,Edm.Guid,True,True,15,15,0,100.0
transport,relation,ClassificationSousCategorieServicess,ThesLibelle,Edm.String,True,True,15,15,0,100.0
transport,relation,ClassificationSousCategorieServicess,ThesOrdre,Edm.Int64,True,True,15,15,0,100.0
transport,relation,ClassificationSousCategorieServicess,ThesPicto,Edm.String,True,True,15,0,15,0.0
transport,relation,ClassificationSousCategorieTransAeriens,ID,Edm.Int64,True,False,0,0,0,0
transport,relation,ClassificationSousCategorieTransAeriens,Ordre,Edm.Int64,True,False,0,0,0,0
transport,relation,ClassificationSousCategorieTransAeriens,SyndicObjectId,Edm.String,True,False,0,0,0,0
transport,relation,ClassificationSousCategorieTransAeriens,ThesCode,Edm.String,True,False,0,0,0,0
transport,relation,ClassificationSousCategorieTransAeriens,ThesID,Edm.Guid,True,False,0,0,0,0
transport,relation,ClassificationSousCategorieTransAeriens,ThesLibelle,Edm.String,True,False,0,0,0,0
transport,relation,ClassificationSousCategorieTransAeriens,ThesOrdre,Edm.Int32,True,False,0,0,0,0
transport,relation,ClassificationSousCategorieTransAeriens,ThesPicto,Edm.String,True,False,0,0,0,0
transport,relation,Descriptifaccess,Descriptifduplandacces,Edm.String,True,True,18,8,10,44.4
transport,relation,Descriptifaccess,ID,Edm.Int64,True,True,18,18,0,100.0
transport,relation,Descriptifaccess,Ordre,Edm.Int64,True,True,18,18,0,100.0
transport,relation,Descriptifaccess,SyndicObjectId,Edm.String,True,True,18,18,0,100.0
transport,relation,Descriptifss,Accroche,Edm.String,True,True,18,18,0,100.0
transport,relation,Descriptifss,Descriptioncommerciale,Edm.String,True,True,18,18,0,100.0
transport,relation,Descriptifss,ID,Edm.Int64,True,True,18,18,0,100.0
transport,relation,Descriptifss,Ordre,Edm.Int64,True,True,18,18,0,100.0
transport,relation,Descriptifss,SyndicObjectId,Edm.String,True,True,18,18,0,100.0
transport,relation,Fichiers,DocumentFichier.Credit,Edm.String,True,False,0,0,0,0
transport,relation,Fichiers,DocumentFichier.MediaID,Edm.Guid,True,False,0,0,0,0
transport,relation,Fichiers,DocumentFichier.Titre,Edm.String,True,False,0,0,0,0
transport,relation,Fichiers,DocumentFichier.Url,Edm.String,True,False,0,0,0,0
transport,relation,Fichiers,ID,Edm.Int64,True,False,0,0,0,0
transport,relation,Fichiers,Ordre,Edm.Int64,True,False,0,0,0,0
transport,relation,Fichiers,SyndicObjectId,Edm.String,True,False,0,0,0,0
transport,relation,Handicaps,ID,Edm.Int64,True,False,0,0,0,0
transport,relation,Handicaps,Ordre,Edm.Int64,True,False,0,0,0,0
transport,relation,Handicaps,SyndicObjectId,Edm.String,True,False,0,0,0,0
transport,relation,Handicaps,ThesCode,Edm.String,True,False,0,0,0,0
transport,relation,Handicaps,ThesID,Edm.Guid,True,False,0,0,0,0
transport,relation,Handicaps,ThesLibelle,Edm.String,True,False,0,0,0,0
transport,relation,Handicaps,ThesOrdre,Edm.Int32,True,False,0,0,0,0
transport,relation,Handicaps,ThesPicto,Edm.String,True,False,0,0,0,0
transport,relation,Labels,ID,Edm.Int64,True,False,0,0,0,0
transport,relation,Labels,Ordre,Edm.Int64,True,False,0,0,0,0
transport,relation,Labels,SyndicObjectId,Edm.String,True,False,0,0,0,0
transport,relation,Labels,ThesCode,Edm.String,True,False,0,0,0,0
transport,relation,Labels,ThesID,Edm.Guid,True,False,0,0,0,0
transport,relation,Labels,ThesLibelle,Edm.String,True,False,0,0,0,0
transport,relation,Labels,ThesOrdre,Edm.Int32,True,False,0,0,0,0
transport,relation,Labels,ThesPicto,Edm.String,True,False,0,0,0,0
transport,relation,LanguesParleess,ID,Edm.Int64,True,True,43,43,0,100.0
transport,relation,LanguesParleess,Ordre,Edm.Int64,True,True,43,43,0,100.0
transport,relation,LanguesParleess,SyndicObjectId,Edm.String,True,True,43,43,0,100.0
transport,relation,LanguesParleess,ThesCode,Edm.String,True,True,43,43,0,100.0
transport,relation,LanguesParleess,ThesID,Edm.Guid,True,True,43,43,0,100.0
transport,relation,LanguesParleess,ThesLibelle,Edm.String,True,True,43,43,0,100.0
transport,relation,LanguesParleess,ThesOrdre,Edm.Int64,True,True,43,43,0,100.0
transport,relation,LanguesParleess,ThesPicto,Edm.String,True,True,43,0,43,0.0
transport,relation,Localisations,ID,Edm.Int64,True,True,11,11,0,100.0
transport,relation,Localisations,Ordre,Edm.Int64,True,True,11,11,0,100.0
transport,relation,Localisations,SyndicObjectId,Edm.String,True,True,11,11,0,100.0
transport,relation,Localisations,ThesCode,Edm.String,True,True,11,11,0,100.0
transport,relation,Localisations,ThesID,Edm.Guid,True,True,11,11,0,100.0
transport,relation,Localisations,ThesLibelle,Edm.String,True,True,11,11,0,100.0
transport,relation,Localisations,ThesOrdre,Edm.Int64,True,True,11,11,0,100.0
transport,relation,Localisations,ThesPicto,Edm.String,True,True,11,0,11,0.0
transport,relation,Marques,ID,Edm.Int64,True,False,0,0,0,0
transport,relation,Marques,Ordre,Edm.Int64,True,False,0,0,0,0
transport,relation,Marques,SyndicObjectId,Edm.String,True,False,0,0,0,0
transport,relation,Marques,ThesCode,Edm.String,True,False,0,0,0,0
transport,relation,Marques,ThesID,Edm.Guid,True,False,0,0,0,0
transport,relation,Marques,ThesLibelle,Edm.String,True,False,0,0,0,0
transport,relation,Marques,ThesOrdre,Edm.Int32,True,False,0,0,0,0
transport,relation,Marques,ThesPicto,Edm.String,True,False,0,0,0,0
transport,relation,ModesPaiements,ID,Edm.Int64,True,True,45,45,0,100.0
transport,relation,ModesPaiements,Ordre,Edm.Int64,True,True,45,45,0,100.0
transport,relation,ModesPaiements,SyndicObjectId,Edm.String,True,True,45,45,0,100.0
transport,relation,ModesPaiements,ThesCode,Edm.String,True,True,45,45,0,100.0
transport,relation,ModesPaiements,ThesID,Edm.Guid,True,True,45,45,0,100.0
transport,relation,ModesPaiements,ThesLibelle,Edm.String,True,True,45,45,0,100.0
transport,relation,ModesPaiements,ThesOrdre,Edm.Int64,True,True,45,45,0,100.0
transport,relation,ModesPaiements,ThesPicto,Edm.String,True,True,45,0,45,0.0
transport,relation,Moyencommunications,Complementdinformations,Edm.String,True,True,53,0,53,0.0
transport,relation,Moyencommunications,Coordonnees,Edm.String,True,True,53,52,1,98.1
transport,relation,Moyencommunications,ID,Edm.Int64,True,True,53,53,0,100.0
transport,relation,Moyencommunications,Moyendecommunication,TourInSoft.V5.Syndication.Syndication_FSTRANSPORTOTISud_06FE61F16E764FECA6567B8D83216608.ListeComplexType,False,True,5,0,5,0.0
transport,relation,Moyencommunications,Moyendecommunication.ThesCode,Edm.String,True,True,48,48,0,100.0
transport,relation,Moyencommunications,Moyendecommunication.ThesID,Edm.Guid,True,True,48,48,0,100.0
transport,relation,Moyencommunications,Moyendecommunication.ThesLibelle,Edm.String,True,True,48,48,0,100.0
transport,relation,Moyencommunications,Moyendecommunication.ThesOrdre,Edm.Int32,True,True,48,48,0,100.0
transport,relation,Moyencommunications,Moyendecommunication.ThesPicto,Edm.String,True,True,48,0,48,0.0
transport,relation,Moyencommunications,Ordre,Edm.Int64,True,True,53,53,0,100.0
transport,relation,Moyencommunications,SyndicObjectId,Edm.String,True,True,53,53,0,100.0
transport,relation,Moyencommunications,Typedecoordonnees.ThesCode,Edm.String,True,True,53,53,0,100.0
transport,relation,Moyencommunications,Typedecoordonnees.ThesID,Edm.Guid,True,True,53,53,0,100.0
transport,relation,Moyencommunications,Typedecoordonnees.ThesLibelle,Edm.String,True,True,53,53,0,100.0
transport,relation,Moyencommunications,Typedecoordonnees.ThesOrdre,Edm.Int32,True,True,53,53,0,100.0
transport,relation,Moyencommunications,Typedecoordonnees.ThesPicto,Edm.String,True,True,53,0,53,0.0
transport,relation,PeriodeOuvertures,Datedebut,Edm.DateTime,True,False,0,0,0,0
transport,relation,PeriodeOuvertures,Datefin,Edm.DateTime,True,False,0,0,0,0
transport,relation,PeriodeOuvertures,dimancheheuredebut1,Edm.Time,True,False,0,0,0,0
transport,relation,PeriodeOuvertures,dimancheheuredebut2,Edm.Time,True,False,0,0,0,0
transport,relation,PeriodeOuvertures,dimancheheurefin1,Edm.Time,True,False,0,0,0,0
transport,relation,PeriodeOuvertures,dimancheheurefin2,Edm.Time,True,False,0,0,0,0
transport,relation,PeriodeOuvertures,heuredebut1,Edm.Time,True,False,0,0,0,0
transport,relation,PeriodeOuvertures,heuredebut2,Edm.Time,True,False,0,0,0,0
transport,relation,PeriodeOuvertures,heurefin1,Edm.Time,True,False,0,0,0,0
transport,relation,PeriodeOuvertures,heurefin2,Edm.Time,True,False,0,0,0,0
transport,relation,PeriodeOuvertures,ID,Edm.Int64,True,False,0,0,0,0
transport,relation,PeriodeOuvertures,jeudiheuredebut1,Edm.Time,True,False,0,0,0,0
transport,relation,PeriodeOuvertures,jeudiheuredebut2,Edm.Time,True,False,0,0,0,0
transport,relation,PeriodeOuvertures,jeudiheurefin1,Edm.Time,True,False,0,0,0,0
transport,relation,PeriodeOuvertures,jeudiheurefin2,Edm.Time,True,False,0,0,0,0
transport,relation,PeriodeOuvertures,lundiheuredebut1,Edm.Time,True,False,0,0,0,0
transport,relation,PeriodeOuvertures,lundiheuredebut2,Edm.Time,True,False,0,0,0,0
transport,relation,PeriodeOuvertures,lundiheurefin1,Edm.Time,True,False,0,0,0,0
transport,relation,PeriodeOuvertures,lundiheurefin2,Edm.Time,True,False,0,0,0,0
transport,relation,PeriodeOuvertures,mardiheuredebut1,Edm.Time,True,False,0,0,0,0
transport,relation,PeriodeOuvertures,mardiheuredebut2,Edm.Time,True,False,0,0,0,0
transport,relation,PeriodeOuvertures,mardiheurefin1,Edm.Time,True,False,0,0,0,0
transport,relation,PeriodeOuvertures,mardiheurefin2,Edm.Time,True,False,0,0,0,0
transport,relation,PeriodeOuvertures,mercrediheuredebut1,Edm.Time,True,False,0,0,0,0
transport,relation,PeriodeOuvertures,mercrediheuredebut2,Edm.Time,True,False,0,0,0,0
transport,relation,PeriodeOuvertures,mercrediheurefin1,Edm.Time,True,False,0,0,0,0
transport,relation,PeriodeOuvertures,mercrediheurefin2,Edm.Time,True,False,0,0,0,0
transport,relation,PeriodeOuvertures,Ordre,Edm.Int64,True,False,0,0,0,0
transport,relation,PeriodeOuvertures,Precisionssurlesfermetures,Edm.String,True,False,0,0,0,0
transport,relation,PeriodeOuvertures,Precisionssurlesouvertures,Edm.String,True,False,0,0,0,0
transport,relation,PeriodeOuvertures,samediheuredebut1,Edm.Time,True,False,0,0,0,0
transport,relation,PeriodeOuvertures,samediheuredebut2,Edm.Time,True,False,0,0,0,0
transport,relation,PeriodeOuvertures,samediheurefin1,Edm.Time,True,False,0,0,0,0
transport,relation,PeriodeOuvertures,samediheurefin2,Edm.Time,True,False,0,0,0,0
transport,relation,PeriodeOuvertures,SyndicObjectId,Edm.String,True,False,0,0,0,0
transport,relation,PeriodeOuvertures,vendrediheuredebut1,Edm.Time,True,False,0,0,0,0
transport,relation,PeriodeOuvertures,vendrediheuredebut2,Edm.Time,True,False,0,0,0,0
transport,relation,PeriodeOuvertures,vendrediheurefin1,Edm.Time,True,False,0,0,0,0
transport,relation,PeriodeOuvertures,vendrediheurefin2,Edm.Time,True,False,0,0,0,0
transport,relation,Photos,Datedefindutilisation,Edm.DateTime,True,True,94,0,94,0.0
transport,relation,Photos,ID,Edm.Int64,True,True,94,94,0,100.0
transport,relation,Photos,Licencecreativecommons,Edm.Boolean,True,True,94,0,94,0.0
transport,relation,Photos,Ordre,Edm.Int64,True,True,94,94,0,100.0
transport,relation,Photos,Photo.Credit,Edm.String,True,True,94,94,0,100.0
transport,relation,Photos,Photo.MediaID,Edm.Guid,True,True,94,94,0,100.0
transport,relation,Photos,Photo.Titre,Edm.String,True,True,94,94,0,100.0
transport,relation,Photos,Photo.Url,Edm.String,True,True,94,94,0,100.0
transport,relation,Photos,SyndicObjectId,Edm.String,True,True,94,94,0,100.0
transport,relation,PrestationProximites,ID,Edm.Int64,True,False,0,0,0,0
transport,relation,PrestationProximites,Ordre,Edm.Int64,True,False,0,0,0,0
transport,relation,PrestationProximites,SyndicObjectId,Edm.String,True,False,0,0,0,0
transport,relation,PrestationProximites,ThesCode,Edm.String,True,False,0,0,0,0
transport,relation,PrestationProximites,ThesID,Edm.Guid,True,False,0,0,0,0
transport,relation,PrestationProximites,ThesLibelle,Edm.String,True,False,0,0,0,0
transport,relation,PrestationProximites,ThesOrdre,Edm.Int32,True,False,0,0,0,0
transport,relation,PrestationProximites,ThesPicto,Edm.String,True,False,0,0,0,0
transport,relation,PrestationsEquipementss,ID,Edm.Int64,True,True,3,3,0,100.0
transport,relation,PrestationsEquipementss,Ordre,Edm.Int64,True,True,3,3,0,100.0
transport,relation,PrestationsEquipementss,SyndicObjectId,Edm.String,True,True,3,3,0,100.0
transport,relation,PrestationsEquipementss,ThesCode,Edm.String,True,True,3,3,0,100.0
transport,relation,PrestationsEquipementss,ThesID,Edm.Guid,True,True,3,3,0,100.0
transport,relation,PrestationsEquipementss,ThesLibelle,Edm.String,True,True,3,3,0,100.0
transport,relation,PrestationsEquipementss,ThesOrdre,Edm.Int64,True,True,3,3,0,100.0
transport,relation,PrestationsEquipementss,ThesPicto,Edm.String,True,True,3,0,3,0.0
transport,relation,Reservations,ID,Edm.Int64,True,True,1,1,0,100.0
transport,relation,Reservations,Lien,Edm.String,True,True,1,1,0,100.0
transport,relation,Reservations,Listeplateforme.ThesCode,Edm.String,True,True,1,1,0,100.0
transport,relation,Reservations,Listeplateforme.ThesID,Edm.Guid,True,True,1,1,0,100.0
transport,relation,Reservations,Listeplateforme.ThesLibelle,Edm.String,True,True,1,1,0,100.0
transport,relation,Reservations,Listeplateforme.ThesOrdre,Edm.Int32,True,True,1,1,0,100.0
transport,relation,Reservations,Listeplateforme.ThesPicto,Edm.String,True,True,1,0,1,0.0
transport,relation,Reservations,Ordre,Edm.Int64,True,True,1,1,0,100.0
transport,relation,Reservations,SyndicObjectId,Edm.String,True,True,1,1,0,100.0
transport,relation,Structure,Address1,Edm.String,True,True,18,18,0,100.0
transport,relation,Structure,Address2,Edm.String,True,True,18,0,18,0.0
transport,relation,Structure,Address3,Edm.String,True,True,18,0,18,0.0
transport,relation,Structure,City,Edm.String,True,True,18,18,0,100.0
transport,relation,Structure,Country,Edm.String,True,True,18,0,18,0.0
transport,relation,Structure,Email,Edm.String,True,True,18,18,0,100.0
transport,relation,Structure,EmailName,Edm.String,True,True,18,0,18,0.0
transport,relation,Structure,Name,Edm.String,True,True,18,18,0,100.0
transport,relation,Structure,Phone,Edm.String,True,True,18,0,18,0.0
transport,relation,Structure,Postcode,Edm.String,True,True,18,18,0,100.0
transport,relation,Structure,SyndicStructureId,Edm.Guid,True,True,18,18,0,100.0
transport,relation,Structure,Url,Edm.String,True,True,18,0,18,0.0
transport,relation,Tarifs,Capacites,Edm.Double,True,True,2,0,2,0.0
transport,relation,Tarifs,complementtarifs,Edm.String,True,True,2,0,2,0.0
transport,relation,Tarifs,Datedebutaffichage,Edm.DateTime,True,True,2,1,1,50.0
transport,relation,Tarifs,Datedebutvalidite,Edm.DateTime,True,True,2,0,2,0.0
transport,relation,Tarifs,Datefinaffichage,Edm.DateTime,True,True,2,0,2,0.0
transport,relation,Tarifs,Datefinvalidite,Edm.DateTime,True,True,2,0,2,0.0
transport,relation,Tarifs,ID,Edm.Int64,True,True,2,2,0,100.0
transport,relation,Tarifs,IntituleTarifs,TourInSoft.V5.Syndication.Syndication_FSTRANSPORTOTISud_06FE61F16E764FECA6567B8D83216608.ListeComplexType,False,True,1,0,1,0.0
transport,relation,Tarifs,IntituleTarifs.ThesCode,Edm.String,True,True,1,1,0,100.0
transport,relation,Tarifs,IntituleTarifs.ThesID,Edm.Guid,True,True,1,1,0,100.0
transport,relation,Tarifs,IntituleTarifs.ThesLibelle,Edm.String,True,True,1,1,0,100.0
transport,relation,Tarifs,IntituleTarifs.ThesOrdre,Edm.Int32,True,True,1,1,0,100.0
transport,relation,Tarifs,IntituleTarifs.ThesPicto,Edm.String,True,True,1,0,1,0.0
transport,relation,Tarifs,MaximumEuro,Edm.Decimal,True,True,2,1,1,50.0
transport,relation,Tarifs,MinimumEuro,Edm.Decimal,True,True,2,2,0,100.0
transport,relation,Tarifs,Nom,Edm.String,True,True,2,0,2,0.0
transport,relation,Tarifs,Ordre,Edm.Int64,True,True,2,2,0,100.0
transport,relation,Tarifs,Saisonnalite,TourInSoft.V5.Syndication.Syndication_FSTRANSPORTOTISud_06FE61F16E764FECA6567B8D83216608.ListeComplexType,False,True,2,0,2,0.0
transport,relation,Tarifs,Saisonnalite.ThesCode,Edm.String,True,False,0,0,0,0
transport,relation,Tarifs,Saisonnalite.ThesID,Edm.Guid,True,False,0,0,0,0
transport,relation,Tarifs,Saisonnalite.ThesLibelle,Edm.String,True,False,0,0,0,0
transport,relation,Tarifs,Saisonnalite.ThesOrdre,Edm.Int32,True,False,0,0,0,0
transport,relation,Tarifs,Saisonnalite.ThesPicto,Edm.String,True,False,0,0,0,0
transport,relation,Tarifs,SyndicObjectId,Edm.String,True,True,2,2,0,100.0
transport,relation,Thematiques,ID,Edm.Int64,True,False,0,0,0,0
transport,relation,Thematiques,Ordre,Edm.Int64,True,False,0,0,0,0
transport,relation,Thematiques,SyndicObjectId,Edm.String,True,False,0,0,0,0
transport,relation,Thematiques,ThesCode,Edm.String,True,False,0,0,0,0
transport,relation,Thematiques,ThesID,Edm.Guid,True,False,0,0,0,0
transport,relation,Thematiques,ThesLibelle,Edm.String,True,False,0,0,0,0
transport,relation,Thematiques,ThesOrdre,Edm.Int32,True,False,0,0,0,0
transport,relation,Thematiques,ThesPicto,Edm.String,True,False,0,0,0,0
transport,relation,TisTracking,CodeOffre,Edm.String,True,True,18,18,0,100.0
transport,relation,TisTracking,CodeStructure,Edm.String,True,True,18,18,0,100.0
transport,relation,TisTracking,CodeSyndication,Edm.String,True,True,18,18,0,100.0
transport,relation,TisTracking,SyndicObjectId,Edm.String,True,True,18,18,0,100.0
transport,relation,Transporteurcertifies,Expertaccrediteprestationliee,Edm.String,True,False,0,0,0,0
transport,relation,Transporteurcertifies,ID,Edm.Int64,True,False,0,0,0,0
transport,relation,Transporteurcertifies,Ordre,Edm.Int64,True,False,0,0,0,0
transport,relation,Transporteurcertifies,SyndicObjectId,Edm.String,True,False,0,0,0,0
transport,relation,Typeequipements,ID,Edm.Int64,True,True,18,18,0,100.0
transport,relation,Typeequipements,Ordre,Edm.Int64,True,True,18,18,0,100.0
transport,relation,Typeequipements,SyndicObjectId,Edm.String,True,True,18,18,0,100.0
transport,relation,Typeequipements,Typedactivite.ThesCode,Edm.String,True,True,18,18,0,100.0
transport,relation,Typeequipements,Typedactivite.ThesID,Edm.Guid,True,True,18,18,0,100.0
transport,relation,Typeequipements,Typedactivite.ThesLibelle,Edm.String,True,True,18,18,0,100.0
transport,relation,Typeequipements,Typedactivite.ThesOrdre,Edm.Int32,True,True,18,18,0,100.0
transport,relation,Typeequipements,Typedactivite.ThesPicto,Edm.String,True,True,18,0,18,0.0
transport,relation,Videos,ID,Edm.Int64,True,False,0,0,0,0
transport,relation,Videos,IntegrerlavideosursonsitecopiercollerdeObjetouembedYoutubeouDailymotion,Edm.String,True,False,0,0,0,0
transport,relation,Videos,Licencecreativecommons,Edm.Boolean,True,False,0,0,0,0
transport,relation,Videos,Ordre,Edm.Int64,True,False,0,0,0,0
transport,relation,Videos,SyndicObjectId,Edm.String,True,False,0,0,0,0
transport,relation,Videos,URLvideo,Edm.String,True,False,0,0,0,0
